<?xml version="1.0" encoding="UTF-8"?>
<gpx xmlns="http://www.topografix.com/GPX/1/1" xmlns:gpxtpx="http://www.garmin.com/xmlschemas/TrackPointExtension/v1" xmlns:xsi="http://www.w3.org/2001/XMLSchema-instance" xsi:schemaLocation="http://www.topografix.com/GPX/1/1 http://www.topografix.com/GPX/1/1/gpx.xsd" version="1.1" creator="gpx.py -- https://github.com/tkrajina/gpxpy">
  <trk>
    <name>gpx from keep</name>
    <type>Run</type>
    <trkseg>
      <trkpt lat="36.12085927509949" lon="120.3741596986011">
        <ele>41.6</ele>
        <time>2026-07-31T22:22:46Z</time>
        <extensions>
          <gpxtpx:TrackPointExtension>
            <gpxtpx:hr>92</gpxtpx:hr>
          </gpxtpx:TrackPointExtension>
        </extensions>
      </trkpt>
      <trkpt lat="36.12085927509949" lon="120.3741596986011">
        <ele>41.6</ele>
        <time>2026-07-31T22:22:47Z</time>
        <extensions>
          <gpxtpx:TrackPointExtension>
            <gpxtpx:hr>92</gpxtpx:hr>
          </gpxtpx:TrackPointExtension>
        </extensions>
      </trkpt>
      <trkpt lat="36.12085927509949" lon="120.3741596986011">
        <ele>41.6</ele>
        <time>2026-07-31T22:22:48Z</time>
        <extensions>
          <gpxtpx:TrackPointExtension>
            <gpxtpx:hr>92</gpxtpx:hr>
          </gpxtpx:TrackPointExtension>
        </extensions>
      </trkpt>
      <trkpt lat="36.12085927509949" lon="120.3741596986011">
        <ele>41.6</ele>
        <time>2026-07-31T22:22:49Z</time>
        <extensions>
          <gpxtpx:TrackPointExtension>
            <gpxtpx:hr>92</gpxtpx:hr>
          </gpxtpx:TrackPointExtension>
        </extensions>
      </trkpt>
      <trkpt lat="36.12085927509949" lon="120.3741596986011">
        <ele>41.6</ele>
        <time>2026-07-31T22:22:50Z</time>
        <extensions>
          <gpxtpx:TrackPointExtension>
            <gpxtpx:hr>92</gpxtpx:hr>
          </gpxtpx:TrackPointExtension>
        </extensions>
      </trkpt>
      <trkpt lat="36.12085927509949" lon="120.3741596986011">
        <ele>41.6</ele>
        <time>2026-07-31T22:22:51Z</time>
        <extensions>
          <gpxtpx:TrackPointExtension>
            <gpxtpx:hr>89</gpxtpx:hr>
          </gpxtpx:TrackPointExtension>
        </extensions>
      </trkpt>
      <trkpt lat="36.12085927509949" lon="120.3741596986011">
        <ele>41.6</ele>
        <time>2026-07-31T22:22:52Z</time>
        <extensions>
          <gpxtpx:TrackPointExtension>
            <gpxtpx:hr>89</gpxtpx:hr>
          </gpxtpx:TrackPointExtension>
        </extensions>
      </trkpt>
      <trkpt lat="36.12086027392907" lon="120.37416069796946">
        <ele>41.6</ele>
        <time>2026-07-31T22:22:53Z</time>
        <extensions>
          <gpxtpx:TrackPointExtension>
            <gpxtpx:hr>89</gpxtpx:hr>
          </gpxtpx:TrackPointExtension>
        </extensions>
      </trkpt>
      <trkpt lat="36.12085926665943" lon="120.37416869385775">
        <ele>41.6</ele>
        <time>2026-07-31T22:22:54Z</time>
        <extensions>
          <gpxtpx:TrackPointExtension>
            <gpxtpx:hr>89</gpxtpx:hr>
          </gpxtpx:TrackPointExtension>
        </extensions>
      </trkpt>
      <trkpt lat="36.12085525540335" lon="120.37418168743011">
        <ele>41.6</ele>
        <time>2026-07-31T22:22:55Z</time>
        <extensions>
          <gpxtpx:TrackPointExtension>
            <gpxtpx:hr>89</gpxtpx:hr>
          </gpxtpx:TrackPointExtension>
        </extensions>
      </trkpt>
      <trkpt lat="36.120847238527325" lon="120.37420167774832">
        <ele>42.3</ele>
        <time>2026-07-31T22:22:56Z</time>
        <extensions>
          <gpxtpx:TrackPointExtension>
            <gpxtpx:hr>95</gpxtpx:hr>
          </gpxtpx:TrackPointExtension>
        </extensions>
      </trkpt>
      <trkpt lat="36.12083822189812" lon="120.37422166818803">
        <ele>42.3</ele>
        <time>2026-07-31T22:22:57Z</time>
        <extensions>
          <gpxtpx:TrackPointExtension>
            <gpxtpx:hr>95</gpxtpx:hr>
          </gpxtpx:TrackPointExtension>
        </extensions>
      </trkpt>
      <trkpt lat="36.12082920995872" lon="120.374236661264">
        <ele>42.3</ele>
        <time>2026-07-31T22:22:58Z</time>
        <extensions>
          <gpxtpx:TrackPointExtension>
            <gpxtpx:hr>95</gpxtpx:hr>
          </gpxtpx:TrackPointExtension>
        </extensions>
      </trkpt>
      <trkpt lat="36.12081819475404" lon="120.37425565246558">
        <ele>42.3</ele>
        <time>2026-07-31T22:22:59Z</time>
        <extensions>
          <gpxtpx:TrackPointExtension>
            <gpxtpx:hr>95</gpxtpx:hr>
          </gpxtpx:TrackPointExtension>
        </extensions>
      </trkpt>
      <trkpt lat="36.120810180732526" lon="120.37427264441396">
        <ele>42.3</ele>
        <time>2026-07-31T22:23:00Z</time>
        <extensions>
          <gpxtpx:TrackPointExtension>
            <gpxtpx:hr>95</gpxtpx:hr>
          </gpxtpx:TrackPointExtension>
        </extensions>
      </trkpt>
      <trkpt lat="36.12079014898757" lon="120.37431162616123">
        <ele>42.3</ele>
        <time>2026-07-31T22:23:02Z</time>
        <extensions>
          <gpxtpx:TrackPointExtension>
            <gpxtpx:hr>104</gpxtpx:hr>
          </gpxtpx:TrackPointExtension>
        </extensions>
      </trkpt>
      <trkpt lat="36.12077913476574" lon="120.3743296179436">
        <ele>42.3</ele>
        <time>2026-07-31T22:23:03Z</time>
        <extensions>
          <gpxtpx:TrackPointExtension>
            <gpxtpx:hr>104</gpxtpx:hr>
          </gpxtpx:TrackPointExtension>
        </extensions>
      </trkpt>
      <trkpt lat="36.12075510403034" lon="120.3743686002036">
        <ele>42.3</ele>
        <time>2026-07-31T22:23:05Z</time>
        <extensions>
          <gpxtpx:TrackPointExtension>
            <gpxtpx:hr>104</gpxtpx:hr>
          </gpxtpx:TrackPointExtension>
        </extensions>
      </trkpt>
      <trkpt lat="36.12074308635881" lon="120.37439059006438">
        <ele>42.4</ele>
        <time>2026-07-31T22:23:06Z</time>
        <extensions>
          <gpxtpx:TrackPointExtension>
            <gpxtpx:hr>109</gpxtpx:hr>
          </gpxtpx:TrackPointExtension>
        </extensions>
      </trkpt>
      <trkpt lat="36.120733064524465" lon="120.3744165776716">
        <ele>42.4</ele>
        <time>2026-07-31T22:23:07Z</time>
        <extensions>
          <gpxtpx:TrackPointExtension>
            <gpxtpx:hr>109</gpxtpx:hr>
          </gpxtpx:TrackPointExtension>
        </extensions>
      </trkpt>
      <trkpt lat="36.120724036915796" lon="120.37444856211313">
        <ele>42.4</ele>
        <time>2026-07-31T22:23:08Z</time>
        <extensions>
          <gpxtpx:TrackPointExtension>
            <gpxtpx:hr>109</gpxtpx:hr>
          </gpxtpx:TrackPointExtension>
        </extensions>
      </trkpt>
      <trkpt lat="36.12071400957639" lon="120.3744805467029">
        <ele>42.4</ele>
        <time>2026-07-31T22:23:09Z</time>
        <extensions>
          <gpxtpx:TrackPointExtension>
            <gpxtpx:hr>109</gpxtpx:hr>
          </gpxtpx:TrackPointExtension>
        </extensions>
      </trkpt>
      <trkpt lat="36.12070098297119" lon="120.37451253164987">
        <ele>42.4</ele>
        <time>2026-07-31T22:23:10Z</time>
        <extensions>
          <gpxtpx:TrackPointExtension>
            <gpxtpx:hr>109</gpxtpx:hr>
          </gpxtpx:TrackPointExtension>
        </extensions>
      </trkpt>
      <trkpt lat="36.12069095662954" lon="120.37454351683814">
        <ele>42.4</ele>
        <time>2026-07-31T22:23:11Z</time>
        <extensions>
          <gpxtpx:TrackPointExtension>
            <gpxtpx:hr>113</gpxtpx:hr>
          </gpxtpx:TrackPointExtension>
        </extensions>
      </trkpt>
      <trkpt lat="36.12067993055492" lon="120.37457450217201">
        <ele>42.4</ele>
        <time>2026-07-31T22:23:12Z</time>
        <extensions>
          <gpxtpx:TrackPointExtension>
            <gpxtpx:hr>113</gpxtpx:hr>
          </gpxtpx:TrackPointExtension>
        </extensions>
      </trkpt>
      <trkpt lat="36.12067590288761" lon="120.37460548681594">
        <ele>42.4</ele>
        <time>2026-07-31T22:23:13Z</time>
        <extensions>
          <gpxtpx:TrackPointExtension>
            <gpxtpx:hr>113</gpxtpx:hr>
          </gpxtpx:TrackPointExtension>
        </extensions>
      </trkpt>
      <trkpt lat="36.120665877570545" lon="120.37463547263462">
        <ele>42.4</ele>
        <time>2026-07-31T22:23:14Z</time>
        <extensions>
          <gpxtpx:TrackPointExtension>
            <gpxtpx:hr>113</gpxtpx:hr>
          </gpxtpx:TrackPointExtension>
        </extensions>
      </trkpt>
      <trkpt lat="36.12065985135603" lon="120.3746654580741">
        <ele>42.4</ele>
        <time>2026-07-31T22:23:15Z</time>
        <extensions>
          <gpxtpx:TrackPointExtension>
            <gpxtpx:hr>113</gpxtpx:hr>
          </gpxtpx:TrackPointExtension>
        </extensions>
      </trkpt>
      <trkpt lat="36.120651826557584" lon="120.37469444426544">
        <ele>43.2</ele>
        <time>2026-07-31T22:23:16Z</time>
        <extensions>
          <gpxtpx:TrackPointExtension>
            <gpxtpx:hr>116</gpxtpx:hr>
          </gpxtpx:TrackPointExtension>
        </extensions>
      </trkpt>
      <trkpt lat="36.120644803392416" lon="120.37472143139475">
        <ele>43.2</ele>
        <time>2026-07-31T22:23:17Z</time>
        <extensions>
          <gpxtpx:TrackPointExtension>
            <gpxtpx:hr>116</gpxtpx:hr>
          </gpxtpx:TrackPointExtension>
        </extensions>
      </trkpt>
      <trkpt lat="36.12063078004728" lon="120.37475041828252">
        <ele>43.2</ele>
        <time>2026-07-31T22:23:18Z</time>
        <extensions>
          <gpxtpx:TrackPointExtension>
            <gpxtpx:hr>116</gpxtpx:hr>
          </gpxtpx:TrackPointExtension>
        </extensions>
      </trkpt>
      <trkpt lat="36.12061073616183" lon="120.3748033938287">
        <ele>43.2</ele>
        <time>2026-07-31T22:23:20Z</time>
        <extensions>
          <gpxtpx:TrackPointExtension>
            <gpxtpx:hr>116</gpxtpx:hr>
          </gpxtpx:TrackPointExtension>
        </extensions>
      </trkpt>
      <trkpt lat="36.12059770992894" lon="120.37483537921916">
        <ele>43.2</ele>
        <time>2026-07-31T22:23:21Z</time>
        <extensions>
          <gpxtpx:TrackPointExtension>
            <gpxtpx:hr>121</gpxtpx:hr>
          </gpxtpx:TrackPointExtension>
        </extensions>
      </trkpt>
      <trkpt lat="36.120574656876734" lon="120.37489934981889">
        <ele>43.2</ele>
        <time>2026-07-31T22:23:23Z</time>
        <extensions>
          <gpxtpx:TrackPointExtension>
            <gpxtpx:hr>121</gpxtpx:hr>
          </gpxtpx:TrackPointExtension>
        </extensions>
      </trkpt>
      <trkpt lat="36.12056562982502" lon="120.37493133492374">
        <ele>43.2</ele>
        <time>2026-07-31T22:23:24Z</time>
        <extensions>
          <gpxtpx:TrackPointExtension>
            <gpxtpx:hr>121</gpxtpx:hr>
          </gpxtpx:TrackPointExtension>
        </extensions>
      </trkpt>
      <trkpt lat="36.12055860416353" lon="120.37496132084947">
        <ele>43.2</ele>
        <time>2026-07-31T22:23:25Z</time>
        <extensions>
          <gpxtpx:TrackPointExtension>
            <gpxtpx:hr>121</gpxtpx:hr>
          </gpxtpx:TrackPointExtension>
        </extensions>
      </trkpt>
      <trkpt lat="36.120551579442605" lon="120.37499030730555">
        <ele>44.8</ele>
        <time>2026-07-31T22:23:26Z</time>
        <extensions>
          <gpxtpx:TrackPointExtension>
            <gpxtpx:hr>124</gpxtpx:hr>
          </gpxtpx:TrackPointExtension>
        </extensions>
      </trkpt>
      <trkpt lat="36.1205475540548" lon="120.37501929348454">
        <ele>44.8</ele>
        <time>2026-07-31T22:23:27Z</time>
        <extensions>
          <gpxtpx:TrackPointExtension>
            <gpxtpx:hr>124</gpxtpx:hr>
          </gpxtpx:TrackPointExtension>
        </extensions>
      </trkpt>
      <trkpt lat="36.1205395441267" lon="120.37503228794901">
        <ele>44.8</ele>
        <time>2026-07-31T22:23:28Z</time>
        <extensions>
          <gpxtpx:TrackPointExtension>
            <gpxtpx:hr>124</gpxtpx:hr>
          </gpxtpx:TrackPointExtension>
        </extensions>
      </trkpt>
      <trkpt lat="36.12052653083718" lon="120.37505028049733">
        <ele>44.8</ele>
        <time>2026-07-31T22:23:29Z</time>
        <extensions>
          <gpxtpx:TrackPointExtension>
            <gpxtpx:hr>124</gpxtpx:hr>
          </gpxtpx:TrackPointExtension>
        </extensions>
      </trkpt>
      <trkpt lat="36.12051350579481" lon="120.37508126671598">
        <ele>44.8</ele>
        <time>2026-07-31T22:23:30Z</time>
        <extensions>
          <gpxtpx:TrackPointExtension>
            <gpxtpx:hr>124</gpxtpx:hr>
          </gpxtpx:TrackPointExtension>
        </extensions>
      </trkpt>
      <trkpt lat="36.12051047755929" lon="120.37511325144524">
        <ele>44.8</ele>
        <time>2026-07-31T22:23:31Z</time>
        <extensions>
          <gpxtpx:TrackPointExtension>
            <gpxtpx:hr>118</gpxtpx:hr>
          </gpxtpx:TrackPointExtension>
        </extensions>
      </trkpt>
      <trkpt lat="36.120510444151996" lon="120.37515023348125">
        <ele>44.8</ele>
        <time>2026-07-31T22:23:32Z</time>
        <extensions>
          <gpxtpx:TrackPointExtension>
            <gpxtpx:hr>118</gpxtpx:hr>
          </gpxtpx:TrackPointExtension>
        </extensions>
      </trkpt>
      <trkpt lat="36.120500418524706" lon="120.37518121952041">
        <ele>44.8</ele>
        <time>2026-07-31T22:23:33Z</time>
        <extensions>
          <gpxtpx:TrackPointExtension>
            <gpxtpx:hr>118</gpxtpx:hr>
          </gpxtpx:TrackPointExtension>
        </extensions>
      </trkpt>
      <trkpt lat="36.120495390870154" lon="120.37521320459682">
        <ele>44.8</ele>
        <time>2026-07-31T22:23:34Z</time>
        <extensions>
          <gpxtpx:TrackPointExtension>
            <gpxtpx:hr>118</gpxtpx:hr>
          </gpxtpx:TrackPointExtension>
        </extensions>
      </trkpt>
      <trkpt lat="36.120479373000954" lon="120.37523719471274">
        <ele>44.8</ele>
        <time>2026-07-31T22:23:35Z</time>
        <extensions>
          <gpxtpx:TrackPointExtension>
            <gpxtpx:hr>118</gpxtpx:hr>
          </gpxtpx:TrackPointExtension>
        </extensions>
      </trkpt>
      <trkpt lat="36.120470352627436" lon="120.3752621836425">
        <ele>45.0</ele>
        <time>2026-07-31T22:23:36Z</time>
        <extensions>
          <gpxtpx:TrackPointExtension>
            <gpxtpx:hr>115</gpxtpx:hr>
          </gpxtpx:TrackPointExtension>
        </extensions>
      </trkpt>
      <trkpt lat="36.12042234044398" lon="120.37528817619423">
        <ele>45.0</ele>
        <time>2026-07-31T22:23:38Z</time>
        <extensions>
          <gpxtpx:TrackPointExtension>
            <gpxtpx:hr>115</gpxtpx:hr>
          </gpxtpx:TrackPointExtension>
        </extensions>
      </trkpt>
      <trkpt lat="36.12039733997486" lon="120.3752951754554">
        <ele>45.0</ele>
        <time>2026-07-31T22:23:39Z</time>
        <extensions>
          <gpxtpx:TrackPointExtension>
            <gpxtpx:hr>115</gpxtpx:hr>
          </gpxtpx:TrackPointExtension>
        </extensions>
      </trkpt>
      <trkpt lat="36.12035534973624" lon="120.37529517984244">
        <ele>45.0</ele>
        <time>2026-07-31T22:23:41Z</time>
        <extensions>
          <gpxtpx:TrackPointExtension>
            <gpxtpx:hr>118</gpxtpx:hr>
          </gpxtpx:TrackPointExtension>
        </extensions>
      </trkpt>
      <trkpt lat="36.120337348538484" lon="120.37530117885271">
        <ele>45.0</ele>
        <time>2026-07-31T22:23:42Z</time>
        <extensions>
          <gpxtpx:TrackPointExtension>
            <gpxtpx:hr>118</gpxtpx:hr>
          </gpxtpx:TrackPointExtension>
        </extensions>
      </trkpt>
      <trkpt lat="36.12030734564863" lon="120.37531217672891">
        <ele>45.0</ele>
        <time>2026-07-31T22:23:43Z</time>
        <extensions>
          <gpxtpx:TrackPointExtension>
            <gpxtpx:hr>118</gpxtpx:hr>
          </gpxtpx:TrackPointExtension>
        </extensions>
      </trkpt>
      <trkpt lat="36.1202823451851" lon="120.37531917599736">
        <ele>45.0</ele>
        <time>2026-07-31T22:23:44Z</time>
        <extensions>
          <gpxtpx:TrackPointExtension>
            <gpxtpx:hr>118</gpxtpx:hr>
          </gpxtpx:TrackPointExtension>
        </extensions>
      </trkpt>
      <trkpt lat="36.12026434309649" lon="120.37532617453675">
        <ele>45.0</ele>
        <time>2026-07-31T22:23:45Z</time>
        <extensions>
          <gpxtpx:TrackPointExtension>
            <gpxtpx:hr>118</gpxtpx:hr>
          </gpxtpx:TrackPointExtension>
        </extensions>
      </trkpt>
      <trkpt lat="36.120244342369986" lon="120.375332173764">
        <ele>46.2</ele>
        <time>2026-07-31T22:23:46Z</time>
        <extensions>
          <gpxtpx:TrackPointExtension>
            <gpxtpx:hr>120</gpxtpx:hr>
          </gpxtpx:TrackPointExtension>
        </extensions>
      </trkpt>
      <trkpt lat="36.120220339888235" lon="120.37534117198105">
        <ele>46.2</ele>
        <time>2026-07-31T22:23:47Z</time>
        <extensions>
          <gpxtpx:TrackPointExtension>
            <gpxtpx:hr>120</gpxtpx:hr>
          </gpxtpx:TrackPointExtension>
        </extensions>
      </trkpt>
      <trkpt lat="36.12019833425984" lon="120.37535316856474">
        <ele>46.2</ele>
        <time>2026-07-31T22:23:48Z</time>
        <extensions>
          <gpxtpx:TrackPointExtension>
            <gpxtpx:hr>120</gpxtpx:hr>
          </gpxtpx:TrackPointExtension>
        </extensions>
      </trkpt>
      <trkpt lat="36.12017532976341" lon="120.37536416573455">
        <ele>46.2</ele>
        <time>2026-07-31T22:23:49Z</time>
        <extensions>
          <gpxtpx:TrackPointExtension>
            <gpxtpx:hr>120</gpxtpx:hr>
          </gpxtpx:TrackPointExtension>
        </extensions>
      </trkpt>
      <trkpt lat="36.12015032931254" lon="120.37537116501876">
        <ele>46.2</ele>
        <time>2026-07-31T22:23:50Z</time>
        <extensions>
          <gpxtpx:TrackPointExtension>
            <gpxtpx:hr>120</gpxtpx:hr>
          </gpxtpx:TrackPointExtension>
        </extensions>
      </trkpt>
      <trkpt lat="36.12013132478746" lon="120.37538116225403">
        <ele>46.2</ele>
        <time>2026-07-31T22:23:51Z</time>
        <extensions>
          <gpxtpx:TrackPointExtension>
            <gpxtpx:hr>124</gpxtpx:hr>
          </gpxtpx:TrackPointExtension>
        </extensions>
      </trkpt>
      <trkpt lat="36.12011232294652" lon="120.37538816091669">
        <ele>46.2</ele>
        <time>2026-07-31T22:23:52Z</time>
        <extensions>
          <gpxtpx:TrackPointExtension>
            <gpxtpx:hr>124</gpxtpx:hr>
          </gpxtpx:TrackPointExtension>
        </extensions>
      </trkpt>
      <trkpt lat="36.12008632094727" lon="120.37539715936448">
        <ele>46.2</ele>
        <time>2026-07-31T22:23:53Z</time>
        <extensions>
          <gpxtpx:TrackPointExtension>
            <gpxtpx:hr>124</gpxtpx:hr>
          </gpxtpx:TrackPointExtension>
        </extensions>
      </trkpt>
      <trkpt lat="36.12005731875503" lon="120.37540715765556">
        <ele>46.2</ele>
        <time>2026-07-31T22:23:54Z</time>
        <extensions>
          <gpxtpx:TrackPointExtension>
            <gpxtpx:hr>124</gpxtpx:hr>
          </gpxtpx:TrackPointExtension>
        </extensions>
      </trkpt>
      <trkpt lat="36.120009304921425" lon="120.37543514942581">
        <ele>45.6</ele>
        <time>2026-07-31T22:23:56Z</time>
        <extensions>
          <gpxtpx:TrackPointExtension>
            <gpxtpx:hr>127</gpxtpx:hr>
          </gpxtpx:TrackPointExtension>
        </extensions>
      </trkpt>
      <trkpt lat="36.119987293985346" lon="120.37545314322806">
        <ele>45.6</ele>
        <time>2026-07-31T22:23:57Z</time>
        <extensions>
          <gpxtpx:TrackPointExtension>
            <gpxtpx:hr>127</gpxtpx:hr>
          </gpxtpx:TrackPointExtension>
        </extensions>
      </trkpt>
      <trkpt lat="36.11995327249483" lon="120.3754861312405">
        <ele>45.6</ele>
        <time>2026-07-31T22:23:59Z</time>
        <extensions>
          <gpxtpx:TrackPointExtension>
            <gpxtpx:hr>127</gpxtpx:hr>
          </gpxtpx:TrackPointExtension>
        </extensions>
      </trkpt>
      <trkpt lat="36.119933262016694" lon="120.37550312534309">
        <ele>45.6</ele>
        <time>2026-07-31T22:24:00Z</time>
        <extensions>
          <gpxtpx:TrackPointExtension>
            <gpxtpx:hr>127</gpxtpx:hr>
          </gpxtpx:TrackPointExtension>
        </extensions>
      </trkpt>
      <trkpt lat="36.11991925193264" lon="120.37551811976897">
        <ele>45.6</ele>
        <time>2026-07-31T22:24:01Z</time>
        <extensions>
          <gpxtpx:TrackPointExtension>
            <gpxtpx:hr>126</gpxtpx:hr>
          </gpxtpx:TrackPointExtension>
        </extensions>
      </trkpt>
      <trkpt lat="36.119907239615564" lon="120.37553511305957">
        <ele>45.6</ele>
        <time>2026-07-31T22:24:02Z</time>
        <extensions>
          <gpxtpx:TrackPointExtension>
            <gpxtpx:hr>126</gpxtpx:hr>
          </gpxtpx:TrackPointExtension>
        </extensions>
      </trkpt>
      <trkpt lat="36.11989622263913" lon="120.37555710392232">
        <ele>45.6</ele>
        <time>2026-07-31T22:24:03Z</time>
        <extensions>
          <gpxtpx:TrackPointExtension>
            <gpxtpx:hr>126</gpxtpx:hr>
          </gpxtpx:TrackPointExtension>
        </extensions>
      </trkpt>
      <trkpt lat="36.11989419827033" lon="120.37558509107009">
        <ele>45.6</ele>
        <time>2026-07-31T22:24:04Z</time>
        <extensions>
          <gpxtpx:TrackPointExtension>
            <gpxtpx:hr>126</gpxtpx:hr>
          </gpxtpx:TrackPointExtension>
        </extensions>
      </trkpt>
      <trkpt lat="36.11988718129031" lon="120.37560608202776">
        <ele>45.6</ele>
        <time>2026-07-31T22:24:05Z</time>
        <extensions>
          <gpxtpx:TrackPointExtension>
            <gpxtpx:hr>126</gpxtpx:hr>
          </gpxtpx:TrackPointExtension>
        </extensions>
      </trkpt>
      <trkpt lat="36.119868136166374" lon="120.37566205804345">
        <ele>45.5</ele>
        <time>2026-07-31T22:24:07Z</time>
        <extensions>
          <gpxtpx:TrackPointExtension>
            <gpxtpx:hr>127</gpxtpx:hr>
          </gpxtpx:TrackPointExtension>
        </extensions>
      </trkpt>
      <trkpt lat="36.119867109025066" lon="120.37569304383092">
        <ele>45.5</ele>
        <time>2026-07-31T22:24:08Z</time>
        <extensions>
          <gpxtpx:TrackPointExtension>
            <gpxtpx:hr>127</gpxtpx:hr>
          </gpxtpx:TrackPointExtension>
        </extensions>
      </trkpt>
      <trkpt lat="36.11985007242035" lon="120.37573902443916">
        <ele>45.5</ele>
        <time>2026-07-31T22:24:10Z</time>
        <extensions>
          <gpxtpx:TrackPointExtension>
            <gpxtpx:hr>127</gpxtpx:hr>
          </gpxtpx:TrackPointExtension>
        </extensions>
      </trkpt>
      <trkpt lat="36.11983103811585" lon="120.37578300626288">
        <ele>45.5</ele>
        <time>2026-07-31T22:24:12Z</time>
        <extensions>
          <gpxtpx:TrackPointExtension>
            <gpxtpx:hr>129</gpxtpx:hr>
          </gpxtpx:TrackPointExtension>
        </extensions>
      </trkpt>
      <trkpt lat="36.11979301268429" lon="120.37582199243278">
        <ele>45.5</ele>
        <time>2026-07-31T22:24:14Z</time>
        <extensions>
          <gpxtpx:TrackPointExtension>
            <gpxtpx:hr>129</gpxtpx:hr>
          </gpxtpx:TrackPointExtension>
        </extensions>
      </trkpt>
      <trkpt lat="36.11977100024772" lon="120.37584198562861">
        <ele>45.5</ele>
        <time>2026-07-31T22:24:15Z</time>
        <extensions>
          <gpxtpx:TrackPointExtension>
            <gpxtpx:hr>129</gpxtpx:hr>
          </gpxtpx:TrackPointExtension>
        </extensions>
      </trkpt>
      <trkpt lat="36.119716980368025" lon="120.37587897447617">
        <ele>45.6</ele>
        <time>2026-07-31T22:24:17Z</time>
        <extensions>
          <gpxtpx:TrackPointExtension>
            <gpxtpx:hr>130</gpxtpx:hr>
          </gpxtpx:TrackPointExtension>
        </extensions>
      </trkpt>
      <trkpt lat="36.11969194506046" lon="120.37592595584205">
        <ele>45.6</ele>
        <time>2026-07-31T22:24:19Z</time>
        <extensions>
          <gpxtpx:TrackPointExtension>
            <gpxtpx:hr>130</gpxtpx:hr>
          </gpxtpx:TrackPointExtension>
        </extensions>
      </trkpt>
      <trkpt lat="36.119689921942424" lon="120.37595294388973">
        <ele>45.6</ele>
        <time>2026-07-31T22:24:20Z</time>
        <extensions>
          <gpxtpx:TrackPointExtension>
            <gpxtpx:hr>130</gpxtpx:hr>
          </gpxtpx:TrackPointExtension>
        </extensions>
      </trkpt>
      <trkpt lat="36.11968989751462" lon="120.3759809313117">
        <ele>45.6</ele>
        <time>2026-07-31T22:24:21Z</time>
        <extensions>
          <gpxtpx:TrackPointExtension>
            <gpxtpx:hr>130</gpxtpx:hr>
          </gpxtpx:TrackPointExtension>
        </extensions>
      </trkpt>
      <trkpt lat="36.11969087375419" lon="120.37600791911089">
        <ele>45.6</ele>
        <time>2026-07-31T22:24:22Z</time>
        <extensions>
          <gpxtpx:TrackPointExtension>
            <gpxtpx:hr>130</gpxtpx:hr>
          </gpxtpx:TrackPointExtension>
        </extensions>
      </trkpt>
      <trkpt lat="36.119692852398146" lon="120.3760319081764">
        <ele>45.6</ele>
        <time>2026-07-31T22:24:23Z</time>
        <extensions>
          <gpxtpx:TrackPointExtension>
            <gpxtpx:hr>130</gpxtpx:hr>
          </gpxtpx:TrackPointExtension>
        </extensions>
      </trkpt>
      <trkpt lat="36.11969183176014" lon="120.37605589758046">
        <ele>45.6</ele>
        <time>2026-07-31T22:24:24Z</time>
        <extensions>
          <gpxtpx:TrackPointExtension>
            <gpxtpx:hr>130</gpxtpx:hr>
          </gpxtpx:TrackPointExtension>
        </extensions>
      </trkpt>
      <trkpt lat="36.11968881160787" lon="120.37607988721864">
        <ele>45.6</ele>
        <time>2026-07-31T22:24:25Z</time>
        <extensions>
          <gpxtpx:TrackPointExtension>
            <gpxtpx:hr>130</gpxtpx:hr>
          </gpxtpx:TrackPointExtension>
        </extensions>
      </trkpt>
      <trkpt lat="36.119690790315296" lon="120.37610387635972">
        <ele>45.2</ele>
        <time>2026-07-31T22:24:26Z</time>
        <extensions>
          <gpxtpx:TrackPointExtension>
            <gpxtpx:hr>129</gpxtpx:hr>
          </gpxtpx:TrackPointExtension>
        </extensions>
      </trkpt>
      <trkpt lat="36.11970277105394" lon="120.37612286669288">
        <ele>45.2</ele>
        <time>2026-07-31T22:24:27Z</time>
        <extensions>
          <gpxtpx:TrackPointExtension>
            <gpxtpx:hr>129</gpxtpx:hr>
          </gpxtpx:TrackPointExtension>
        </extensions>
      </trkpt>
      <trkpt lat="36.119705750432814" lon="120.37614585621604">
        <ele>45.2</ele>
        <time>2026-07-31T22:24:28Z</time>
        <extensions>
          <gpxtpx:TrackPointExtension>
            <gpxtpx:hr>129</gpxtpx:hr>
          </gpxtpx:TrackPointExtension>
        </extensions>
      </trkpt>
      <trkpt lat="36.11970672683601" lon="120.37617284421013">
        <ele>45.2</ele>
        <time>2026-07-31T22:24:29Z</time>
        <extensions>
          <gpxtpx:TrackPointExtension>
            <gpxtpx:hr>129</gpxtpx:hr>
          </gpxtpx:TrackPointExtension>
        </extensions>
      </trkpt>
      <trkpt lat="36.11970970539318" lon="120.3761968333445">
        <ele>45.2</ele>
        <time>2026-07-31T22:24:30Z</time>
        <extensions>
          <gpxtpx:TrackPointExtension>
            <gpxtpx:hr>129</gpxtpx:hr>
          </gpxtpx:TrackPointExtension>
        </extensions>
      </trkpt>
      <trkpt lat="36.11971966595339" lon="120.37623981345689">
        <ele>45.2</ele>
        <time>2026-07-31T22:24:32Z</time>
        <extensions>
          <gpxtpx:TrackPointExtension>
            <gpxtpx:hr>130</gpxtpx:hr>
          </gpxtpx:TrackPointExtension>
        </extensions>
      </trkpt>
      <trkpt lat="36.11972264284678" lon="120.37626580178939">
        <ele>45.2</ele>
        <time>2026-07-31T22:24:33Z</time>
        <extensions>
          <gpxtpx:TrackPointExtension>
            <gpxtpx:hr>130</gpxtpx:hr>
          </gpxtpx:TrackPointExtension>
        </extensions>
      </trkpt>
      <trkpt lat="36.11973260437606" lon="120.37630778246616">
        <ele>45.2</ele>
        <time>2026-07-31T22:24:35Z</time>
        <extensions>
          <gpxtpx:TrackPointExtension>
            <gpxtpx:hr>130</gpxtpx:hr>
          </gpxtpx:TrackPointExtension>
        </extensions>
      </trkpt>
      <trkpt lat="36.1197395855596" lon="120.37632777305804">
        <ele>45.2</ele>
        <time>2026-07-31T22:24:36Z</time>
        <extensions>
          <gpxtpx:TrackPointExtension>
            <gpxtpx:hr>130</gpxtpx:hr>
          </gpxtpx:TrackPointExtension>
        </extensions>
      </trkpt>
      <trkpt lat="36.11974256339548" lon="120.3763527619232">
        <ele>45.2</ele>
        <time>2026-07-31T22:24:37Z</time>
        <extensions>
          <gpxtpx:TrackPointExtension>
            <gpxtpx:hr>130</gpxtpx:hr>
          </gpxtpx:TrackPointExtension>
        </extensions>
      </trkpt>
      <trkpt lat="36.11974554554138" lon="120.37637275297243">
        <ele>45.2</ele>
        <time>2026-07-31T22:24:38Z</time>
        <extensions>
          <gpxtpx:TrackPointExtension>
            <gpxtpx:hr>130</gpxtpx:hr>
          </gpxtpx:TrackPointExtension>
        </extensions>
      </trkpt>
      <trkpt lat="36.11975052723742" lon="120.37639274383028">
        <ele>45.2</ele>
        <time>2026-07-31T22:24:39Z</time>
        <extensions>
          <gpxtpx:TrackPointExtension>
            <gpxtpx:hr>130</gpxtpx:hr>
          </gpxtpx:TrackPointExtension>
        </extensions>
      </trkpt>
      <trkpt lat="36.11976150841041" lon="120.37641173450868">
        <ele>45.2</ele>
        <time>2026-07-31T22:24:40Z</time>
        <extensions>
          <gpxtpx:TrackPointExtension>
            <gpxtpx:hr>130</gpxtpx:hr>
          </gpxtpx:TrackPointExtension>
        </extensions>
      </trkpt>
      <trkpt lat="36.11976448632372" lon="120.37643672346609">
        <ele>45.2</ele>
        <time>2026-07-31T22:24:41Z</time>
        <extensions>
          <gpxtpx:TrackPointExtension>
            <gpxtpx:hr>131</gpxtpx:hr>
          </gpxtpx:TrackPointExtension>
        </extensions>
      </trkpt>
      <trkpt lat="36.11976746682287" lon="120.37645871373374">
        <ele>45.2</ele>
        <time>2026-07-31T22:24:42Z</time>
        <extensions>
          <gpxtpx:TrackPointExtension>
            <gpxtpx:hr>131</gpxtpx:hr>
          </gpxtpx:TrackPointExtension>
        </extensions>
      </trkpt>
      <trkpt lat="36.11977844718851" lon="120.37647870404045">
        <ele>45.2</ele>
        <time>2026-07-31T22:24:43Z</time>
        <extensions>
          <gpxtpx:TrackPointExtension>
            <gpxtpx:hr>131</gpxtpx:hr>
          </gpxtpx:TrackPointExtension>
        </extensions>
      </trkpt>
      <trkpt lat="36.11978442873044" lon="120.37649869488703">
        <ele>45.2</ele>
        <time>2026-07-31T22:24:44Z</time>
        <extensions>
          <gpxtpx:TrackPointExtension>
            <gpxtpx:hr>131</gpxtpx:hr>
          </gpxtpx:TrackPointExtension>
        </extensions>
      </trkpt>
      <trkpt lat="36.11979340788608" lon="120.37652068458792">
        <ele>45.2</ele>
        <time>2026-07-31T22:24:45Z</time>
        <extensions>
          <gpxtpx:TrackPointExtension>
            <gpxtpx:hr>131</gpxtpx:hr>
          </gpxtpx:TrackPointExtension>
        </extensions>
      </trkpt>
      <trkpt lat="36.11977937198422" lon="120.37656666655037">
        <ele>44.9</ele>
        <time>2026-07-31T22:24:46Z</time>
        <extensions>
          <gpxtpx:TrackPointExtension>
            <gpxtpx:hr>132</gpxtpx:hr>
          </gpxtpx:TrackPointExtension>
        </extensions>
      </trkpt>
      <trkpt lat="36.11976933607996" lon="120.37661164860909">
        <ele>44.9</ele>
        <time>2026-07-31T22:24:47Z</time>
        <extensions>
          <gpxtpx:TrackPointExtension>
            <gpxtpx:hr>132</gpxtpx:hr>
          </gpxtpx:TrackPointExtension>
        </extensions>
      </trkpt>
      <trkpt lat="36.11978431986952" lon="120.37662664073339">
        <ele>44.9</ele>
        <time>2026-07-31T22:24:48Z</time>
        <extensions>
          <gpxtpx:TrackPointExtension>
            <gpxtpx:hr>132</gpxtpx:hr>
          </gpxtpx:TrackPointExtension>
        </extensions>
      </trkpt>
      <trkpt lat="36.11979830305213" lon="120.37664263255249">
        <ele>44.9</ele>
        <time>2026-07-31T22:24:49Z</time>
        <extensions>
          <gpxtpx:TrackPointExtension>
            <gpxtpx:hr>132</gpxtpx:hr>
          </gpxtpx:TrackPointExtension>
        </extensions>
      </trkpt>
      <trkpt lat="36.11981228624418" lon="120.37665862438287">
        <ele>44.9</ele>
        <time>2026-07-31T22:24:50Z</time>
        <extensions>
          <gpxtpx:TrackPointExtension>
            <gpxtpx:hr>132</gpxtpx:hr>
          </gpxtpx:TrackPointExtension>
        </extensions>
      </trkpt>
      <trkpt lat="36.11980624702828" lon="120.3767066049558">
        <ele>44.9</ele>
        <time>2026-07-31T22:24:51Z</time>
        <extensions>
          <gpxtpx:TrackPointExtension>
            <gpxtpx:hr>127</gpxtpx:hr>
          </gpxtpx:TrackPointExtension>
        </extensions>
      </trkpt>
      <trkpt lat="36.119832218182516" lon="120.37673359100422">
        <ele>44.9</ele>
        <time>2026-07-31T22:24:53Z</time>
        <extensions>
          <gpxtpx:TrackPointExtension>
            <gpxtpx:hr>127</gpxtpx:hr>
          </gpxtpx:TrackPointExtension>
        </extensions>
      </trkpt>
      <trkpt lat="36.11984820602576" lon="120.37674358517968">
        <ele>44.9</ele>
        <time>2026-07-31T22:24:54Z</time>
        <extensions>
          <gpxtpx:TrackPointExtension>
            <gpxtpx:hr>127</gpxtpx:hr>
          </gpxtpx:TrackPointExtension>
        </extensions>
      </trkpt>
      <trkpt lat="36.11985818599135" lon="120.37676457542776">
        <ele>44.9</ele>
        <time>2026-07-31T22:24:55Z</time>
        <extensions>
          <gpxtpx:TrackPointExtension>
            <gpxtpx:hr>127</gpxtpx:hr>
          </gpxtpx:TrackPointExtension>
        </extensions>
      </trkpt>
      <trkpt lat="36.119869167425456" lon="120.37678356641743">
        <ele>45.1</ele>
        <time>2026-07-31T22:24:56Z</time>
        <extensions>
          <gpxtpx:TrackPointExtension>
            <gpxtpx:hr>125</gpxtpx:hr>
          </gpxtpx:TrackPointExtension>
        </extensions>
      </trkpt>
      <trkpt lat="36.119882147566706" lon="120.37680355680163">
        <ele>45.1</ele>
        <time>2026-07-31T22:24:57Z</time>
        <extensions>
          <gpxtpx:TrackPointExtension>
            <gpxtpx:hr>125</gpxtpx:hr>
          </gpxtpx:TrackPointExtension>
        </extensions>
      </trkpt>
      <trkpt lat="36.11989613085397" lon="120.37681954874567">
        <ele>45.1</ele>
        <time>2026-07-31T22:24:58Z</time>
        <extensions>
          <gpxtpx:TrackPointExtension>
            <gpxtpx:hr>125</gpxtpx:hr>
          </gpxtpx:TrackPointExtension>
        </extensions>
      </trkpt>
      <trkpt lat="36.11990611423966" lon="120.37683654070783">
        <ele>45.1</ele>
        <time>2026-07-31T22:24:59Z</time>
        <extensions>
          <gpxtpx:TrackPointExtension>
            <gpxtpx:hr>125</gpxtpx:hr>
          </gpxtpx:TrackPointExtension>
        </extensions>
      </trkpt>
      <trkpt lat="36.11991009567156" lon="120.37685753166895">
        <ele>45.1</ele>
        <time>2026-07-31T22:25:00Z</time>
        <extensions>
          <gpxtpx:TrackPointExtension>
            <gpxtpx:hr>125</gpxtpx:hr>
          </gpxtpx:TrackPointExtension>
        </extensions>
      </trkpt>
      <trkpt lat="36.11990407776567" lon="120.37688052287598">
        <ele>45.1</ele>
        <time>2026-07-31T22:25:01Z</time>
        <extensions>
          <gpxtpx:TrackPointExtension>
            <gpxtpx:hr>125</gpxtpx:hr>
          </gpxtpx:TrackPointExtension>
        </extensions>
      </trkpt>
      <trkpt lat="36.119891076592936" lon="120.37688552218931">
        <ele>45.1</ele>
        <time>2026-07-31T22:25:02Z</time>
        <extensions>
          <gpxtpx:TrackPointExtension>
            <gpxtpx:hr>125</gpxtpx:hr>
          </gpxtpx:TrackPointExtension>
        </extensions>
      </trkpt>
      <trkpt lat="36.11987706978605" lon="120.37689751874908">
        <ele>45.1</ele>
        <time>2026-07-31T22:25:03Z</time>
        <extensions>
          <gpxtpx:TrackPointExtension>
            <gpxtpx:hr>125</gpxtpx:hr>
          </gpxtpx:TrackPointExtension>
        </extensions>
      </trkpt>
      <trkpt lat="36.11986406191454" lon="120.376910514803">
        <ele>45.1</ele>
        <time>2026-07-31T22:25:04Z</time>
        <extensions>
          <gpxtpx:TrackPointExtension>
            <gpxtpx:hr>125</gpxtpx:hr>
          </gpxtpx:TrackPointExtension>
        </extensions>
      </trkpt>
      <trkpt lat="36.11985305274755" lon="120.37692451024836">
        <ele>45.1</ele>
        <time>2026-07-31T22:25:05Z</time>
        <extensions>
          <gpxtpx:TrackPointExtension>
            <gpxtpx:hr>125</gpxtpx:hr>
          </gpxtpx:TrackPointExtension>
        </extensions>
      </trkpt>
      <trkpt lat="36.11984403977729" lon="120.37694250386791">
        <ele>44.6</ele>
        <time>2026-07-31T22:25:06Z</time>
        <extensions>
          <gpxtpx:TrackPointExtension>
            <gpxtpx:hr>126</gpxtpx:hr>
          </gpxtpx:TrackPointExtension>
        </extensions>
      </trkpt>
      <trkpt lat="36.11982801591354" lon="120.37697549215542">
        <ele>44.6</ele>
        <time>2026-07-31T22:25:08Z</time>
        <extensions>
          <gpxtpx:TrackPointExtension>
            <gpxtpx:hr>126</gpxtpx:hr>
          </gpxtpx:TrackPointExtension>
        </extensions>
      </trkpt>
      <trkpt lat="36.11981900548101" lon="120.37699048702794">
        <ele>44.6</ele>
        <time>2026-07-31T22:25:09Z</time>
        <extensions>
          <gpxtpx:TrackPointExtension>
            <gpxtpx:hr>126</gpxtpx:hr>
          </gpxtpx:TrackPointExtension>
        </extensions>
      </trkpt>
      <trkpt lat="36.119788990763055" lon="120.37701647966816">
        <ele>44.6</ele>
        <time>2026-07-31T22:25:11Z</time>
        <extensions>
          <gpxtpx:TrackPointExtension>
            <gpxtpx:hr>129</gpxtpx:hr>
          </gpxtpx:TrackPointExtension>
        </extensions>
      </trkpt>
      <trkpt lat="36.11977897392211" lon="120.3770394714549">
        <ele>44.6</ele>
        <time>2026-07-31T22:25:12Z</time>
        <extensions>
          <gpxtpx:TrackPointExtension>
            <gpxtpx:hr>129</gpxtpx:hr>
          </gpxtpx:TrackPointExtension>
        </extensions>
      </trkpt>
      <trkpt lat="36.11977196139619" lon="120.37705646535842">
        <ele>44.6</ele>
        <time>2026-07-31T22:25:13Z</time>
        <extensions>
          <gpxtpx:TrackPointExtension>
            <gpxtpx:hr>129</gpxtpx:hr>
          </gpxtpx:TrackPointExtension>
        </extensions>
      </trkpt>
      <trkpt lat="36.11976394994486" lon="120.37707245977974">
        <ele>44.6</ele>
        <time>2026-07-31T22:25:14Z</time>
        <extensions>
          <gpxtpx:TrackPointExtension>
            <gpxtpx:hr>129</gpxtpx:hr>
          </gpxtpx:TrackPointExtension>
        </extensions>
      </trkpt>
      <trkpt lat="36.11975393065982" lon="120.3770984504252">
        <ele>44.6</ele>
        <time>2026-07-31T22:25:15Z</time>
        <extensions>
          <gpxtpx:TrackPointExtension>
            <gpxtpx:hr>129</gpxtpx:hr>
          </gpxtpx:TrackPointExtension>
        </extensions>
      </trkpt>
      <trkpt lat="36.11974691817118" lon="120.37711544437319">
        <ele>45.1</ele>
        <time>2026-07-31T22:25:16Z</time>
        <extensions>
          <gpxtpx:TrackPointExtension>
            <gpxtpx:hr>131</gpxtpx:hr>
          </gpxtpx:TrackPointExtension>
        </extensions>
      </trkpt>
      <trkpt lat="36.119736898098736" lon="120.37714243467076">
        <ele>45.1</ele>
        <time>2026-07-31T22:25:17Z</time>
        <extensions>
          <gpxtpx:TrackPointExtension>
            <gpxtpx:hr>131</gpxtpx:hr>
          </gpxtpx:TrackPointExtension>
        </extensions>
      </trkpt>
      <trkpt lat="36.119722877326794" lon="120.37717142462614">
        <ele>45.1</ele>
        <time>2026-07-31T22:25:18Z</time>
        <extensions>
          <gpxtpx:TrackPointExtension>
            <gpxtpx:hr>131</gpxtpx:hr>
          </gpxtpx:TrackPointExtension>
        </extensions>
      </trkpt>
      <trkpt lat="36.119707865088294" lon="120.37719041867418">
        <ele>45.1</ele>
        <time>2026-07-31T22:25:19Z</time>
        <extensions>
          <gpxtpx:TrackPointExtension>
            <gpxtpx:hr>131</gpxtpx:hr>
          </gpxtpx:TrackPointExtension>
        </extensions>
      </trkpt>
      <trkpt lat="36.119690866555985" lon="120.37719341926433">
        <ele>45.1</ele>
        <time>2026-07-31T22:25:20Z</time>
        <extensions>
          <gpxtpx:TrackPointExtension>
            <gpxtpx:hr>131</gpxtpx:hr>
          </gpxtpx:TrackPointExtension>
        </extensions>
      </trkpt>
      <trkpt lat="36.1196828543597" lon="120.37721041338844">
        <ele>45.1</ele>
        <time>2026-07-31T22:25:21Z</time>
        <extensions>
          <gpxtpx:TrackPointExtension>
            <gpxtpx:hr>131</gpxtpx:hr>
          </gpxtpx:TrackPointExtension>
        </extensions>
      </trkpt>
      <trkpt lat="36.119675839464676" lon="120.37723040624013">
        <ele>45.1</ele>
        <time>2026-07-31T22:25:22Z</time>
        <extensions>
          <gpxtpx:TrackPointExtension>
            <gpxtpx:hr>131</gpxtpx:hr>
          </gpxtpx:TrackPointExtension>
        </extensions>
      </trkpt>
      <trkpt lat="36.11967182636265" lon="120.37724739997434">
        <ele>45.1</ele>
        <time>2026-07-31T22:25:23Z</time>
        <extensions>
          <gpxtpx:TrackPointExtension>
            <gpxtpx:hr>131</gpxtpx:hr>
          </gpxtpx:TrackPointExtension>
        </extensions>
      </trkpt>
      <trkpt lat="36.119666813503684" lon="120.37726439382584">
        <ele>45.1</ele>
        <time>2026-07-31T22:25:24Z</time>
        <extensions>
          <gpxtpx:TrackPointExtension>
            <gpxtpx:hr>131</gpxtpx:hr>
          </gpxtpx:TrackPointExtension>
        </extensions>
      </trkpt>
      <trkpt lat="36.11965378604568" lon="120.37730138070944">
        <ele>44.8</ele>
        <time>2026-07-31T22:25:26Z</time>
        <extensions>
          <gpxtpx:TrackPointExtension>
            <gpxtpx:hr>133</gpxtpx:hr>
          </gpxtpx:TrackPointExtension>
        </extensions>
      </trkpt>
      <trkpt lat="36.11964877075391" lon="120.37732137343308">
        <ele>44.8</ele>
        <time>2026-07-31T22:25:27Z</time>
        <extensions>
          <gpxtpx:TrackPointExtension>
            <gpxtpx:hr>133</gpxtpx:hr>
          </gpxtpx:TrackPointExtension>
        </extensions>
      </trkpt>
      <trkpt lat="36.11963874185681" lon="120.37735935970925">
        <ele>44.8</ele>
        <time>2026-07-31T22:25:29Z</time>
        <extensions>
          <gpxtpx:TrackPointExtension>
            <gpxtpx:hr>133</gpxtpx:hr>
          </gpxtpx:TrackPointExtension>
        </extensions>
      </trkpt>
      <trkpt lat="36.11963172871322" lon="120.37737735346731">
        <ele>44.8</ele>
        <time>2026-07-31T22:25:30Z</time>
        <extensions>
          <gpxtpx:TrackPointExtension>
            <gpxtpx:hr>133</gpxtpx:hr>
          </gpxtpx:TrackPointExtension>
        </extensions>
      </trkpt>
      <trkpt lat="36.119627714065366" lon="120.37739634654025">
        <ele>44.8</ele>
        <time>2026-07-31T22:25:31Z</time>
        <extensions>
          <gpxtpx:TrackPointExtension>
            <gpxtpx:hr>134</gpxtpx:hr>
          </gpxtpx:TrackPointExtension>
        </extensions>
      </trkpt>
      <trkpt lat="36.11962270048206" lon="120.37741434011903">
        <ele>44.8</ele>
        <time>2026-07-31T22:25:32Z</time>
        <extensions>
          <gpxtpx:TrackPointExtension>
            <gpxtpx:hr>134</gpxtpx:hr>
          </gpxtpx:TrackPointExtension>
        </extensions>
      </trkpt>
      <trkpt lat="36.1196146859715" lon="120.37743433325662">
        <ele>44.8</ele>
        <time>2026-07-31T22:25:33Z</time>
        <extensions>
          <gpxtpx:TrackPointExtension>
            <gpxtpx:hr>134</gpxtpx:hr>
          </gpxtpx:TrackPointExtension>
        </extensions>
      </trkpt>
      <trkpt lat="36.11961064767644" lon="120.37748231527169">
        <ele>44.8</ele>
        <time>2026-07-31T22:25:35Z</time>
        <extensions>
          <gpxtpx:TrackPointExtension>
            <gpxtpx:hr>134</gpxtpx:hr>
          </gpxtpx:TrackPointExtension>
        </extensions>
      </trkpt>
      <trkpt lat="36.11960862856122" lon="120.37750630631771">
        <ele>44.6</ele>
        <time>2026-07-31T22:25:36Z</time>
        <extensions>
          <gpxtpx:TrackPointExtension>
            <gpxtpx:hr>132</gpxtpx:hr>
          </gpxtpx:TrackPointExtension>
        </extensions>
      </trkpt>
      <trkpt lat="36.11960761249346" lon="120.37752629880603">
        <ele>44.6</ele>
        <time>2026-07-31T22:25:37Z</time>
        <extensions>
          <gpxtpx:TrackPointExtension>
            <gpxtpx:hr>132</gpxtpx:hr>
          </gpxtpx:TrackPointExtension>
        </extensions>
      </trkpt>
      <trkpt lat="36.11960059864825" lon="120.37754529231847">
        <ele>44.6</ele>
        <time>2026-07-31T22:25:39Z</time>
        <extensions>
          <gpxtpx:TrackPointExtension>
            <gpxtpx:hr>132</gpxtpx:hr>
          </gpxtpx:TrackPointExtension>
        </extensions>
      </trkpt>
      <trkpt lat="36.11958760085396" lon="120.37754629329702">
        <ele>44.6</ele>
        <time>2026-07-31T22:25:40Z</time>
        <extensions>
          <gpxtpx:TrackPointExtension>
            <gpxtpx:hr>132</gpxtpx:hr>
          </gpxtpx:TrackPointExtension>
        </extensions>
      </trkpt>
      <trkpt lat="36.11957560689709" lon="120.37754229606884">
        <ele>44.6</ele>
        <time>2026-07-31T22:25:41Z</time>
        <extensions>
          <gpxtpx:TrackPointExtension>
            <gpxtpx:hr>132</gpxtpx:hr>
          </gpxtpx:TrackPointExtension>
        </extensions>
      </trkpt>
      <trkpt lat="36.11956161259117" lon="120.37753929867047">
        <ele>44.6</ele>
        <time>2026-07-31T22:25:42Z</time>
        <extensions>
          <gpxtpx:TrackPointExtension>
            <gpxtpx:hr>132</gpxtpx:hr>
          </gpxtpx:TrackPointExtension>
        </extensions>
      </trkpt>
      <trkpt lat="36.11959147664775" lon="120.37769823571529">
        <ele>44.6</ele>
        <time>2026-07-31T22:25:44Z</time>
        <extensions>
          <gpxtpx:TrackPointExtension>
            <gpxtpx:hr>132</gpxtpx:hr>
          </gpxtpx:TrackPointExtension>
        </extensions>
      </trkpt>
      <trkpt lat="36.119574489488755" lon="120.37768724159342">
        <ele>44.6</ele>
        <time>2026-07-31T22:25:45Z</time>
        <extensions>
          <gpxtpx:TrackPointExtension>
            <gpxtpx:hr>132</gpxtpx:hr>
          </gpxtpx:TrackPointExtension>
        </extensions>
      </trkpt>
      <trkpt lat="36.11946145438948" lon="120.37776322516572">
        <ele>44.7</ele>
        <time>2026-07-31T22:25:47Z</time>
        <extensions>
          <gpxtpx:TrackPointExtension>
            <gpxtpx:hr>132</gpxtpx:hr>
          </gpxtpx:TrackPointExtension>
        </extensions>
      </trkpt>
      <trkpt lat="36.11944446800946" lon="120.37775123138219">
        <ele>44.7</ele>
        <time>2026-07-31T22:25:48Z</time>
        <extensions>
          <gpxtpx:TrackPointExtension>
            <gpxtpx:hr>132</gpxtpx:hr>
          </gpxtpx:TrackPointExtension>
        </extensions>
      </trkpt>
      <trkpt lat="36.11934848224473" lon="120.37776123770993">
        <ele>44.7</ele>
        <time>2026-07-31T22:25:50Z</time>
        <extensions>
          <gpxtpx:TrackPointExtension>
            <gpxtpx:hr>132</gpxtpx:hr>
          </gpxtpx:TrackPointExtension>
        </extensions>
      </trkpt>
      <trkpt lat="36.11933449758757" lon="120.37774624472547">
        <ele>44.7</ele>
        <time>2026-07-31T22:25:51Z</time>
        <extensions>
          <gpxtpx:TrackPointExtension>
            <gpxtpx:hr>130</gpxtpx:hr>
          </gpxtpx:TrackPointExtension>
        </extensions>
      </trkpt>
      <trkpt lat="36.11931951236413" lon="120.37773225148435">
        <ele>44.7</ele>
        <time>2026-07-31T22:25:52Z</time>
        <extensions>
          <gpxtpx:TrackPointExtension>
            <gpxtpx:hr>130</gpxtpx:hr>
          </gpxtpx:TrackPointExtension>
        </extensions>
      </trkpt>
      <trkpt lat="36.119304525533195" lon="120.3777202575085">
        <ele>44.7</ele>
        <time>2026-07-31T22:25:53Z</time>
        <extensions>
          <gpxtpx:TrackPointExtension>
            <gpxtpx:hr>130</gpxtpx:hr>
          </gpxtpx:TrackPointExtension>
        </extensions>
      </trkpt>
      <trkpt lat="36.11928555094955" lon="120.37769426917262">
        <ele>44.7</ele>
        <time>2026-07-31T22:25:54Z</time>
        <extensions>
          <gpxtpx:TrackPointExtension>
            <gpxtpx:hr>130</gpxtpx:hr>
          </gpxtpx:TrackPointExtension>
        </extensions>
      </trkpt>
      <trkpt lat="36.119270561709435" lon="120.37768527409715">
        <ele>44.7</ele>
        <time>2026-07-31T22:25:55Z</time>
        <extensions>
          <gpxtpx:TrackPointExtension>
            <gpxtpx:hr>130</gpxtpx:hr>
          </gpxtpx:TrackPointExtension>
        </extensions>
      </trkpt>
      <trkpt lat="36.11925857582117" lon="120.37767128058078">
        <ele>44.7</ele>
        <time>2026-07-31T22:25:56Z</time>
        <extensions>
          <gpxtpx:TrackPointExtension>
            <gpxtpx:hr>129</gpxtpx:hr>
          </gpxtpx:TrackPointExtension>
        </extensions>
      </trkpt>
      <trkpt lat="36.119237576652225" lon="120.37767628090563">
        <ele>44.7</ele>
        <time>2026-07-31T22:25:57Z</time>
        <extensions>
          <gpxtpx:TrackPointExtension>
            <gpxtpx:hr>129</gpxtpx:hr>
          </gpxtpx:TrackPointExtension>
        </extensions>
      </trkpt>
      <trkpt lat="36.11922358799521" lon="120.37766628610702">
        <ele>44.7</ele>
        <time>2026-07-31T22:25:58Z</time>
        <extensions>
          <gpxtpx:TrackPointExtension>
            <gpxtpx:hr>129</gpxtpx:hr>
          </gpxtpx:TrackPointExtension>
        </extensions>
      </trkpt>
      <trkpt lat="36.1192096009615" lon="120.37765429206208">
        <ele>44.7</ele>
        <time>2026-07-31T22:25:59Z</time>
        <extensions>
          <gpxtpx:TrackPointExtension>
            <gpxtpx:hr>129</gpxtpx:hr>
          </gpxtpx:TrackPointExtension>
        </extensions>
      </trkpt>
      <trkpt lat="36.11919161324149" lon="120.37764429769112">
        <ele>44.7</ele>
        <time>2026-07-31T22:26:00Z</time>
        <extensions>
          <gpxtpx:TrackPointExtension>
            <gpxtpx:hr>129</gpxtpx:hr>
          </gpxtpx:TrackPointExtension>
        </extensions>
      </trkpt>
      <trkpt lat="36.11917264035396" lon="120.37761631019606">
        <ele>44.7</ele>
        <time>2026-07-31T22:26:02Z</time>
        <extensions>
          <gpxtpx:TrackPointExtension>
            <gpxtpx:hr>132</gpxtpx:hr>
          </gpxtpx:TrackPointExtension>
        </extensions>
      </trkpt>
      <trkpt lat="36.11915565079267" lon="120.3776083149841">
        <ele>44.7</ele>
        <time>2026-07-31T22:26:03Z</time>
        <extensions>
          <gpxtpx:TrackPointExtension>
            <gpxtpx:hr>132</gpxtpx:hr>
          </gpxtpx:TrackPointExtension>
        </extensions>
      </trkpt>
      <trkpt lat="36.11909167214687" lon="120.37760032468478">
        <ele>44.7</ele>
        <time>2026-07-31T22:26:05Z</time>
        <extensions>
          <gpxtpx:TrackPointExtension>
            <gpxtpx:hr>132</gpxtpx:hr>
          </gpxtpx:TrackPointExtension>
        </extensions>
      </trkpt>
      <trkpt lat="36.11907568560688" lon="120.37758833088408">
        <ele>45.1</ele>
        <time>2026-07-31T22:26:06Z</time>
        <extensions>
          <gpxtpx:TrackPointExtension>
            <gpxtpx:hr>133</gpxtpx:hr>
          </gpxtpx:TrackPointExtension>
        </extensions>
      </trkpt>
      <trkpt lat="36.11905969582151" lon="120.37758033557765">
        <ele>45.1</ele>
        <time>2026-07-31T22:26:07Z</time>
        <extensions>
          <gpxtpx:TrackPointExtension>
            <gpxtpx:hr>133</gpxtpx:hr>
          </gpxtpx:TrackPointExtension>
        </extensions>
      </trkpt>
      <trkpt lat="36.11904270220662" lon="120.37757733848757">
        <ele>45.1</ele>
        <time>2026-07-31T22:26:08Z</time>
        <extensions>
          <gpxtpx:TrackPointExtension>
            <gpxtpx:hr>133</gpxtpx:hr>
          </gpxtpx:TrackPointExtension>
        </extensions>
      </trkpt>
      <trkpt lat="36.119012710797506" lon="120.37757534237771">
        <ele>45.1</ele>
        <time>2026-07-31T22:26:09Z</time>
        <extensions>
          <gpxtpx:TrackPointExtension>
            <gpxtpx:hr>133</gpxtpx:hr>
          </gpxtpx:TrackPointExtension>
        </extensions>
      </trkpt>
      <trkpt lat="36.118997722409944" lon="120.37756534772859">
        <ele>45.1</ele>
        <time>2026-07-31T22:26:10Z</time>
        <extensions>
          <gpxtpx:TrackPointExtension>
            <gpxtpx:hr>133</gpxtpx:hr>
          </gpxtpx:TrackPointExtension>
        </extensions>
      </trkpt>
      <trkpt lat="36.11898173263124" lon="120.37755735243036">
        <ele>45.1</ele>
        <time>2026-07-31T22:26:11Z</time>
        <extensions>
          <gpxtpx:TrackPointExtension>
            <gpxtpx:hr>134</gpxtpx:hr>
          </gpxtpx:TrackPointExtension>
        </extensions>
      </trkpt>
      <trkpt lat="36.11896574529636" lon="120.37754635827316">
        <ele>45.1</ele>
        <time>2026-07-31T22:26:12Z</time>
        <extensions>
          <gpxtpx:TrackPointExtension>
            <gpxtpx:hr>134</gpxtpx:hr>
          </gpxtpx:TrackPointExtension>
        </extensions>
      </trkpt>
      <trkpt lat="36.11895576553243" lon="120.37752436767683">
        <ele>45.1</ele>
        <time>2026-07-31T22:26:13Z</time>
        <extensions>
          <gpxtpx:TrackPointExtension>
            <gpxtpx:hr>134</gpxtpx:hr>
          </gpxtpx:TrackPointExtension>
        </extensions>
      </trkpt>
      <trkpt lat="36.11894378054315" lon="120.37750937464209">
        <ele>45.1</ele>
        <time>2026-07-31T22:26:14Z</time>
        <extensions>
          <gpxtpx:TrackPointExtension>
            <gpxtpx:hr>134</gpxtpx:hr>
          </gpxtpx:TrackPointExtension>
        </extensions>
      </trkpt>
      <trkpt lat="36.118929796026585" lon="120.37749438182628">
        <ele>45.1</ele>
        <time>2026-07-31T22:26:15Z</time>
        <extensions>
          <gpxtpx:TrackPointExtension>
            <gpxtpx:hr>134</gpxtpx:hr>
          </gpxtpx:TrackPointExtension>
        </extensions>
      </trkpt>
      <trkpt lat="36.11890780521371" lon="120.37748938603391">
        <ele>46.2</ele>
        <time>2026-07-31T22:26:16Z</time>
        <extensions>
          <gpxtpx:TrackPointExtension>
            <gpxtpx:hr>134</gpxtpx:hr>
          </gpxtpx:TrackPointExtension>
        </extensions>
      </trkpt>
      <trkpt lat="36.1188888169703" lon="120.37748039145855">
        <ele>46.2</ele>
        <time>2026-07-31T22:26:17Z</time>
        <extensions>
          <gpxtpx:TrackPointExtension>
            <gpxtpx:hr>134</gpxtpx:hr>
          </gpxtpx:TrackPointExtension>
        </extensions>
      </trkpt>
      <trkpt lat="36.118867827560855" lon="120.37747339633016">
        <ele>46.2</ele>
        <time>2026-07-31T22:26:18Z</time>
        <extensions>
          <gpxtpx:TrackPointExtension>
            <gpxtpx:hr>134</gpxtpx:hr>
          </gpxtpx:TrackPointExtension>
        </extensions>
      </trkpt>
      <trkpt lat="36.118808831460875" lon="120.37748539790395">
        <ele>46.2</ele>
        <time>2026-07-31T22:26:20Z</time>
        <extensions>
          <gpxtpx:TrackPointExtension>
            <gpxtpx:hr>134</gpxtpx:hr>
          </gpxtpx:TrackPointExtension>
        </extensions>
      </trkpt>
      <trkpt lat="36.118788841817704" lon="120.37747840266954">
        <ele>46.2</ele>
        <time>2026-07-31T22:26:21Z</time>
        <extensions>
          <gpxtpx:TrackPointExtension>
            <gpxtpx:hr>135</gpxtpx:hr>
          </gpxtpx:TrackPointExtension>
        </extensions>
      </trkpt>
      <trkpt lat="36.118755839683786" lon="120.37749040153001">
        <ele>46.2</ele>
        <time>2026-07-31T22:26:22Z</time>
        <extensions>
          <gpxtpx:TrackPointExtension>
            <gpxtpx:hr>135</gpxtpx:hr>
          </gpxtpx:TrackPointExtension>
        </extensions>
      </trkpt>
      <trkpt lat="36.11875587562281" lon="120.37744641837942">
        <ele>46.2</ele>
        <time>2026-07-31T22:26:23Z</time>
        <extensions>
          <gpxtpx:TrackPointExtension>
            <gpxtpx:hr>135</gpxtpx:hr>
          </gpxtpx:TrackPointExtension>
        </extensions>
      </trkpt>
      <trkpt lat="36.11873789043335" lon="120.37743342525444">
        <ele>46.2</ele>
        <time>2026-07-31T22:26:24Z</time>
        <extensions>
          <gpxtpx:TrackPointExtension>
            <gpxtpx:hr>135</gpxtpx:hr>
          </gpxtpx:TrackPointExtension>
        </extensions>
      </trkpt>
      <trkpt lat="36.11871990525016" lon="120.37742043213699">
        <ele>46.2</ele>
        <time>2026-07-31T22:26:25Z</time>
        <extensions>
          <gpxtpx:TrackPointExtension>
            <gpxtpx:hr>135</gpxtpx:hr>
          </gpxtpx:TrackPointExtension>
        </extensions>
      </trkpt>
      <trkpt lat="36.11870391633297" lon="120.37741143727585">
        <ele>46.1</ele>
        <time>2026-07-31T22:26:26Z</time>
        <extensions>
          <gpxtpx:TrackPointExtension>
            <gpxtpx:hr>135</gpxtpx:hr>
          </gpxtpx:TrackPointExtension>
        </extensions>
      </trkpt>
      <trkpt lat="36.118681940284816" lon="120.37738844845175">
        <ele>46.1</ele>
        <time>2026-07-31T22:26:27Z</time>
        <extensions>
          <gpxtpx:TrackPointExtension>
            <gpxtpx:hr>135</gpxtpx:hr>
          </gpxtpx:TrackPointExtension>
        </extensions>
      </trkpt>
      <trkpt lat="36.11866794517411" lon="120.3773864506873">
        <ele>46.1</ele>
        <time>2026-07-31T22:26:28Z</time>
        <extensions>
          <gpxtpx:TrackPointExtension>
            <gpxtpx:hr>135</gpxtpx:hr>
          </gpxtpx:TrackPointExtension>
        </extensions>
      </trkpt>
      <trkpt lat="36.11865295521592" lon="120.37737845534835">
        <ele>46.1</ele>
        <time>2026-07-31T22:26:29Z</time>
        <extensions>
          <gpxtpx:TrackPointExtension>
            <gpxtpx:hr>135</gpxtpx:hr>
          </gpxtpx:TrackPointExtension>
        </extensions>
      </trkpt>
      <trkpt lat="36.118629976965146" lon="120.37735846549877">
        <ele>46.1</ele>
        <time>2026-07-31T22:26:30Z</time>
        <extensions>
          <gpxtpx:TrackPointExtension>
            <gpxtpx:hr>135</gpxtpx:hr>
          </gpxtpx:TrackPointExtension>
        </extensions>
      </trkpt>
      <trkpt lat="36.11861699394335" lon="120.3773414734564">
        <ele>46.1</ele>
        <time>2026-07-31T22:26:31Z</time>
        <extensions>
          <gpxtpx:TrackPointExtension>
            <gpxtpx:hr>127</gpxtpx:hr>
          </gpxtpx:TrackPointExtension>
        </extensions>
      </trkpt>
      <trkpt lat="36.118604006821904" lon="120.3773294794807">
        <ele>46.1</ele>
        <time>2026-07-31T22:26:32Z</time>
        <extensions>
          <gpxtpx:TrackPointExtension>
            <gpxtpx:hr>127</gpxtpx:hr>
          </gpxtpx:TrackPointExtension>
        </extensions>
      </trkpt>
      <trkpt lat="36.11859301595216" lon="120.37732148374417">
        <ele>46.1</ele>
        <time>2026-07-31T22:26:33Z</time>
        <extensions>
          <gpxtpx:TrackPointExtension>
            <gpxtpx:hr>127</gpxtpx:hr>
          </gpxtpx:TrackPointExtension>
        </extensions>
      </trkpt>
      <trkpt lat="36.118589046507054" lon="120.3772854982122">
        <ele>46.1</ele>
        <time>2026-07-31T22:26:34Z</time>
        <extensions>
          <gpxtpx:TrackPointExtension>
            <gpxtpx:hr>127</gpxtpx:hr>
          </gpxtpx:TrackPointExtension>
        </extensions>
      </trkpt>
      <trkpt lat="36.11857607507481" lon="120.3772545117151">
        <ele>46.1</ele>
        <time>2026-07-31T22:26:35Z</time>
        <extensions>
          <gpxtpx:TrackPointExtension>
            <gpxtpx:hr>127</gpxtpx:hr>
          </gpxtpx:TrackPointExtension>
        </extensions>
      </trkpt>
      <trkpt lat="36.118565085052495" lon="120.37724551639809">
        <ele>46.1</ele>
        <time>2026-07-31T22:26:36Z</time>
        <extensions>
          <gpxtpx:TrackPointExtension>
            <gpxtpx:hr>124</gpxtpx:hr>
          </gpxtpx:TrackPointExtension>
        </extensions>
      </trkpt>
      <trkpt lat="36.118553092789064" lon="120.37723952000955">
        <ele>46.1</ele>
        <time>2026-07-31T22:26:37Z</time>
        <extensions>
          <gpxtpx:TrackPointExtension>
            <gpxtpx:hr>124</gpxtpx:hr>
          </gpxtpx:TrackPointExtension>
        </extensions>
      </trkpt>
      <trkpt lat="36.11848715603976" lon="120.37718154977982">
        <ele>46.1</ele>
        <time>2026-07-31T22:26:38Z</time>
        <extensions>
          <gpxtpx:TrackPointExtension>
            <gpxtpx:hr>124</gpxtpx:hr>
          </gpxtpx:TrackPointExtension>
        </extensions>
      </trkpt>
      <trkpt lat="36.11847816309424" lon="120.37717555309494">
        <ele>46.1</ele>
        <time>2026-07-31T22:26:39Z</time>
        <extensions>
          <gpxtpx:TrackPointExtension>
            <gpxtpx:hr>124</gpxtpx:hr>
          </gpxtpx:TrackPointExtension>
        </extensions>
      </trkpt>
      <trkpt lat="36.1184322575605" lon="120.37707459811901">
        <ele>46.1</ele>
        <time>2026-07-31T22:26:41Z</time>
        <extensions>
          <gpxtpx:TrackPointExtension>
            <gpxtpx:hr>124</gpxtpx:hr>
          </gpxtpx:TrackPointExtension>
        </extensions>
      </trkpt>
      <trkpt lat="36.11841528563459" lon="120.37704561152638">
        <ele>46.1</ele>
        <time>2026-07-31T22:26:42Z</time>
        <extensions>
          <gpxtpx:TrackPointExtension>
            <gpxtpx:hr>124</gpxtpx:hr>
          </gpxtpx:TrackPointExtension>
        </extensions>
      </trkpt>
      <trkpt lat="36.118401320548024" lon="120.3770076282866">
        <ele>46.1</ele>
        <time>2026-07-31T22:26:43Z</time>
        <extensions>
          <gpxtpx:TrackPointExtension>
            <gpxtpx:hr>124</gpxtpx:hr>
          </gpxtpx:TrackPointExtension>
        </extensions>
      </trkpt>
      <trkpt lat="36.11838733213867" lon="120.37699763378536">
        <ele>46.1</ele>
        <time>2026-07-31T22:26:44Z</time>
        <extensions>
          <gpxtpx:TrackPointExtension>
            <gpxtpx:hr>124</gpxtpx:hr>
          </gpxtpx:TrackPointExtension>
        </extensions>
      </trkpt>
      <trkpt lat="36.11836635621199" lon="120.3769746452794">
        <ele>46.1</ele>
        <time>2026-07-31T22:26:45Z</time>
        <extensions>
          <gpxtpx:TrackPointExtension>
            <gpxtpx:hr>124</gpxtpx:hr>
          </gpxtpx:TrackPointExtension>
        </extensions>
      </trkpt>
      <trkpt lat="36.118363424681796" lon="120.37689367853295">
        <ele>46.3</ele>
        <time>2026-07-31T22:26:46Z</time>
        <extensions>
          <gpxtpx:TrackPointExtension>
            <gpxtpx:hr>127</gpxtpx:hr>
          </gpxtpx:TrackPointExtension>
        </extensions>
      </trkpt>
      <trkpt lat="36.11835444773734" lon="120.37686868969838">
        <ele>46.3</ele>
        <time>2026-07-31T22:26:47Z</time>
        <extensions>
          <gpxtpx:TrackPointExtension>
            <gpxtpx:hr>127</gpxtpx:hr>
          </gpxtpx:TrackPointExtension>
        </extensions>
      </trkpt>
      <trkpt lat="36.118334496064136" lon="120.37681671314468">
        <ele>46.3</ele>
        <time>2026-07-31T22:26:48Z</time>
        <extensions>
          <gpxtpx:TrackPointExtension>
            <gpxtpx:hr>127</gpxtpx:hr>
          </gpxtpx:TrackPointExtension>
        </extensions>
      </trkpt>
      <trkpt lat="36.11831351019137" lon="120.3768057198714">
        <ele>46.3</ele>
        <time>2026-07-31T22:26:49Z</time>
        <extensions>
          <gpxtpx:TrackPointExtension>
            <gpxtpx:hr>127</gpxtpx:hr>
          </gpxtpx:TrackPointExtension>
        </extensions>
      </trkpt>
      <trkpt lat="36.1182925150645" lon="120.37680572206494">
        <ele>46.3</ele>
        <time>2026-07-31T22:26:50Z</time>
        <extensions>
          <gpxtpx:TrackPointExtension>
            <gpxtpx:hr>127</gpxtpx:hr>
          </gpxtpx:TrackPointExtension>
        </extensions>
      </trkpt>
      <trkpt lat="36.11825852716203" lon="120.3768007276787">
        <ele>46.3</ele>
        <time>2026-07-31T22:26:51Z</time>
        <extensions>
          <gpxtpx:TrackPointExtension>
            <gpxtpx:hr>119</gpxtpx:hr>
          </gpxtpx:TrackPointExtension>
        </extensions>
      </trkpt>
      <trkpt lat="36.11825652005264" lon="120.37680972417625">
        <ele>46.3</ele>
        <time>2026-07-31T22:26:52Z</time>
        <extensions>
          <gpxtpx:TrackPointExtension>
            <gpxtpx:hr>119</gpxtpx:hr>
          </gpxtpx:TrackPointExtension>
        </extensions>
      </trkpt>
      <trkpt lat="36.11825451042342" lon="120.37682171944229">
        <ele>46.3</ele>
        <time>2026-07-31T22:26:53Z</time>
        <extensions>
          <gpxtpx:TrackPointExtension>
            <gpxtpx:hr>119</gpxtpx:hr>
          </gpxtpx:TrackPointExtension>
        </extensions>
      </trkpt>
      <trkpt lat="36.11824550074305" lon="120.37683571462371">
        <ele>46.3</ele>
        <time>2026-07-31T22:26:54Z</time>
        <extensions>
          <gpxtpx:TrackPointExtension>
            <gpxtpx:hr>119</gpxtpx:hr>
          </gpxtpx:TrackPointExtension>
        </extensions>
      </trkpt>
      <trkpt lat="36.118226478279105" lon="120.37686770347821">
        <ele>47.5</ele>
        <time>2026-07-31T22:26:56Z</time>
        <extensions>
          <gpxtpx:TrackPointExtension>
            <gpxtpx:hr>114</gpxtpx:hr>
          </gpxtpx:TrackPointExtension>
        </extensions>
      </trkpt>
      <trkpt lat="36.11821646298492" lon="120.3768886959307">
        <ele>47.5</ele>
        <time>2026-07-31T22:26:57Z</time>
        <extensions>
          <gpxtpx:TrackPointExtension>
            <gpxtpx:hr>114</gpxtpx:hr>
          </gpxtpx:TrackPointExtension>
        </extensions>
      </trkpt>
      <trkpt lat="36.118200434028125" lon="120.37692768169707">
        <ele>47.5</ele>
        <time>2026-07-31T22:26:59Z</time>
        <extensions>
          <gpxtpx:TrackPointExtension>
            <gpxtpx:hr>114</gpxtpx:hr>
          </gpxtpx:TrackPointExtension>
        </extensions>
      </trkpt>
      <trkpt lat="36.118176427883256" lon="120.37694167851095">
        <ele>47.5</ele>
        <time>2026-07-31T22:27:00Z</time>
        <extensions>
          <gpxtpx:TrackPointExtension>
            <gpxtpx:hr>114</gpxtpx:hr>
          </gpxtpx:TrackPointExtension>
        </extensions>
      </trkpt>
      <trkpt lat="36.11815743061905" lon="120.37694367968301">
        <ele>47.5</ele>
        <time>2026-07-31T22:27:01Z</time>
        <extensions>
          <gpxtpx:TrackPointExtension>
            <gpxtpx:hr>112</gpxtpx:hr>
          </gpxtpx:TrackPointExtension>
        </extensions>
      </trkpt>
      <trkpt lat="36.11814142596976" lon="120.37695367729403">
        <ele>47.5</ele>
        <time>2026-07-31T22:27:02Z</time>
        <extensions>
          <gpxtpx:TrackPointExtension>
            <gpxtpx:hr>112</gpxtpx:hr>
          </gpxtpx:TrackPointExtension>
        </extensions>
      </trkpt>
      <trkpt lat="36.11812841477968" lon="120.37697067175965">
        <ele>47.5</ele>
        <time>2026-07-31T22:27:03Z</time>
        <extensions>
          <gpxtpx:TrackPointExtension>
            <gpxtpx:hr>112</gpxtpx:hr>
          </gpxtpx:TrackPointExtension>
        </extensions>
      </trkpt>
      <trkpt lat="36.118123406753135" lon="120.37698166782903">
        <ele>47.5</ele>
        <time>2026-07-31T22:27:04Z</time>
        <extensions>
          <gpxtpx:TrackPointExtension>
            <gpxtpx:hr>112</gpxtpx:hr>
          </gpxtpx:TrackPointExtension>
        </extensions>
      </trkpt>
      <trkpt lat="36.118118397896566" lon="120.3769936634997">
        <ele>47.5</ele>
        <time>2026-07-31T22:27:05Z</time>
        <extensions>
          <gpxtpx:TrackPointExtension>
            <gpxtpx:hr>112</gpxtpx:hr>
          </gpxtpx:TrackPointExtension>
        </extensions>
      </trkpt>
      <trkpt lat="36.11811638668124" lon="120.37700765805648">
        <ele>47.3</ele>
        <time>2026-07-31T22:27:06Z</time>
        <extensions>
          <gpxtpx:TrackPointExtension>
            <gpxtpx:hr>109</gpxtpx:hr>
          </gpxtpx:TrackPointExtension>
        </extensions>
      </trkpt>
      <trkpt lat="36.11811337403837" lon="120.37702365192088">
        <ele>47.3</ele>
        <time>2026-07-31T22:27:07Z</time>
        <extensions>
          <gpxtpx:TrackPointExtension>
            <gpxtpx:hr>109</gpxtpx:hr>
          </gpxtpx:TrackPointExtension>
        </extensions>
      </trkpt>
      <trkpt lat="36.11810836270188" lon="120.37703864640757">
        <ele>47.3</ele>
        <time>2026-07-31T22:27:08Z</time>
        <extensions>
          <gpxtpx:TrackPointExtension>
            <gpxtpx:hr>109</gpxtpx:hr>
          </gpxtpx:TrackPointExtension>
        </extensions>
      </trkpt>
      <trkpt lat="36.1181033505415" lon="120.37705464050286">
        <ele>47.3</ele>
        <time>2026-07-31T22:27:09Z</time>
        <extensions>
          <gpxtpx:TrackPointExtension>
            <gpxtpx:hr>109</gpxtpx:hr>
          </gpxtpx:TrackPointExtension>
        </extensions>
      </trkpt>
      <trkpt lat="36.1180913250513" lon="120.37708862813666">
        <ele>47.3</ele>
        <time>2026-07-31T22:27:11Z</time>
        <extensions>
          <gpxtpx:TrackPointExtension>
            <gpxtpx:hr>109</gpxtpx:hr>
          </gpxtpx:TrackPointExtension>
        </extensions>
      </trkpt>
      <trkpt lat="36.1180783147768" lon="120.37710462310307">
        <ele>47.3</ele>
        <time>2026-07-31T22:27:12Z</time>
        <extensions>
          <gpxtpx:TrackPointExtension>
            <gpxtpx:hr>109</gpxtpx:hr>
          </gpxtpx:TrackPointExtension>
        </extensions>
      </trkpt>
      <trkpt lat="36.118068283082955" lon="120.37714560782116">
        <ele>47.3</ele>
        <time>2026-07-31T22:27:14Z</time>
        <extensions>
          <gpxtpx:TrackPointExtension>
            <gpxtpx:hr>109</gpxtpx:hr>
          </gpxtpx:TrackPointExtension>
        </extensions>
      </trkpt>
      <trkpt lat="36.11806027168228" lon="120.37716160230575">
        <ele>47.3</ele>
        <time>2026-07-31T22:27:15Z</time>
        <extensions>
          <gpxtpx:TrackPointExtension>
            <gpxtpx:hr>109</gpxtpx:hr>
          </gpxtpx:TrackPointExtension>
        </extensions>
      </trkpt>
      <trkpt lat="36.11804823640631" lon="120.37720758536318">
        <ele>48.1</ele>
        <time>2026-07-31T22:27:17Z</time>
        <extensions>
          <gpxtpx:TrackPointExtension>
            <gpxtpx:hr>108</gpxtpx:hr>
          </gpxtpx:TrackPointExtension>
        </extensions>
      </trkpt>
      <trkpt lat="36.11804222127508" lon="120.3772275781079">
        <ele>48.1</ele>
        <time>2026-07-31T22:27:18Z</time>
        <extensions>
          <gpxtpx:TrackPointExtension>
            <gpxtpx:hr>108</gpxtpx:hr>
          </gpxtpx:TrackPointExtension>
        </extensions>
      </trkpt>
      <trkpt lat="36.118035206390765" lon="120.37724757097484">
        <ele>48.1</ele>
        <time>2026-07-31T22:27:19Z</time>
        <extensions>
          <gpxtpx:TrackPointExtension>
            <gpxtpx:hr>108</gpxtpx:hr>
          </gpxtpx:TrackPointExtension>
        </extensions>
      </trkpt>
      <trkpt lat="36.11802618786434" lon="120.37727256210964">
        <ele>48.1</ele>
        <time>2026-07-31T22:27:20Z</time>
        <extensions>
          <gpxtpx:TrackPointExtension>
            <gpxtpx:hr>108</gpxtpx:hr>
          </gpxtpx:TrackPointExtension>
        </extensions>
      </trkpt>
      <trkpt lat="36.11801717018441" lon="120.37729655366276">
        <ele>48.1</ele>
        <time>2026-07-31T22:27:21Z</time>
        <extensions>
          <gpxtpx:TrackPointExtension>
            <gpxtpx:hr>109</gpxtpx:hr>
          </gpxtpx:TrackPointExtension>
        </extensions>
      </trkpt>
      <trkpt lat="36.11800915229394" lon="120.37732054513704">
        <ele>48.1</ele>
        <time>2026-07-31T22:27:22Z</time>
        <extensions>
          <gpxtpx:TrackPointExtension>
            <gpxtpx:hr>109</gpxtpx:hr>
          </gpxtpx:TrackPointExtension>
        </extensions>
      </trkpt>
      <trkpt lat="36.11800013876457" lon="120.37733953868424">
        <ele>48.1</ele>
        <time>2026-07-31T22:27:23Z</time>
        <extensions>
          <gpxtpx:TrackPointExtension>
            <gpxtpx:hr>109</gpxtpx:hr>
          </gpxtpx:TrackPointExtension>
        </extensions>
      </trkpt>
      <trkpt lat="36.11799312232211" lon="120.37736153087525">
        <ele>48.1</ele>
        <time>2026-07-31T22:27:24Z</time>
        <extensions>
          <gpxtpx:TrackPointExtension>
            <gpxtpx:hr>109</gpxtpx:hr>
          </gpxtpx:TrackPointExtension>
        </extensions>
      </trkpt>
      <trkpt lat="36.11798910930202" lon="120.37737852470863">
        <ele>48.1</ele>
        <time>2026-07-31T22:27:25Z</time>
        <extensions>
          <gpxtpx:TrackPointExtension>
            <gpxtpx:hr>109</gpxtpx:hr>
          </gpxtpx:TrackPointExtension>
        </extensions>
      </trkpt>
      <trkpt lat="36.11798210190655" lon="120.37738952118612">
        <ele>48.5</ele>
        <time>2026-07-31T22:27:26Z</time>
        <extensions>
          <gpxtpx:TrackPointExtension>
            <gpxtpx:hr>103</gpxtpx:hr>
          </gpxtpx:TrackPointExtension>
        </extensions>
      </trkpt>
      <trkpt lat="36.117974098844726" lon="120.37739551970387">
        <ele>48.5</ele>
        <time>2026-07-31T22:27:27Z</time>
        <extensions>
          <gpxtpx:TrackPointExtension>
            <gpxtpx:hr>103</gpxtpx:hr>
          </gpxtpx:TrackPointExtension>
        </extensions>
      </trkpt>
      <trkpt lat="36.11796510257183" lon="120.37739352141644">
        <ele>48.5</ele>
        <time>2026-07-31T22:27:28Z</time>
        <extensions>
          <gpxtpx:TrackPointExtension>
            <gpxtpx:hr>103</gpxtpx:hr>
          </gpxtpx:TrackPointExtension>
        </extensions>
      </trkpt>
      <trkpt lat="36.11796809450097" lon="120.37740251762838">
        <ele>48.5</ele>
        <time>2026-07-31T22:27:29Z</time>
        <extensions>
          <gpxtpx:TrackPointExtension>
            <gpxtpx:hr>103</gpxtpx:hr>
          </gpxtpx:TrackPointExtension>
        </extensions>
      </trkpt>
      <trkpt lat="36.11797707357985" lon="120.37742550782491">
        <ele>48.5</ele>
        <time>2026-07-31T22:27:31Z</time>
        <extensions>
          <gpxtpx:TrackPointExtension>
            <gpxtpx:hr>108</gpxtpx:hr>
          </gpxtpx:TrackPointExtension>
        </extensions>
      </trkpt>
      <trkpt lat="36.117978068438106" lon="120.37743150541215">
        <ele>48.5</ele>
        <time>2026-07-31T22:27:32Z</time>
        <extensions>
          <gpxtpx:TrackPointExtension>
            <gpxtpx:hr>108</gpxtpx:hr>
          </gpxtpx:TrackPointExtension>
        </extensions>
      </trkpt>
      <trkpt lat="36.11797706703383" lon="120.37743350474751">
        <ele>48.5</ele>
        <time>2026-07-31T22:27:33Z</time>
        <extensions>
          <gpxtpx:TrackPointExtension>
            <gpxtpx:hr>108</gpxtpx:hr>
          </gpxtpx:TrackPointExtension>
        </extensions>
      </trkpt>
      <trkpt lat="36.11797204366753" lon="120.377463493755">
        <ele>48.5</ele>
        <time>2026-07-31T22:27:35Z</time>
        <extensions>
          <gpxtpx:TrackPointExtension>
            <gpxtpx:hr>108</gpxtpx:hr>
          </gpxtpx:TrackPointExtension>
        </extensions>
      </trkpt>
      <trkpt lat="36.117963024526595" lon="120.37748948474803">
        <ele>48.9</ele>
        <time>2026-07-31T22:27:36Z</time>
        <extensions>
          <gpxtpx:TrackPointExtension>
            <gpxtpx:hr>110</gpxtpx:hr>
          </gpxtpx:TrackPointExtension>
        </extensions>
      </trkpt>
      <trkpt lat="36.11795000470891" lon="120.37751747542742">
        <ele>48.9</ele>
        <time>2026-07-31T22:27:37Z</time>
        <extensions>
          <gpxtpx:TrackPointExtension>
            <gpxtpx:hr>110</gpxtpx:hr>
          </gpxtpx:TrackPointExtension>
        </extensions>
      </trkpt>
      <trkpt lat="36.117938984456536" lon="120.37754546593287">
        <ele>48.9</ele>
        <time>2026-07-31T22:27:38Z</time>
        <extensions>
          <gpxtpx:TrackPointExtension>
            <gpxtpx:hr>110</gpxtpx:hr>
          </gpxtpx:TrackPointExtension>
        </extensions>
      </trkpt>
      <trkpt lat="36.11792896400149" lon="120.37757345636881">
        <ele>48.9</ele>
        <time>2026-07-31T22:27:39Z</time>
        <extensions>
          <gpxtpx:TrackPointExtension>
            <gpxtpx:hr>110</gpxtpx:hr>
          </gpxtpx:TrackPointExtension>
        </extensions>
      </trkpt>
      <trkpt lat="36.11791894357577" lon="120.37760144683972">
        <ele>48.9</ele>
        <time>2026-07-31T22:27:40Z</time>
        <extensions>
          <gpxtpx:TrackPointExtension>
            <gpxtpx:hr>110</gpxtpx:hr>
          </gpxtpx:TrackPointExtension>
        </extensions>
      </trkpt>
      <trkpt lat="36.117909921325946" lon="120.37763143648975">
        <ele>48.9</ele>
        <time>2026-07-31T22:27:41Z</time>
        <extensions>
          <gpxtpx:TrackPointExtension>
            <gpxtpx:hr>109</gpxtpx:hr>
          </gpxtpx:TrackPointExtension>
        </extensions>
      </trkpt>
      <trkpt lat="36.1178998993418" lon="120.37766142628442">
        <ele>48.9</ele>
        <time>2026-07-31T22:27:42Z</time>
        <extensions>
          <gpxtpx:TrackPointExtension>
            <gpxtpx:hr>109</gpxtpx:hr>
          </gpxtpx:TrackPointExtension>
        </extensions>
      </trkpt>
      <trkpt lat="36.11788887681492" lon="120.37769241585076">
        <ele>48.9</ele>
        <time>2026-07-31T22:27:43Z</time>
        <extensions>
          <gpxtpx:TrackPointExtension>
            <gpxtpx:hr>109</gpxtpx:hr>
          </gpxtpx:TrackPointExtension>
        </extensions>
      </trkpt>
      <trkpt lat="36.117877855938616" lon="120.37772140620325">
        <ele>48.9</ele>
        <time>2026-07-31T22:27:44Z</time>
        <extensions>
          <gpxtpx:TrackPointExtension>
            <gpxtpx:hr>109</gpxtpx:hr>
          </gpxtpx:TrackPointExtension>
        </extensions>
      </trkpt>
      <trkpt lat="36.117869837623125" lon="120.37774639776171">
        <ele>48.9</ele>
        <time>2026-07-31T22:27:45Z</time>
        <extensions>
          <gpxtpx:TrackPointExtension>
            <gpxtpx:hr>109</gpxtpx:hr>
          </gpxtpx:TrackPointExtension>
        </extensions>
      </trkpt>
      <trkpt lat="36.11785783153892" lon="120.37775739494211">
        <ele>48.8</ele>
        <time>2026-07-31T22:27:46Z</time>
        <extensions>
          <gpxtpx:TrackPointExtension>
            <gpxtpx:hr>109</gpxtpx:hr>
          </gpxtpx:TrackPointExtension>
        </extensions>
      </trkpt>
      <trkpt lat="36.11784583835298" lon="120.37775239804635">
        <ele>48.8</ele>
        <time>2026-07-31T22:27:47Z</time>
        <extensions>
          <gpxtpx:TrackPointExtension>
            <gpxtpx:hr>109</gpxtpx:hr>
          </gpxtpx:TrackPointExtension>
        </extensions>
      </trkpt>
      <trkpt lat="36.11782286224" lon="120.37772940897672">
        <ele>48.8</ele>
        <time>2026-07-31T22:27:48Z</time>
        <extensions>
          <gpxtpx:TrackPointExtension>
            <gpxtpx:hr>109</gpxtpx:hr>
          </gpxtpx:TrackPointExtension>
        </extensions>
      </trkpt>
      <trkpt lat="36.117805885562845" lon="120.37770541967632">
        <ele>48.8</ele>
        <time>2026-07-31T22:27:49Z</time>
        <extensions>
          <gpxtpx:TrackPointExtension>
            <gpxtpx:hr>109</gpxtpx:hr>
          </gpxtpx:TrackPointExtension>
        </extensions>
      </trkpt>
      <trkpt lat="36.117787904286956" lon="120.37768742826628">
        <ele>48.8</ele>
        <time>2026-07-31T22:27:50Z</time>
        <extensions>
          <gpxtpx:TrackPointExtension>
            <gpxtpx:hr>109</gpxtpx:hr>
          </gpxtpx:TrackPointExtension>
        </extensions>
      </trkpt>
      <trkpt lat="36.117767918632126" lon="120.37767543483665">
        <ele>48.8</ele>
        <time>2026-07-31T22:27:51Z</time>
        <extensions>
          <gpxtpx:TrackPointExtension>
            <gpxtpx:hr>108</gpxtpx:hr>
          </gpxtpx:TrackPointExtension>
        </extensions>
      </trkpt>
      <trkpt lat="36.11773992189115" lon="120.37767943626702">
        <ele>48.8</ele>
        <time>2026-07-31T22:27:53Z</time>
        <extensions>
          <gpxtpx:TrackPointExtension>
            <gpxtpx:hr>108</gpxtpx:hr>
          </gpxtpx:TrackPointExtension>
        </extensions>
      </trkpt>
      <trkpt lat="36.11773391277041" lon="120.37769243204174">
        <ele>48.8</ele>
        <time>2026-07-31T22:27:54Z</time>
        <extensions>
          <gpxtpx:TrackPointExtension>
            <gpxtpx:hr>108</gpxtpx:hr>
          </gpxtpx:TrackPointExtension>
        </extensions>
      </trkpt>
      <trkpt lat="36.11772990076848" lon="120.37770842649822">
        <ele>48.8</ele>
        <time>2026-07-31T22:27:55Z</time>
        <extensions>
          <gpxtpx:TrackPointExtension>
            <gpxtpx:hr>108</gpxtpx:hr>
          </gpxtpx:TrackPointExtension>
        </extensions>
      </trkpt>
      <trkpt lat="36.11772988704113" lon="120.37772542017682">
        <ele>48.8</ele>
        <time>2026-07-31T22:27:56Z</time>
        <extensions>
          <gpxtpx:TrackPointExtension>
            <gpxtpx:hr>109</gpxtpx:hr>
          </gpxtpx:TrackPointExtension>
        </extensions>
      </trkpt>
      <trkpt lat="36.11773087228614" lon="120.37774341339319">
        <ele>48.8</ele>
        <time>2026-07-31T22:27:57Z</time>
        <extensions>
          <gpxtpx:TrackPointExtension>
            <gpxtpx:hr>109</gpxtpx:hr>
          </gpxtpx:TrackPointExtension>
        </extensions>
      </trkpt>
      <trkpt lat="36.117732856505555" lon="120.37776240614976">
        <ele>48.8</ele>
        <time>2026-07-31T22:27:58Z</time>
        <extensions>
          <gpxtpx:TrackPointExtension>
            <gpxtpx:hr>109</gpxtpx:hr>
          </gpxtpx:TrackPointExtension>
        </extensions>
      </trkpt>
      <trkpt lat="36.11772884052018" lon="120.37778339881136">
        <ele>48.8</ele>
        <time>2026-07-31T22:27:59Z</time>
        <extensions>
          <gpxtpx:TrackPointExtension>
            <gpxtpx:hr>109</gpxtpx:hr>
          </gpxtpx:TrackPointExtension>
        </extensions>
      </trkpt>
      <trkpt lat="36.11772482535558" lon="120.37780339186067">
        <ele>48.8</ele>
        <time>2026-07-31T22:28:00Z</time>
        <extensions>
          <gpxtpx:TrackPointExtension>
            <gpxtpx:hr>109</gpxtpx:hr>
          </gpxtpx:TrackPointExtension>
        </extensions>
      </trkpt>
      <trkpt lat="36.11772580583254" lon="120.37782738293758">
        <ele>48.8</ele>
        <time>2026-07-31T22:28:01Z</time>
        <extensions>
          <gpxtpx:TrackPointExtension>
            <gpxtpx:hr>110</gpxtpx:hr>
          </gpxtpx:TrackPointExtension>
        </extensions>
      </trkpt>
      <trkpt lat="36.11772378702699" lon="120.37785137435367">
        <ele>48.8</ele>
        <time>2026-07-31T22:28:02Z</time>
        <extensions>
          <gpxtpx:TrackPointExtension>
            <gpxtpx:hr>110</gpxtpx:hr>
          </gpxtpx:TrackPointExtension>
        </extensions>
      </trkpt>
      <trkpt lat="36.117714766660896" lon="120.37787936506807">
        <ele>48.8</ele>
        <time>2026-07-31T22:28:03Z</time>
        <extensions>
          <gpxtpx:TrackPointExtension>
            <gpxtpx:hr>110</gpxtpx:hr>
          </gpxtpx:TrackPointExtension>
        </extensions>
      </trkpt>
      <trkpt lat="36.11770774666069" lon="120.37790635597199">
        <ele>48.8</ele>
        <time>2026-07-31T22:28:04Z</time>
        <extensions>
          <gpxtpx:TrackPointExtension>
            <gpxtpx:hr>110</gpxtpx:hr>
          </gpxtpx:TrackPointExtension>
        </extensions>
      </trkpt>
      <trkpt lat="36.11769972771921" lon="120.37793234737524">
        <ele>48.8</ele>
        <time>2026-07-31T22:28:05Z</time>
        <extensions>
          <gpxtpx:TrackPointExtension>
            <gpxtpx:hr>110</gpxtpx:hr>
          </gpxtpx:TrackPointExtension>
        </extensions>
      </trkpt>
      <trkpt lat="36.1176877057393" lon="120.37796333742196">
        <ele>48.8</ele>
        <time>2026-07-31T22:28:06Z</time>
        <extensions>
          <gpxtpx:TrackPointExtension>
            <gpxtpx:hr>112</gpxtpx:hr>
          </gpxtpx:TrackPointExtension>
        </extensions>
      </trkpt>
      <trkpt lat="36.117673689839805" lon="120.37798733023777">
        <ele>48.8</ele>
        <time>2026-07-31T22:28:07Z</time>
        <extensions>
          <gpxtpx:TrackPointExtension>
            <gpxtpx:hr>112</gpxtpx:hr>
          </gpxtpx:TrackPointExtension>
        </extensions>
      </trkpt>
      <trkpt lat="36.11766267167332" lon="120.37801332204877">
        <ele>48.8</ele>
        <time>2026-07-31T22:28:08Z</time>
        <extensions>
          <gpxtpx:TrackPointExtension>
            <gpxtpx:hr>112</gpxtpx:hr>
          </gpxtpx:TrackPointExtension>
        </extensions>
      </trkpt>
      <trkpt lat="36.117646652306036" lon="120.3780423133404">
        <ele>48.8</ele>
        <time>2026-07-31T22:28:09Z</time>
        <extensions>
          <gpxtpx:TrackPointExtension>
            <gpxtpx:hr>112</gpxtpx:hr>
          </gpxtpx:TrackPointExtension>
        </extensions>
      </trkpt>
      <trkpt lat="36.1176076168761" lon="120.37809829747752">
        <ele>48.8</ele>
        <time>2026-07-31T22:28:11Z</time>
        <extensions>
          <gpxtpx:TrackPointExtension>
            <gpxtpx:hr>114</gpxtpx:hr>
          </gpxtpx:TrackPointExtension>
        </extensions>
      </trkpt>
      <trkpt lat="36.117595595089696" lon="120.37812928775516">
        <ele>48.8</ele>
        <time>2026-07-31T22:28:12Z</time>
        <extensions>
          <gpxtpx:TrackPointExtension>
            <gpxtpx:hr>114</gpxtpx:hr>
          </gpxtpx:TrackPointExtension>
        </extensions>
      </trkpt>
      <trkpt lat="36.117586575807266" lon="120.37815627917082">
        <ele>48.8</ele>
        <time>2026-07-31T22:28:13Z</time>
        <extensions>
          <gpxtpx:TrackPointExtension>
            <gpxtpx:hr>114</gpxtpx:hr>
          </gpxtpx:TrackPointExtension>
        </extensions>
      </trkpt>
      <trkpt lat="36.11757555701616" lon="120.37818327082817">
        <ele>48.8</ele>
        <time>2026-07-31T22:28:14Z</time>
        <extensions>
          <gpxtpx:TrackPointExtension>
            <gpxtpx:hr>114</gpxtpx:hr>
          </gpxtpx:TrackPointExtension>
        </extensions>
      </trkpt>
      <trkpt lat="36.11755654168589" lon="120.3782082640535">
        <ele>48.8</ele>
        <time>2026-07-31T22:28:15Z</time>
        <extensions>
          <gpxtpx:TrackPointExtension>
            <gpxtpx:hr>114</gpxtpx:hr>
          </gpxtpx:TrackPointExtension>
        </extensions>
      </trkpt>
      <trkpt lat="36.11753352888304" lon="120.37823125842223">
        <ele>48.4</ele>
        <time>2026-07-31T22:28:16Z</time>
        <extensions>
          <gpxtpx:TrackPointExtension>
            <gpxtpx:hr>116</gpxtpx:hr>
          </gpxtpx:TrackPointExtension>
        </extensions>
      </trkpt>
      <trkpt lat="36.117505518046954" lon="120.37825325368485">
        <ele>48.4</ele>
        <time>2026-07-31T22:28:17Z</time>
        <extensions>
          <gpxtpx:TrackPointExtension>
            <gpxtpx:hr>116</gpxtpx:hr>
          </gpxtpx:TrackPointExtension>
        </extensions>
      </trkpt>
      <trkpt lat="36.117481511807604" lon="120.3782682509801">
        <ele>48.4</ele>
        <time>2026-07-31T22:28:18Z</time>
        <extensions>
          <gpxtpx:TrackPointExtension>
            <gpxtpx:hr>116</gpxtpx:hr>
          </gpxtpx:TrackPointExtension>
        </extensions>
      </trkpt>
      <trkpt lat="36.117460504094765" lon="120.37828424762566">
        <ele>48.4</ele>
        <time>2026-07-31T22:28:19Z</time>
        <extensions>
          <gpxtpx:TrackPointExtension>
            <gpxtpx:hr>116</gpxtpx:hr>
          </gpxtpx:TrackPointExtension>
        </extensions>
      </trkpt>
      <trkpt lat="36.117441499855836" lon="120.37829524580278">
        <ele>48.4</ele>
        <time>2026-07-31T22:28:20Z</time>
        <extensions>
          <gpxtpx:TrackPointExtension>
            <gpxtpx:hr>116</gpxtpx:hr>
          </gpxtpx:TrackPointExtension>
        </extensions>
      </trkpt>
      <trkpt lat="36.11742649704988" lon="120.37830324460393">
        <ele>48.4</ele>
        <time>2026-07-31T22:28:21Z</time>
        <extensions>
          <gpxtpx:TrackPointExtension>
            <gpxtpx:hr>115</gpxtpx:hr>
          </gpxtpx:TrackPointExtension>
        </extensions>
      </trkpt>
      <trkpt lat="36.117409508848354" lon="120.37829324983738">
        <ele>48.4</ele>
        <time>2026-07-31T22:28:22Z</time>
        <extensions>
          <gpxtpx:TrackPointExtension>
            <gpxtpx:hr>115</gpxtpx:hr>
          </gpxtpx:TrackPointExtension>
        </extensions>
      </trkpt>
      <trkpt lat="36.117405522353565" lon="120.37827725579682">
        <ele>48.4</ele>
        <time>2026-07-31T22:28:23Z</time>
        <extensions>
          <gpxtpx:TrackPointExtension>
            <gpxtpx:hr>115</gpxtpx:hr>
          </gpxtpx:TrackPointExtension>
        </extensions>
      </trkpt>
      <trkpt lat="36.11740153901677" lon="120.37825726315785">
        <ele>48.4</ele>
        <time>2026-07-31T22:28:24Z</time>
        <extensions>
          <gpxtpx:TrackPointExtension>
            <gpxtpx:hr>115</gpxtpx:hr>
          </gpxtpx:TrackPointExtension>
        </extensions>
      </trkpt>
      <trkpt lat="36.1174025576875" lon="120.37823327140897">
        <ele>48.4</ele>
        <time>2026-07-31T22:28:25Z</time>
        <extensions>
          <gpxtpx:TrackPointExtension>
            <gpxtpx:hr>115</gpxtpx:hr>
          </gpxtpx:TrackPointExtension>
        </extensions>
      </trkpt>
      <trkpt lat="36.11740457772608" lon="120.37820728028117">
        <ele>48.6</ele>
        <time>2026-07-31T22:28:26Z</time>
        <extensions>
          <gpxtpx:TrackPointExtension>
            <gpxtpx:hr>115</gpxtpx:hr>
          </gpxtpx:TrackPointExtension>
        </extensions>
      </trkpt>
      <trkpt lat="36.11740459351449" lon="120.37818728728733">
        <ele>48.6</ele>
        <time>2026-07-31T22:28:27Z</time>
        <extensions>
          <gpxtpx:TrackPointExtension>
            <gpxtpx:hr>115</gpxtpx:hr>
          </gpxtpx:TrackPointExtension>
        </extensions>
      </trkpt>
      <trkpt lat="36.1173716145992" lon="120.37817029670384">
        <ele>48.6</ele>
        <time>2026-07-31T22:28:29Z</time>
        <extensions>
          <gpxtpx:TrackPointExtension>
            <gpxtpx:hr>115</gpxtpx:hr>
          </gpxtpx:TrackPointExtension>
        </extensions>
      </trkpt>
      <trkpt lat="36.117343608450064" lon="120.3781862940101">
        <ele>48.6</ele>
        <time>2026-07-31T22:28:30Z</time>
        <extensions>
          <gpxtpx:TrackPointExtension>
            <gpxtpx:hr>115</gpxtpx:hr>
          </gpxtpx:TrackPointExtension>
        </extensions>
      </trkpt>
      <trkpt lat="36.117310605837744" lon="120.37819929290062">
        <ele>48.6</ele>
        <time>2026-07-31T22:28:31Z</time>
        <extensions>
          <gpxtpx:TrackPointExtension>
            <gpxtpx:hr>116</gpxtpx:hr>
          </gpxtpx:TrackPointExtension>
        </extensions>
      </trkpt>
      <trkpt lat="36.11727760165399" lon="120.37821429109955">
        <ele>48.6</ele>
        <time>2026-07-31T22:28:32Z</time>
        <extensions>
          <gpxtpx:TrackPointExtension>
            <gpxtpx:hr>116</gpxtpx:hr>
          </gpxtpx:TrackPointExtension>
        </extensions>
      </trkpt>
      <trkpt lat="36.11724360165195" lon="120.37822429115796">
        <ele>48.6</ele>
        <time>2026-07-31T22:28:33Z</time>
        <extensions>
          <gpxtpx:TrackPointExtension>
            <gpxtpx:hr>116</gpxtpx:hr>
          </gpxtpx:TrackPointExtension>
        </extensions>
      </trkpt>
      <trkpt lat="36.117211603554004" lon="120.37823129205809">
        <ele>48.6</ele>
        <time>2026-07-31T22:28:34Z</time>
        <extensions>
          <gpxtpx:TrackPointExtension>
            <gpxtpx:hr>116</gpxtpx:hr>
          </gpxtpx:TrackPointExtension>
        </extensions>
      </trkpt>
      <trkpt lat="36.11718360925819" lon="120.37823229463417">
        <ele>48.6</ele>
        <time>2026-07-31T22:28:35Z</time>
        <extensions>
          <gpxtpx:TrackPointExtension>
            <gpxtpx:hr>116</gpxtpx:hr>
          </gpxtpx:TrackPointExtension>
        </extensions>
      </trkpt>
      <trkpt lat="36.1171586158429" lon="120.37823129759438">
        <ele>49.3</ele>
        <time>2026-07-31T22:28:36Z</time>
        <extensions>
          <gpxtpx:TrackPointExtension>
            <gpxtpx:hr>116</gpxtpx:hr>
          </gpxtpx:TrackPointExtension>
        </extensions>
      </trkpt>
      <trkpt lat="36.11712861885846" lon="120.3782362989848">
        <ele>49.3</ele>
        <time>2026-07-31T22:28:37Z</time>
        <extensions>
          <gpxtpx:TrackPointExtension>
            <gpxtpx:hr>116</gpxtpx:hr>
          </gpxtpx:TrackPointExtension>
        </extensions>
      </trkpt>
      <trkpt lat="36.117100622198876" lon="120.37824030051578">
        <ele>49.3</ele>
        <time>2026-07-31T22:28:38Z</time>
        <extensions>
          <gpxtpx:TrackPointExtension>
            <gpxtpx:hr>116</gpxtpx:hr>
          </gpxtpx:TrackPointExtension>
        </extensions>
      </trkpt>
      <trkpt lat="36.11706962859843" lon="120.37824130340563">
        <ele>49.3</ele>
        <time>2026-07-31T22:28:39Z</time>
        <extensions>
          <gpxtpx:TrackPointExtension>
            <gpxtpx:hr>116</gpxtpx:hr>
          </gpxtpx:TrackPointExtension>
        </extensions>
      </trkpt>
      <trkpt lat="36.117037638380886" lon="120.37823830779347">
        <ele>49.3</ele>
        <time>2026-07-31T22:28:40Z</time>
        <extensions>
          <gpxtpx:TrackPointExtension>
            <gpxtpx:hr>116</gpxtpx:hr>
          </gpxtpx:TrackPointExtension>
        </extensions>
      </trkpt>
      <trkpt lat="36.117004648395344" lon="120.37823531228617">
        <ele>49.3</ele>
        <time>2026-07-31T22:28:41Z</time>
        <extensions>
          <gpxtpx:TrackPointExtension>
            <gpxtpx:hr>117</gpxtpx:hr>
          </gpxtpx:TrackPointExtension>
        </extensions>
      </trkpt>
      <trkpt lat="36.11697665961529" lon="120.37822931730337">
        <ele>49.3</ele>
        <time>2026-07-31T22:28:42Z</time>
        <extensions>
          <gpxtpx:TrackPointExtension>
            <gpxtpx:hr>117</gpxtpx:hr>
          </gpxtpx:TrackPointExtension>
        </extensions>
      </trkpt>
      <trkpt lat="36.116957675058735" lon="120.3782153241766">
        <ele>49.3</ele>
        <time>2026-07-31T22:28:43Z</time>
        <extensions>
          <gpxtpx:TrackPointExtension>
            <gpxtpx:hr>117</gpxtpx:hr>
          </gpxtpx:TrackPointExtension>
        </extensions>
      </trkpt>
      <trkpt lat="36.11693568725911" lon="120.37820632962195">
        <ele>49.3</ele>
        <time>2026-07-31T22:28:44Z</time>
        <extensions>
          <gpxtpx:TrackPointExtension>
            <gpxtpx:hr>117</gpxtpx:hr>
          </gpxtpx:TrackPointExtension>
        </extensions>
      </trkpt>
      <trkpt lat="36.1169157021568" lon="120.37819333626358">
        <ele>49.3</ele>
        <time>2026-07-31T22:28:45Z</time>
        <extensions>
          <gpxtpx:TrackPointExtension>
            <gpxtpx:hr>117</gpxtpx:hr>
          </gpxtpx:TrackPointExtension>
        </extensions>
      </trkpt>
      <trkpt lat="36.11687473615615" lon="120.37816235143295">
        <ele>49.9</ele>
        <time>2026-07-31T22:28:47Z</time>
        <extensions>
          <gpxtpx:TrackPointExtension>
            <gpxtpx:hr>118</gpxtpx:hr>
          </gpxtpx:TrackPointExtension>
        </extensions>
      </trkpt>
      <trkpt lat="36.11685675219412" lon="120.3781473585964">
        <ele>49.9</ele>
        <time>2026-07-31T22:28:48Z</time>
        <extensions>
          <gpxtpx:TrackPointExtension>
            <gpxtpx:hr>118</gpxtpx:hr>
          </gpxtpx:TrackPointExtension>
        </extensions>
      </trkpt>
      <trkpt lat="36.11683176907132" lon="120.37813336614794">
        <ele>49.9</ele>
        <time>2026-07-31T22:28:49Z</time>
        <extensions>
          <gpxtpx:TrackPointExtension>
            <gpxtpx:hr>118</gpxtpx:hr>
          </gpxtpx:TrackPointExtension>
        </extensions>
      </trkpt>
      <trkpt lat="36.116809787637635" lon="120.37811637445654">
        <ele>49.9</ele>
        <time>2026-07-31T22:28:50Z</time>
        <extensions>
          <gpxtpx:TrackPointExtension>
            <gpxtpx:hr>118</gpxtpx:hr>
          </gpxtpx:TrackPointExtension>
        </extensions>
      </trkpt>
      <trkpt lat="36.11678680248147" lon="120.37810438110958">
        <ele>49.9</ele>
        <time>2026-07-31T22:28:51Z</time>
        <extensions>
          <gpxtpx:TrackPointExtension>
            <gpxtpx:hr>118</gpxtpx:hr>
          </gpxtpx:TrackPointExtension>
        </extensions>
      </trkpt>
      <trkpt lat="36.11676181779423" lon="120.378092387978">
        <ele>49.9</ele>
        <time>2026-07-31T22:28:52Z</time>
        <extensions>
          <gpxtpx:TrackPointExtension>
            <gpxtpx:hr>118</gpxtpx:hr>
          </gpxtpx:TrackPointExtension>
        </extensions>
      </trkpt>
      <trkpt lat="36.11673883185491" lon="120.37808139428844">
        <ele>49.9</ele>
        <time>2026-07-31T22:28:53Z</time>
        <extensions>
          <gpxtpx:TrackPointExtension>
            <gpxtpx:hr>118</gpxtpx:hr>
          </gpxtpx:TrackPointExtension>
        </extensions>
      </trkpt>
      <trkpt lat="36.11671684409994" lon="120.37807239978792">
        <ele>49.9</ele>
        <time>2026-07-31T22:28:54Z</time>
        <extensions>
          <gpxtpx:TrackPointExtension>
            <gpxtpx:hr>118</gpxtpx:hr>
          </gpxtpx:TrackPointExtension>
        </extensions>
      </trkpt>
      <trkpt lat="36.11669385657972" lon="120.3780634053955">
        <ele>49.9</ele>
        <time>2026-07-31T22:28:55Z</time>
        <extensions>
          <gpxtpx:TrackPointExtension>
            <gpxtpx:hr>118</gpxtpx:hr>
          </gpxtpx:TrackPointExtension>
        </extensions>
      </trkpt>
      <trkpt lat="36.11666886634709" lon="120.37805840978905">
        <ele>49.9</ele>
        <time>2026-07-31T22:28:56Z</time>
        <extensions>
          <gpxtpx:TrackPointExtension>
            <gpxtpx:hr>118</gpxtpx:hr>
          </gpxtpx:TrackPointExtension>
        </extensions>
      </trkpt>
      <trkpt lat="36.11664888052127" lon="120.37804641615995">
        <ele>49.9</ele>
        <time>2026-07-31T22:28:57Z</time>
        <extensions>
          <gpxtpx:TrackPointExtension>
            <gpxtpx:hr>118</gpxtpx:hr>
          </gpxtpx:TrackPointExtension>
        </extensions>
      </trkpt>
      <trkpt lat="36.116627896523774" lon="120.37803242335711">
        <ele>49.9</ele>
        <time>2026-07-31T22:28:58Z</time>
        <extensions>
          <gpxtpx:TrackPointExtension>
            <gpxtpx:hr>118</gpxtpx:hr>
          </gpxtpx:TrackPointExtension>
        </extensions>
      </trkpt>
      <trkpt lat="36.11660791230181" lon="120.37801843045858">
        <ele>49.9</ele>
        <time>2026-07-31T22:28:59Z</time>
        <extensions>
          <gpxtpx:TrackPointExtension>
            <gpxtpx:hr>118</gpxtpx:hr>
          </gpxtpx:TrackPointExtension>
        </extensions>
      </trkpt>
      <trkpt lat="36.11658892705872" lon="120.37800543710546">
        <ele>49.9</ele>
        <time>2026-07-31T22:29:00Z</time>
        <extensions>
          <gpxtpx:TrackPointExtension>
            <gpxtpx:hr>118</gpxtpx:hr>
          </gpxtpx:TrackPointExtension>
        </extensions>
      </trkpt>
      <trkpt lat="36.11656894045948" lon="120.37799444314544">
        <ele>49.9</ele>
        <time>2026-07-31T22:29:01Z</time>
        <extensions>
          <gpxtpx:TrackPointExtension>
            <gpxtpx:hr>119</gpxtpx:hr>
          </gpxtpx:TrackPointExtension>
        </extensions>
      </trkpt>
      <trkpt lat="36.11654995443047" lon="120.3779824494463">
        <ele>49.9</ele>
        <time>2026-07-31T22:29:02Z</time>
        <extensions>
          <gpxtpx:TrackPointExtension>
            <gpxtpx:hr>119</gpxtpx:hr>
          </gpxtpx:TrackPointExtension>
        </extensions>
      </trkpt>
      <trkpt lat="36.11652796910208" lon="120.377970456067">
        <ele>49.9</ele>
        <time>2026-07-31T22:29:03Z</time>
        <extensions>
          <gpxtpx:TrackPointExtension>
            <gpxtpx:hr>119</gpxtpx:hr>
          </gpxtpx:TrackPointExtension>
        </extensions>
      </trkpt>
      <trkpt lat="36.116478998821215" lon="120.37794746948846">
        <ele>49.9</ele>
        <time>2026-07-31T22:29:05Z</time>
        <extensions>
          <gpxtpx:TrackPointExtension>
            <gpxtpx:hr>119</gpxtpx:hr>
          </gpxtpx:TrackPointExtension>
        </extensions>
      </trkpt>
      <trkpt lat="36.11645101409956" lon="120.37793647639265">
        <ele>49.8</ele>
        <time>2026-07-31T22:29:06Z</time>
        <extensions>
          <gpxtpx:TrackPointExtension>
            <gpxtpx:hr>118</gpxtpx:hr>
          </gpxtpx:TrackPointExtension>
        </extensions>
      </trkpt>
      <trkpt lat="36.11642403074999" lon="120.37792348392288">
        <ele>49.8</ele>
        <time>2026-07-31T22:29:07Z</time>
        <extensions>
          <gpxtpx:TrackPointExtension>
            <gpxtpx:hr>118</gpxtpx:hr>
          </gpxtpx:TrackPointExtension>
        </extensions>
      </trkpt>
      <trkpt lat="36.1164020478485" lon="120.3779084916649">
        <ele>49.8</ele>
        <time>2026-07-31T22:29:08Z</time>
        <extensions>
          <gpxtpx:TrackPointExtension>
            <gpxtpx:hr>118</gpxtpx:hr>
          </gpxtpx:TrackPointExtension>
        </extensions>
      </trkpt>
      <trkpt lat="36.116379065988006" lon="120.37789249988539">
        <ele>49.8</ele>
        <time>2026-07-31T22:29:09Z</time>
        <extensions>
          <gpxtpx:TrackPointExtension>
            <gpxtpx:hr>118</gpxtpx:hr>
          </gpxtpx:TrackPointExtension>
        </extensions>
      </trkpt>
      <trkpt lat="36.116357084706834" lon="120.37787550837763">
        <ele>49.8</ele>
        <time>2026-07-31T22:29:10Z</time>
        <extensions>
          <gpxtpx:TrackPointExtension>
            <gpxtpx:hr>118</gpxtpx:hr>
          </gpxtpx:TrackPointExtension>
        </extensions>
      </trkpt>
      <trkpt lat="36.116334102866006" lon="120.37785951662175">
        <ele>49.8</ele>
        <time>2026-07-31T22:29:11Z</time>
        <extensions>
          <gpxtpx:TrackPointExtension>
            <gpxtpx:hr>119</gpxtpx:hr>
          </gpxtpx:TrackPointExtension>
        </extensions>
      </trkpt>
      <trkpt lat="36.116307130794034" lon="120.37783252932584">
        <ele>49.8</ele>
        <time>2026-07-31T22:29:12Z</time>
        <extensions>
          <gpxtpx:TrackPointExtension>
            <gpxtpx:hr>119</gpxtpx:hr>
          </gpxtpx:TrackPointExtension>
        </extensions>
      </trkpt>
      <trkpt lat="36.116281150477775" lon="120.37781553828152">
        <ele>49.8</ele>
        <time>2026-07-31T22:29:13Z</time>
        <extensions>
          <gpxtpx:TrackPointExtension>
            <gpxtpx:hr>119</gpxtpx:hr>
          </gpxtpx:TrackPointExtension>
        </extensions>
      </trkpt>
      <trkpt lat="36.11625816786834" lon="120.37780054620046">
        <ele>49.8</ele>
        <time>2026-07-31T22:29:14Z</time>
        <extensions>
          <gpxtpx:TrackPointExtension>
            <gpxtpx:hr>119</gpxtpx:hr>
          </gpxtpx:TrackPointExtension>
        </extensions>
      </trkpt>
      <trkpt lat="36.11623718399893" lon="120.37778655355181">
        <ele>49.8</ele>
        <time>2026-07-31T22:29:15Z</time>
        <extensions>
          <gpxtpx:TrackPointExtension>
            <gpxtpx:hr>119</gpxtpx:hr>
          </gpxtpx:TrackPointExtension>
        </extensions>
      </trkpt>
      <trkpt lat="36.11621920185809" lon="120.37776956170684">
        <ele>49.4</ele>
        <time>2026-07-31T22:29:16Z</time>
        <extensions>
          <gpxtpx:TrackPointExtension>
            <gpxtpx:hr>120</gpxtpx:hr>
          </gpxtpx:TrackPointExtension>
        </extensions>
      </trkpt>
      <trkpt lat="36.11620021592941" lon="120.37775756812854">
        <ele>49.4</ele>
        <time>2026-07-31T22:29:17Z</time>
        <extensions>
          <gpxtpx:TrackPointExtension>
            <gpxtpx:hr>120</gpxtpx:hr>
          </gpxtpx:TrackPointExtension>
        </extensions>
      </trkpt>
      <trkpt lat="36.1161802318507" lon="120.37774357540233">
        <ele>49.4</ele>
        <time>2026-07-31T22:29:18Z</time>
        <extensions>
          <gpxtpx:TrackPointExtension>
            <gpxtpx:hr>120</gpxtpx:hr>
          </gpxtpx:TrackPointExtension>
        </extensions>
      </trkpt>
      <trkpt lat="36.11616124593361" lon="120.37773158183798">
        <ele>49.4</ele>
        <time>2026-07-31T22:29:19Z</time>
        <extensions>
          <gpxtpx:TrackPointExtension>
            <gpxtpx:hr>120</gpxtpx:hr>
          </gpxtpx:TrackPointExtension>
        </extensions>
      </trkpt>
      <trkpt lat="36.11614226082928" lon="120.37771858865179">
        <ele>49.4</ele>
        <time>2026-07-31T22:29:20Z</time>
        <extensions>
          <gpxtpx:TrackPointExtension>
            <gpxtpx:hr>120</gpxtpx:hr>
          </gpxtpx:TrackPointExtension>
        </extensions>
      </trkpt>
      <trkpt lat="36.116119275850075" lon="120.37770659551863">
        <ele>49.4</ele>
        <time>2026-07-31T22:29:21Z</time>
        <extensions>
          <gpxtpx:TrackPointExtension>
            <gpxtpx:hr>120</gpxtpx:hr>
          </gpxtpx:TrackPointExtension>
        </extensions>
      </trkpt>
      <trkpt lat="36.116071311224346" lon="120.37767661172157">
        <ele>49.4</ele>
        <time>2026-07-31T22:29:23Z</time>
        <extensions>
          <gpxtpx:TrackPointExtension>
            <gpxtpx:hr>120</gpxtpx:hr>
          </gpxtpx:TrackPointExtension>
        </extensions>
      </trkpt>
      <trkpt lat="36.116047330543196" lon="120.37765962058683">
        <ele>49.4</ele>
        <time>2026-07-31T22:29:24Z</time>
        <extensions>
          <gpxtpx:TrackPointExtension>
            <gpxtpx:hr>120</gpxtpx:hr>
          </gpxtpx:TrackPointExtension>
        </extensions>
      </trkpt>
      <trkpt lat="36.116025355082336" lon="120.37763563188334">
        <ele>49.4</ele>
        <time>2026-07-31T22:29:25Z</time>
        <extensions>
          <gpxtpx:TrackPointExtension>
            <gpxtpx:hr>120</gpxtpx:hr>
          </gpxtpx:TrackPointExtension>
        </extensions>
      </trkpt>
      <trkpt lat="36.1160023814976" lon="120.37760964406318">
        <ele>50.3</ele>
        <time>2026-07-31T22:29:26Z</time>
        <extensions>
          <gpxtpx:TrackPointExtension>
            <gpxtpx:hr>122</gpxtpx:hr>
          </gpxtpx:TrackPointExtension>
        </extensions>
      </trkpt>
      <trkpt lat="36.11598840422818" lon="120.37758565457763">
        <ele>50.3</ele>
        <time>2026-07-31T22:29:27Z</time>
        <extensions>
          <gpxtpx:TrackPointExtension>
            <gpxtpx:hr>122</gpxtpx:hr>
          </gpxtpx:TrackPointExtension>
        </extensions>
      </trkpt>
      <trkpt lat="36.11597043604199" lon="120.3775516693256">
        <ele>50.3</ele>
        <time>2026-07-31T22:29:28Z</time>
        <extensions>
          <gpxtpx:TrackPointExtension>
            <gpxtpx:hr>122</gpxtpx:hr>
          </gpxtpx:TrackPointExtension>
        </extensions>
      </trkpt>
      <trkpt lat="36.11595446010253" lon="120.37752668049134">
        <ele>50.3</ele>
        <time>2026-07-31T22:29:29Z</time>
        <extensions>
          <gpxtpx:TrackPointExtension>
            <gpxtpx:hr>122</gpxtpx:hr>
          </gpxtpx:TrackPointExtension>
        </extensions>
      </trkpt>
      <trkpt lat="36.11593948069281" lon="120.37750569005505">
        <ele>50.3</ele>
        <time>2026-07-31T22:29:30Z</time>
        <extensions>
          <gpxtpx:TrackPointExtension>
            <gpxtpx:hr>122</gpxtpx:hr>
          </gpxtpx:TrackPointExtension>
        </extensions>
      </trkpt>
      <trkpt lat="36.11592150117834" lon="120.37748569956955">
        <ele>50.3</ele>
        <time>2026-07-31T22:29:31Z</time>
        <extensions>
          <gpxtpx:TrackPointExtension>
            <gpxtpx:hr>122</gpxtpx:hr>
          </gpxtpx:TrackPointExtension>
        </extensions>
      </trkpt>
      <trkpt lat="36.11590051910641" lon="120.37746970788334">
        <ele>50.3</ele>
        <time>2026-07-31T22:29:32Z</time>
        <extensions>
          <gpxtpx:TrackPointExtension>
            <gpxtpx:hr>122</gpxtpx:hr>
          </gpxtpx:TrackPointExtension>
        </extensions>
      </trkpt>
      <trkpt lat="36.11587853155507" lon="120.37746071362892">
        <ele>50.3</ele>
        <time>2026-07-31T22:29:33Z</time>
        <extensions>
          <gpxtpx:TrackPointExtension>
            <gpxtpx:hr>122</gpxtpx:hr>
          </gpxtpx:TrackPointExtension>
        </extensions>
      </trkpt>
      <trkpt lat="36.115855548325925" lon="120.37744672140153">
        <ele>50.3</ele>
        <time>2026-07-31T22:29:34Z</time>
        <extensions>
          <gpxtpx:TrackPointExtension>
            <gpxtpx:hr>122</gpxtpx:hr>
          </gpxtpx:TrackPointExtension>
        </extensions>
      </trkpt>
      <trkpt lat="36.11583956511888" lon="120.37743072922085">
        <ele>50.3</ele>
        <time>2026-07-31T22:29:35Z</time>
        <extensions>
          <gpxtpx:TrackPointExtension>
            <gpxtpx:hr>122</gpxtpx:hr>
          </gpxtpx:TrackPointExtension>
        </extensions>
      </trkpt>
      <trkpt lat="36.11582657304019" lon="120.37742473288718">
        <ele>48.0</ele>
        <time>2026-07-31T22:29:36Z</time>
        <extensions>
          <gpxtpx:TrackPointExtension>
            <gpxtpx:hr>125</gpxtpx:hr>
          </gpxtpx:TrackPointExtension>
        </extensions>
      </trkpt>
      <trkpt lat="36.11570371153679" lon="120.37729079770799">
        <ele>44.9</ele>
        <time>2026-07-31T22:30:18Z</time>
        <extensions>
          <gpxtpx:TrackPointExtension>
            <gpxtpx:hr>159</gpxtpx:hr>
          </gpxtpx:TrackPointExtension>
        </extensions>
      </trkpt>
      <trkpt lat="36.11570371153679" lon="120.37729079770799">
        <ele>44.9</ele>
        <time>2026-07-31T22:30:38Z</time>
        <extensions>
          <gpxtpx:TrackPointExtension>
            <gpxtpx:hr>165</gpxtpx:hr>
          </gpxtpx:TrackPointExtension>
        </extensions>
      </trkpt>
      <trkpt lat="36.11569472350535" lon="120.37727880334133">
        <ele>44.9</ele>
        <time>2026-07-31T22:30:39Z</time>
        <extensions>
          <gpxtpx:TrackPointExtension>
            <gpxtpx:hr>165</gpxtpx:hr>
          </gpxtpx:TrackPointExtension>
        </extensions>
      </trkpt>
      <trkpt lat="36.115679740166605" lon="120.37726281117574">
        <ele>44.9</ele>
        <time>2026-07-31T22:30:40Z</time>
        <extensions>
          <gpxtpx:TrackPointExtension>
            <gpxtpx:hr>165</gpxtpx:hr>
          </gpxtpx:TrackPointExtension>
        </extensions>
      </trkpt>
      <trkpt lat="36.115659757170384" lon="120.37724781915097">
        <ele>44.9</ele>
        <time>2026-07-31T22:30:41Z</time>
        <extensions>
          <gpxtpx:TrackPointExtension>
            <gpxtpx:hr>165</gpxtpx:hr>
          </gpxtpx:TrackPointExtension>
        </extensions>
      </trkpt>
      <trkpt lat="36.11563877276297" lon="120.37723482645389">
        <ele>44.9</ele>
        <time>2026-07-31T22:30:42Z</time>
        <extensions>
          <gpxtpx:TrackPointExtension>
            <gpxtpx:hr>165</gpxtpx:hr>
          </gpxtpx:TrackPointExtension>
        </extensions>
      </trkpt>
      <trkpt lat="36.11561678446378" lon="120.37722683189976">
        <ele>44.9</ele>
        <time>2026-07-31T22:30:43Z</time>
        <extensions>
          <gpxtpx:TrackPointExtension>
            <gpxtpx:hr>165</gpxtpx:hr>
          </gpxtpx:TrackPointExtension>
        </extensions>
      </trkpt>
      <trkpt lat="36.11559779299388" lon="120.37722183585323">
        <ele>44.9</ele>
        <time>2026-07-31T22:30:44Z</time>
        <extensions>
          <gpxtpx:TrackPointExtension>
            <gpxtpx:hr>165</gpxtpx:hr>
          </gpxtpx:TrackPointExtension>
        </extensions>
      </trkpt>
      <trkpt lat="36.11557679703154" lon="120.37722283765271">
        <ele>44.9</ele>
        <time>2026-07-31T22:30:45Z</time>
        <extensions>
          <gpxtpx:TrackPointExtension>
            <gpxtpx:hr>165</gpxtpx:hr>
          </gpxtpx:TrackPointExtension>
        </extensions>
      </trkpt>
      <trkpt lat="36.11555279763471" lon="120.37722883779702">
        <ele>44.9</ele>
        <time>2026-07-31T22:30:46Z</time>
        <extensions>
          <gpxtpx:TrackPointExtension>
            <gpxtpx:hr>165</gpxtpx:hr>
          </gpxtpx:TrackPointExtension>
        </extensions>
      </trkpt>
      <trkpt lat="36.115527792692944" lon="120.37724183529515">
        <ele>44.9</ele>
        <time>2026-07-31T22:30:47Z</time>
        <extensions>
          <gpxtpx:TrackPointExtension>
            <gpxtpx:hr>165</gpxtpx:hr>
          </gpxtpx:TrackPointExtension>
        </extensions>
      </trkpt>
      <trkpt lat="36.11550079316993" lon="120.37724883536512">
        <ele>44.9</ele>
        <time>2026-07-31T22:30:48Z</time>
        <extensions>
          <gpxtpx:TrackPointExtension>
            <gpxtpx:hr>165</gpxtpx:hr>
          </gpxtpx:TrackPointExtension>
        </extensions>
      </trkpt>
      <trkpt lat="36.11547879661489" lon="120.37725083687761">
        <ele>44.9</ele>
        <time>2026-07-31T22:30:49Z</time>
      </trkpt>
      <trkpt lat="36.11545880619681" lon="120.37724484132303">
        <ele>44.9</ele>
        <time>2026-07-31T22:30:50Z</time>
      </trkpt>
      <trkpt lat="36.115440821095426" lon="120.37723184831431">
        <ele>44.9</ele>
        <time>2026-07-31T22:30:52Z</time>
      </trkpt>
      <trkpt lat="36.11539187128884" lon="120.37718487197392">
        <ele>44.9</ele>
        <time>2026-07-31T22:30:53Z</time>
      </trkpt>
      <trkpt lat="36.115359902709045" lon="120.37715588680575">
        <ele>44.9</ele>
        <time>2026-07-31T22:30:54Z</time>
      </trkpt>
      <trkpt lat="36.11531294344155" lon="120.37711990602946">
        <ele>44.9</ele>
        <time>2026-07-31T22:30:55Z</time>
      </trkpt>
      <trkpt lat="36.115263983853914" lon="120.37708492511953">
        <ele>44.9</ele>
        <time>2026-07-31T22:30:56Z</time>
      </trkpt>
      <trkpt lat="36.11521702468082" lon="120.37704894445653">
        <ele>44.9</ele>
        <time>2026-07-31T22:30:57Z</time>
      </trkpt>
      <trkpt lat="36.115174062961906" lon="120.3770149626269">
        <ele>44.9</ele>
        <time>2026-07-31T22:30:58Z</time>
      </trkpt>
      <trkpt lat="36.115135097854775" lon="120.37698397921709">
        <ele>44.9</ele>
        <time>2026-07-31T22:30:59Z</time>
      </trkpt>
      <trkpt lat="36.11509913125254" lon="120.37695399513066">
        <ele>44.9</ele>
        <time>2026-07-31T22:31:00Z</time>
      </trkpt>
      <trkpt lat="36.115064160266975" lon="120.37692900894461">
        <ele>44.9</ele>
        <time>2026-07-31T22:31:01Z</time>
      </trkpt>
      <trkpt lat="36.11503518205137" lon="120.37691101930463">
        <ele>44.9</ele>
        <time>2026-07-31T22:31:02Z</time>
      </trkpt>
      <trkpt lat="36.11501119933742" lon="120.37689702752319">
        <ele>44.9</ele>
        <time>2026-07-31T22:31:03Z</time>
      </trkpt>
      <trkpt lat="36.11499021761344" lon="120.37688103625503">
        <ele>44.9</ele>
        <time>2026-07-31T22:31:04Z</time>
      </trkpt>
      <trkpt lat="36.11494325199204" lon="120.37685305263346">
        <ele>44.9</ele>
        <time>2026-07-31T22:31:05Z</time>
      </trkpt>
      <trkpt lat="36.11490727208579" lon="120.37683906214119">
        <ele>44.9</ele>
        <time>2026-07-31T22:31:06Z</time>
      </trkpt>
      <trkpt lat="36.11487429990171" lon="120.37681507546132">
        <ele>44.9</ele>
        <time>2026-07-31T22:31:07Z</time>
      </trkpt>
      <trkpt lat="36.11484932083542" lon="120.37679708549422">
        <ele>44.9</ele>
        <time>2026-07-31T22:31:08Z</time>
      </trkpt>
      <trkpt lat="36.11482334538273" lon="120.3767750973003">
        <ele>44.9</ele>
        <time>2026-07-31T22:31:10Z</time>
      </trkpt>
      <trkpt lat="36.114743417904485" lon="120.37671113222241">
        <ele>44.9</ele>
        <time>2026-07-31T22:31:11Z</time>
      </trkpt>
      <trkpt lat="36.1147134459849" lon="120.37668614578236">
        <ele>44.9</ele>
        <time>2026-07-31T22:31:12Z</time>
      </trkpt>
      <trkpt lat="36.11468447301001" lon="120.37666215884673">
        <ele>44.9</ele>
        <time>2026-07-31T22:31:13Z</time>
      </trkpt>
      <trkpt lat="36.11465450028777" lon="120.37663817204093">
        <ele>44.9</ele>
        <time>2026-07-31T22:31:14Z</time>
      </trkpt>
      <trkpt lat="36.11462353206153" lon="120.37660918746946">
        <ele>44.9</ele>
        <time>2026-07-31T22:31:15Z</time>
      </trkpt>
      <trkpt lat="36.11459256896597" lon="120.37657420546957">
        <ele>44.9</ele>
        <time>2026-07-31T22:31:16Z</time>
      </trkpt>
      <trkpt lat="36.11457159849367" lon="120.37654521993544">
        <ele>43.8</ele>
        <time>2026-07-31T22:31:17Z</time>
      </trkpt>
      <trkpt lat="36.114541637806674" lon="120.37650723920605">
        <ele>43.8</ele>
        <time>2026-07-31T22:31:18Z</time>
      </trkpt>
      <trkpt lat="36.11451467477075" lon="120.37647125737257">
        <ele>43.8</ele>
        <time>2026-07-31T22:31:19Z</time>
      </trkpt>
      <trkpt lat="36.11447672117102" lon="120.37642728017565">
        <ele>43.8</ele>
        <time>2026-07-31T22:31:20Z</time>
      </trkpt>
      <trkpt lat="36.114440758610314" lon="120.37639329854755">
        <ele>43.8</ele>
        <time>2026-07-31T22:31:21Z</time>
      </trkpt>
      <trkpt lat="36.11440779968828" lon="120.37635431881752">
        <ele>43.8</ele>
        <time>2026-07-31T22:31:22Z</time>
      </trkpt>
      <trkpt lat="36.114378832161385" lon="120.3763243348328">
        <ele>43.8</ele>
        <time>2026-07-31T22:31:23Z</time>
      </trkpt>
      <trkpt lat="36.11435285795142" lon="120.37630134753131">
        <ele>43.8</ele>
        <time>2026-07-31T22:31:24Z</time>
      </trkpt>
      <trkpt lat="36.11432788266847" lon="120.37627935971302">
        <ele>43.8</ele>
        <time>2026-07-31T22:31:25Z</time>
      </trkpt>
      <trkpt lat="36.11430391061918" lon="120.37625337355782">
        <ele>43.8</ele>
        <time>2026-07-31T22:31:26Z</time>
      </trkpt>
      <trkpt lat="36.11427894314086" lon="120.37622238972625">
        <ele>43.8</ele>
        <time>2026-07-31T22:31:28Z</time>
      </trkpt>
      <trkpt lat="36.1142330056339" lon="120.37616242089027">
        <ele>43.8</ele>
        <time>2026-07-31T22:31:29Z</time>
      </trkpt>
      <trkpt lat="36.11420703502517" lon="120.376135435519">
        <ele>43.8</ele>
        <time>2026-07-31T22:31:30Z</time>
      </trkpt>
      <trkpt lat="36.114182064211754" lon="120.37610845007522">
        <ele>43.8</ele>
        <time>2026-07-31T22:31:31Z</time>
      </trkpt>
      <trkpt lat="36.11416008578622" lon="120.37608946079787">
        <ele>43.8</ele>
        <time>2026-07-31T22:31:32Z</time>
      </trkpt>
      <trkpt lat="36.114137109342586" lon="120.37606847253019">
        <ele>43.8</ele>
        <time>2026-07-31T22:31:33Z</time>
      </trkpt>
      <trkpt lat="36.11411613071345" lon="120.37604948318163">
        <ele>43.8</ele>
        <time>2026-07-31T22:31:34Z</time>
      </trkpt>
      <trkpt lat="36.114091162596324" lon="120.3760194991799">
        <ele>43.8</ele>
        <time>2026-07-31T22:31:35Z</time>
        <extensions>
          <gpxtpx:TrackPointExtension>
            <gpxtpx:hr>167</gpxtpx:hr>
          </gpxtpx:TrackPointExtension>
        </extensions>
      </trkpt>
      <trkpt lat="36.11406819056327" lon="120.37599351321613">
        <ele>43.8</ele>
        <time>2026-07-31T22:31:36Z</time>
        <extensions>
          <gpxtpx:TrackPointExtension>
            <gpxtpx:hr>167</gpxtpx:hr>
          </gpxtpx:TrackPointExtension>
        </extensions>
      </trkpt>
      <trkpt lat="36.11403922168798" lon="120.3759655288069">
        <ele>43.8</ele>
        <time>2026-07-31T22:31:37Z</time>
        <extensions>
          <gpxtpx:TrackPointExtension>
            <gpxtpx:hr>167</gpxtpx:hr>
          </gpxtpx:TrackPointExtension>
        </extensions>
      </trkpt>
      <trkpt lat="36.11401225063165" lon="120.37593954332216">
        <ele>43.8</ele>
        <time>2026-07-31T22:31:38Z</time>
        <extensions>
          <gpxtpx:TrackPointExtension>
            <gpxtpx:hr>167</gpxtpx:hr>
          </gpxtpx:TrackPointExtension>
        </extensions>
      </trkpt>
      <trkpt lat="36.1139842815802" lon="120.37591155887452">
        <ele>43.8</ele>
        <time>2026-07-31T22:31:39Z</time>
        <extensions>
          <gpxtpx:TrackPointExtension>
            <gpxtpx:hr>167</gpxtpx:hr>
          </gpxtpx:TrackPointExtension>
        </extensions>
      </trkpt>
      <trkpt lat="36.11395930573576" lon="120.37589057097894">
        <ele>43.8</ele>
        <time>2026-07-31T22:31:40Z</time>
        <extensions>
          <gpxtpx:TrackPointExtension>
            <gpxtpx:hr>167</gpxtpx:hr>
          </gpxtpx:TrackPointExtension>
        </extensions>
      </trkpt>
      <trkpt lat="36.11393333451923" lon="120.37586458547484">
        <ele>43.8</ele>
        <time>2026-07-31T22:31:41Z</time>
        <extensions>
          <gpxtpx:TrackPointExtension>
            <gpxtpx:hr>167</gpxtpx:hr>
          </gpxtpx:TrackPointExtension>
        </extensions>
      </trkpt>
      <trkpt lat="36.11390836485038" lon="120.3758366008055">
        <ele>43.8</ele>
        <time>2026-07-31T22:31:42Z</time>
        <extensions>
          <gpxtpx:TrackPointExtension>
            <gpxtpx:hr>167</gpxtpx:hr>
          </gpxtpx:TrackPointExtension>
        </extensions>
      </trkpt>
      <trkpt lat="36.11388140094292" lon="120.37580261911666">
        <ele>43.8</ele>
        <time>2026-07-31T22:31:43Z</time>
        <extensions>
          <gpxtpx:TrackPointExtension>
            <gpxtpx:hr>167</gpxtpx:hr>
          </gpxtpx:TrackPointExtension>
        </extensions>
      </trkpt>
      <trkpt lat="36.11385543508698" lon="120.37577063645813">
        <ele>43.8</ele>
        <time>2026-07-31T22:31:44Z</time>
        <extensions>
          <gpxtpx:TrackPointExtension>
            <gpxtpx:hr>167</gpxtpx:hr>
          </gpxtpx:TrackPointExtension>
        </extensions>
      </trkpt>
      <trkpt lat="36.11383045935045" lon="120.37574964869161">
        <ele>43.8</ele>
        <time>2026-07-31T22:31:46Z</time>
        <extensions>
          <gpxtpx:TrackPointExtension>
            <gpxtpx:hr>167</gpxtpx:hr>
          </gpxtpx:TrackPointExtension>
        </extensions>
      </trkpt>
      <trkpt lat="36.11378450876416" lon="120.37570567371954">
        <ele>43.8</ele>
        <time>2026-07-31T22:31:47Z</time>
        <extensions>
          <gpxtpx:TrackPointExtension>
            <gpxtpx:hr>167</gpxtpx:hr>
          </gpxtpx:TrackPointExtension>
        </extensions>
      </trkpt>
      <trkpt lat="36.1137635286212" lon="120.375688683749">
        <ele>43.8</ele>
        <time>2026-07-31T22:31:48Z</time>
        <extensions>
          <gpxtpx:TrackPointExtension>
            <gpxtpx:hr>168</gpxtpx:hr>
          </gpxtpx:TrackPointExtension>
        </extensions>
      </trkpt>
      <trkpt lat="36.11373854764752" lon="120.37567369328468">
        <ele>43.8</ele>
        <time>2026-07-31T22:31:49Z</time>
        <extensions>
          <gpxtpx:TrackPointExtension>
            <gpxtpx:hr>168</gpxtpx:hr>
          </gpxtpx:TrackPointExtension>
        </extensions>
      </trkpt>
      <trkpt lat="36.11373155986746" lon="120.37566169956271">
        <ele>43.8</ele>
        <time>2026-07-31T22:31:50Z</time>
        <extensions>
          <gpxtpx:TrackPointExtension>
            <gpxtpx:hr>168</gpxtpx:hr>
          </gpxtpx:TrackPointExtension>
        </extensions>
      </trkpt>
      <trkpt lat="36.113715586554775" lon="120.37563571327361">
        <ele>43.8</ele>
        <time>2026-07-31T22:31:51Z</time>
        <extensions>
          <gpxtpx:TrackPointExtension>
            <gpxtpx:hr>168</gpxtpx:hr>
          </gpxtpx:TrackPointExtension>
        </extensions>
      </trkpt>
      <trkpt lat="36.11370162431894" lon="120.37559673285077">
        <ele>43.8</ele>
        <time>2026-07-31T22:31:52Z</time>
        <extensions>
          <gpxtpx:TrackPointExtension>
            <gpxtpx:hr>168</gpxtpx:hr>
          </gpxtpx:TrackPointExtension>
        </extensions>
      </trkpt>
      <trkpt lat="36.11369866935807" lon="120.37554675648535">
        <ele>43.8</ele>
        <time>2026-07-31T22:31:53Z</time>
        <extensions>
          <gpxtpx:TrackPointExtension>
            <gpxtpx:hr>170</gpxtpx:hr>
          </gpxtpx:TrackPointExtension>
        </extensions>
      </trkpt>
      <trkpt lat="36.11371170456098" lon="120.37550377527096">
        <ele>43.8</ele>
        <time>2026-07-31T22:31:54Z</time>
        <extensions>
          <gpxtpx:TrackPointExtension>
            <gpxtpx:hr>170</gpxtpx:hr>
          </gpxtpx:TrackPointExtension>
        </extensions>
      </trkpt>
      <trkpt lat="36.11372173161749" lon="120.37547078973984">
        <ele>43.8</ele>
        <time>2026-07-31T22:31:55Z</time>
        <extensions>
          <gpxtpx:TrackPointExtension>
            <gpxtpx:hr>170</gpxtpx:hr>
          </gpxtpx:TrackPointExtension>
        </extensions>
      </trkpt>
      <trkpt lat="36.113732754023864" lon="120.37544280179087">
        <ele>43.8</ele>
        <time>2026-07-31T22:31:56Z</time>
        <extensions>
          <gpxtpx:TrackPointExtension>
            <gpxtpx:hr>170</gpxtpx:hr>
          </gpxtpx:TrackPointExtension>
        </extensions>
      </trkpt>
      <trkpt lat="36.1137507712694" lon="120.37541881125232">
        <ele>43.8</ele>
        <time>2026-07-31T22:31:57Z</time>
        <extensions>
          <gpxtpx:TrackPointExtension>
            <gpxtpx:hr>170</gpxtpx:hr>
          </gpxtpx:TrackPointExtension>
        </extensions>
      </trkpt>
      <trkpt lat="36.11376579101659" lon="120.37539282200031">
        <ele>44.2</ele>
        <time>2026-07-31T22:31:58Z</time>
        <extensions>
          <gpxtpx:TrackPointExtension>
            <gpxtpx:hr>171</gpxtpx:hr>
          </gpxtpx:TrackPointExtension>
        </extensions>
      </trkpt>
      <trkpt lat="36.11377880499124" lon="120.37537382966029">
        <ele>44.2</ele>
        <time>2026-07-31T22:31:59Z</time>
        <extensions>
          <gpxtpx:TrackPointExtension>
            <gpxtpx:hr>171</gpxtpx:hr>
          </gpxtpx:TrackPointExtension>
        </extensions>
      </trkpt>
      <trkpt lat="36.11379982428814" lon="120.37534684030861">
        <ele>44.2</ele>
        <time>2026-07-31T22:32:01Z</time>
        <extensions>
          <gpxtpx:TrackPointExtension>
            <gpxtpx:hr>171</gpxtpx:hr>
          </gpxtpx:TrackPointExtension>
        </extensions>
      </trkpt>
      <trkpt lat="36.11380783765959" lon="120.37532984757465">
        <ele>44.2</ele>
        <time>2026-07-31T22:32:02Z</time>
        <extensions>
          <gpxtpx:TrackPointExtension>
            <gpxtpx:hr>171</gpxtpx:hr>
          </gpxtpx:TrackPointExtension>
        </extensions>
      </trkpt>
      <trkpt lat="36.11381384881535" lon="120.37531585362927">
        <ele>44.2</ele>
        <time>2026-07-31T22:32:03Z</time>
        <extensions>
          <gpxtpx:TrackPointExtension>
            <gpxtpx:hr>170</gpxtpx:hr>
          </gpxtpx:TrackPointExtension>
        </extensions>
      </trkpt>
      <trkpt lat="36.113847882215474" lon="120.37526987209098">
        <ele>44.2</ele>
        <time>2026-07-31T22:32:05Z</time>
        <extensions>
          <gpxtpx:TrackPointExtension>
            <gpxtpx:hr>170</gpxtpx:hr>
          </gpxtpx:TrackPointExtension>
        </extensions>
      </trkpt>
      <trkpt lat="36.113863900973186" lon="120.37524488242171">
        <ele>44.2</ele>
        <time>2026-07-31T22:32:06Z</time>
        <extensions>
          <gpxtpx:TrackPointExtension>
            <gpxtpx:hr>170</gpxtpx:hr>
          </gpxtpx:TrackPointExtension>
        </extensions>
      </trkpt>
      <trkpt lat="36.113877920216225" lon="120.37521989298835">
        <ele>44.2</ele>
        <time>2026-07-31T22:32:07Z</time>
        <extensions>
          <gpxtpx:TrackPointExtension>
            <gpxtpx:hr>170</gpxtpx:hr>
          </gpxtpx:TrackPointExtension>
        </extensions>
      </trkpt>
      <trkpt lat="36.11389293835" lon="120.37519590299483">
        <ele>43.8</ele>
        <time>2026-07-31T22:32:08Z</time>
        <extensions>
          <gpxtpx:TrackPointExtension>
            <gpxtpx:hr>170</gpxtpx:hr>
          </gpxtpx:TrackPointExtension>
        </extensions>
      </trkpt>
      <trkpt lat="36.11391597449491" lon="120.37514992284397">
        <ele>43.8</ele>
        <time>2026-07-31T22:32:09Z</time>
        <extensions>
          <gpxtpx:TrackPointExtension>
            <gpxtpx:hr>170</gpxtpx:hr>
          </gpxtpx:TrackPointExtension>
        </extensions>
      </trkpt>
      <trkpt lat="36.113929994727236" lon="120.37512393399909">
        <ele>43.8</ele>
        <time>2026-07-31T22:32:10Z</time>
        <extensions>
          <gpxtpx:TrackPointExtension>
            <gpxtpx:hr>170</gpxtpx:hr>
          </gpxtpx:TrackPointExtension>
        </extensions>
      </trkpt>
      <trkpt lat="36.113944016792416" lon="120.37509594615737">
        <ele>43.8</ele>
        <time>2026-07-31T22:32:11Z</time>
        <extensions>
          <gpxtpx:TrackPointExtension>
            <gpxtpx:hr>170</gpxtpx:hr>
          </gpxtpx:TrackPointExtension>
        </extensions>
      </trkpt>
      <trkpt lat="36.11396704404695" lon="120.37505996131706">
        <ele>43.8</ele>
        <time>2026-07-31T22:32:12Z</time>
        <extensions>
          <gpxtpx:TrackPointExtension>
            <gpxtpx:hr>170</gpxtpx:hr>
          </gpxtpx:TrackPointExtension>
        </extensions>
      </trkpt>
      <trkpt lat="36.11398207047881" lon="120.37502697589782">
        <ele>43.8</ele>
        <time>2026-07-31T22:32:13Z</time>
        <extensions>
          <gpxtpx:TrackPointExtension>
            <gpxtpx:hr>171</gpxtpx:hr>
          </gpxtpx:TrackPointExtension>
        </extensions>
      </trkpt>
      <trkpt lat="36.113995095597026" lon="120.37499598975161">
        <ele>43.8</ele>
        <time>2026-07-31T22:32:14Z</time>
        <extensions>
          <gpxtpx:TrackPointExtension>
            <gpxtpx:hr>171</gpxtpx:hr>
          </gpxtpx:TrackPointExtension>
        </extensions>
      </trkpt>
      <trkpt lat="36.11401411936191" lon="120.37496500302026">
        <ele>43.8</ele>
        <time>2026-07-31T22:32:15Z</time>
        <extensions>
          <gpxtpx:TrackPointExtension>
            <gpxtpx:hr>171</gpxtpx:hr>
          </gpxtpx:TrackPointExtension>
        </extensions>
      </trkpt>
      <trkpt lat="36.11403313679181" lon="120.37494101287321">
        <ele>43.8</ele>
        <time>2026-07-31T22:32:16Z</time>
        <extensions>
          <gpxtpx:TrackPointExtension>
            <gpxtpx:hr>171</gpxtpx:hr>
          </gpxtpx:TrackPointExtension>
        </extensions>
      </trkpt>
      <trkpt lat="36.11405215424249" lon="120.37491702275098">
        <ele>43.8</ele>
        <time>2026-07-31T22:32:17Z</time>
        <extensions>
          <gpxtpx:TrackPointExtension>
            <gpxtpx:hr>171</gpxtpx:hr>
          </gpxtpx:TrackPointExtension>
        </extensions>
      </trkpt>
      <trkpt lat="36.11407217057104" lon="120.37489403205335">
        <ele>43.7</ele>
        <time>2026-07-31T22:32:18Z</time>
        <extensions>
          <gpxtpx:TrackPointExtension>
            <gpxtpx:hr>172</gpxtpx:hr>
          </gpxtpx:TrackPointExtension>
        </extensions>
      </trkpt>
      <trkpt lat="36.11409119079977" lon="120.3748670434702">
        <ele>43.7</ele>
        <time>2026-07-31T22:32:19Z</time>
        <extensions>
          <gpxtpx:TrackPointExtension>
            <gpxtpx:hr>172</gpxtpx:hr>
          </gpxtpx:TrackPointExtension>
        </extensions>
      </trkpt>
      <trkpt lat="36.11410621472086" lon="120.37483705683056">
        <ele>43.7</ele>
        <time>2026-07-31T22:32:20Z</time>
        <extensions>
          <gpxtpx:TrackPointExtension>
            <gpxtpx:hr>172</gpxtpx:hr>
          </gpxtpx:TrackPointExtension>
        </extensions>
      </trkpt>
      <trkpt lat="36.11411923822252" lon="120.374808069939">
        <ele>43.7</ele>
        <time>2026-07-31T22:32:21Z</time>
        <extensions>
          <gpxtpx:TrackPointExtension>
            <gpxtpx:hr>172</gpxtpx:hr>
          </gpxtpx:TrackPointExtension>
        </extensions>
      </trkpt>
      <trkpt lat="36.114143298617414" lon="120.37473610350456">
        <ele>43.7</ele>
        <time>2026-07-31T22:32:23Z</time>
        <extensions>
          <gpxtpx:TrackPointExtension>
            <gpxtpx:hr>172</gpxtpx:hr>
          </gpxtpx:TrackPointExtension>
        </extensions>
      </trkpt>
      <trkpt lat="36.114155336234454" lon="120.37469212440494">
        <ele>43.7</ele>
        <time>2026-07-31T22:32:24Z</time>
        <extensions>
          <gpxtpx:TrackPointExtension>
            <gpxtpx:hr>172</gpxtpx:hr>
          </gpxtpx:TrackPointExtension>
        </extensions>
      </trkpt>
      <trkpt lat="36.11416736839945" lon="120.37465414235126">
        <ele>43.7</ele>
        <time>2026-07-31T22:32:25Z</time>
        <extensions>
          <gpxtpx:TrackPointExtension>
            <gpxtpx:hr>172</gpxtpx:hr>
          </gpxtpx:TrackPointExtension>
        </extensions>
      </trkpt>
      <trkpt lat="36.11418839300533" lon="120.37462215637439">
        <ele>43.7</ele>
        <time>2026-07-31T22:32:26Z</time>
        <extensions>
          <gpxtpx:TrackPointExtension>
            <gpxtpx:hr>172</gpxtpx:hr>
          </gpxtpx:TrackPointExtension>
        </extensions>
      </trkpt>
      <trkpt lat="36.11421240680854" lon="120.37460116453384">
        <ele>43.7</ele>
        <time>2026-07-31T22:32:27Z</time>
        <extensions>
          <gpxtpx:TrackPointExtension>
            <gpxtpx:hr>172</gpxtpx:hr>
          </gpxtpx:TrackPointExtension>
        </extensions>
      </trkpt>
      <trkpt lat="36.114242409089925" lon="120.37459116648668">
        <ele>44.3</ele>
        <time>2026-07-31T22:32:28Z</time>
        <extensions>
          <gpxtpx:TrackPointExtension>
            <gpxtpx:hr>173</gpxtpx:hr>
          </gpxtpx:TrackPointExtension>
        </extensions>
      </trkpt>
      <trkpt lat="36.11426940930062" lon="120.37458416722968">
        <ele>44.3</ele>
        <time>2026-07-31T22:32:29Z</time>
        <extensions>
          <gpxtpx:TrackPointExtension>
            <gpxtpx:hr>173</gpxtpx:hr>
          </gpxtpx:TrackPointExtension>
        </extensions>
      </trkpt>
      <trkpt lat="36.114293415745614" lon="120.37457117134501">
        <ele>44.3</ele>
        <time>2026-07-31T22:32:30Z</time>
        <extensions>
          <gpxtpx:TrackPointExtension>
            <gpxtpx:hr>173</gpxtpx:hr>
          </gpxtpx:TrackPointExtension>
        </extensions>
      </trkpt>
      <trkpt lat="36.11431742866307" lon="120.3745511790399">
        <ele>44.3</ele>
        <time>2026-07-31T22:32:31Z</time>
        <extensions>
          <gpxtpx:TrackPointExtension>
            <gpxtpx:hr>173</gpxtpx:hr>
          </gpxtpx:TrackPointExtension>
        </extensions>
      </trkpt>
      <trkpt lat="36.11433844228904" lon="120.37453118706517">
        <ele>44.3</ele>
        <time>2026-07-31T22:32:32Z</time>
        <extensions>
          <gpxtpx:TrackPointExtension>
            <gpxtpx:hr>173</gpxtpx:hr>
          </gpxtpx:TrackPointExtension>
        </extensions>
      </trkpt>
      <trkpt lat="36.114357456392135" lon="120.37451119531644">
        <ele>44.3</ele>
        <time>2026-07-31T22:32:33Z</time>
        <extensions>
          <gpxtpx:TrackPointExtension>
            <gpxtpx:hr>174</gpxtpx:hr>
          </gpxtpx:TrackPointExtension>
        </extensions>
      </trkpt>
      <trkpt lat="36.11437547444551" lon="120.3744872057418">
        <ele>44.3</ele>
        <time>2026-07-31T22:32:34Z</time>
        <extensions>
          <gpxtpx:TrackPointExtension>
            <gpxtpx:hr>174</gpxtpx:hr>
          </gpxtpx:TrackPointExtension>
        </extensions>
      </trkpt>
      <trkpt lat="36.11439249275096" lon="120.3744632162962">
        <ele>44.3</ele>
        <time>2026-07-31T22:32:35Z</time>
        <extensions>
          <gpxtpx:TrackPointExtension>
            <gpxtpx:hr>174</gpxtpx:hr>
          </gpxtpx:TrackPointExtension>
        </extensions>
      </trkpt>
      <trkpt lat="36.11440451037833" lon="120.37444122636693">
        <ele>44.3</ele>
        <time>2026-07-31T22:32:36Z</time>
        <extensions>
          <gpxtpx:TrackPointExtension>
            <gpxtpx:hr>174</gpxtpx:hr>
          </gpxtpx:TrackPointExtension>
        </extensions>
      </trkpt>
      <trkpt lat="36.11442353104689" lon="120.37441423830859">
        <ele>44.3</ele>
        <time>2026-07-31T22:32:37Z</time>
        <extensions>
          <gpxtpx:TrackPointExtension>
            <gpxtpx:hr>174</gpxtpx:hr>
          </gpxtpx:TrackPointExtension>
        </extensions>
      </trkpt>
      <trkpt lat="36.11444154918375" lon="120.37439024883352">
        <ele>44.2</ele>
        <time>2026-07-31T22:32:38Z</time>
        <extensions>
          <gpxtpx:TrackPointExtension>
            <gpxtpx:hr>174</gpxtpx:hr>
          </gpxtpx:TrackPointExtension>
        </extensions>
      </trkpt>
      <trkpt lat="36.11445856571163" lon="120.37436825845082">
        <ele>44.2</ele>
        <time>2026-07-31T22:32:40Z</time>
        <extensions>
          <gpxtpx:TrackPointExtension>
            <gpxtpx:hr>174</gpxtpx:hr>
          </gpxtpx:TrackPointExtension>
        </extensions>
      </trkpt>
      <trkpt lat="36.114495603718126" lon="120.37431828055605">
        <ele>44.2</ele>
        <time>2026-07-31T22:32:41Z</time>
        <extensions>
          <gpxtpx:TrackPointExtension>
            <gpxtpx:hr>174</gpxtpx:hr>
          </gpxtpx:TrackPointExtension>
        </extensions>
      </trkpt>
      <trkpt lat="36.11451362100436" lon="120.374295290658">
        <ele>44.2</ele>
        <time>2026-07-31T22:32:42Z</time>
        <extensions>
          <gpxtpx:TrackPointExtension>
            <gpxtpx:hr>174</gpxtpx:hr>
          </gpxtpx:TrackPointExtension>
        </extensions>
      </trkpt>
      <trkpt lat="36.11453164111146" lon="120.37426930234993">
        <ele>44.2</ele>
        <time>2026-07-31T22:32:43Z</time>
        <extensions>
          <gpxtpx:TrackPointExtension>
            <gpxtpx:hr>174</gpxtpx:hr>
          </gpxtpx:TrackPointExtension>
        </extensions>
      </trkpt>
      <trkpt lat="36.11455266241846" lon="120.37424131480483">
        <ele>44.2</ele>
        <time>2026-07-31T22:32:44Z</time>
        <extensions>
          <gpxtpx:TrackPointExtension>
            <gpxtpx:hr>174</gpxtpx:hr>
          </gpxtpx:TrackPointExtension>
        </extensions>
      </trkpt>
      <trkpt lat="36.11457368562564" lon="120.37421132834308">
        <ele>44.2</ele>
        <time>2026-07-31T22:32:45Z</time>
        <extensions>
          <gpxtpx:TrackPointExtension>
            <gpxtpx:hr>174</gpxtpx:hr>
          </gpxtpx:TrackPointExtension>
        </extensions>
      </trkpt>
      <trkpt lat="36.11459270932787" lon="120.37418134212857">
        <ele>44.2</ele>
        <time>2026-07-31T22:32:46Z</time>
        <extensions>
          <gpxtpx:TrackPointExtension>
            <gpxtpx:hr>174</gpxtpx:hr>
          </gpxtpx:TrackPointExtension>
        </extensions>
      </trkpt>
      <trkpt lat="36.11461273095438" lon="120.37415335479294">
        <ele>44.2</ele>
        <time>2026-07-31T22:32:47Z</time>
        <extensions>
          <gpxtpx:TrackPointExtension>
            <gpxtpx:hr>174</gpxtpx:hr>
          </gpxtpx:TrackPointExtension>
        </extensions>
      </trkpt>
      <trkpt lat="36.11463475590305" lon="120.3741213693969">
        <ele>43.2</ele>
        <time>2026-07-31T22:32:48Z</time>
        <extensions>
          <gpxtpx:TrackPointExtension>
            <gpxtpx:hr>175</gpxtpx:hr>
          </gpxtpx:TrackPointExtension>
        </extensions>
      </trkpt>
      <trkpt lat="36.11465977831303" lon="120.37409138267088">
        <ele>43.2</ele>
        <time>2026-07-31T22:32:49Z</time>
        <extensions>
          <gpxtpx:TrackPointExtension>
            <gpxtpx:hr>175</gpxtpx:hr>
          </gpxtpx:TrackPointExtension>
        </extensions>
      </trkpt>
      <trkpt lat="36.114685800523645" lon="120.37406139587875">
        <ele>43.2</ele>
        <time>2026-07-31T22:32:50Z</time>
        <extensions>
          <gpxtpx:TrackPointExtension>
            <gpxtpx:hr>175</gpxtpx:hr>
          </gpxtpx:TrackPointExtension>
        </extensions>
      </trkpt>
      <trkpt lat="36.11470682580881" lon="120.37402941071244">
        <ele>43.2</ele>
        <time>2026-07-31T22:32:51Z</time>
        <extensions>
          <gpxtpx:TrackPointExtension>
            <gpxtpx:hr>175</gpxtpx:hr>
          </gpxtpx:TrackPointExtension>
        </extensions>
      </trkpt>
      <trkpt lat="36.11472785018673" lon="120.37399842505558">
        <ele>43.2</ele>
        <time>2026-07-31T22:32:52Z</time>
        <extensions>
          <gpxtpx:TrackPointExtension>
            <gpxtpx:hr>175</gpxtpx:hr>
          </gpxtpx:TrackPointExtension>
        </extensions>
      </trkpt>
      <trkpt lat="36.114745875293295" lon="120.37396743975282">
        <ele>43.2</ele>
        <time>2026-07-31T22:32:53Z</time>
        <extensions>
          <gpxtpx:TrackPointExtension>
            <gpxtpx:hr>175</gpxtpx:hr>
          </gpxtpx:TrackPointExtension>
        </extensions>
      </trkpt>
      <trkpt lat="36.11476490398673" lon="120.37393245653365">
        <ele>43.2</ele>
        <time>2026-07-31T22:32:54Z</time>
        <extensions>
          <gpxtpx:TrackPointExtension>
            <gpxtpx:hr>175</gpxtpx:hr>
          </gpxtpx:TrackPointExtension>
        </extensions>
      </trkpt>
      <trkpt lat="36.11478393272382" lon="120.37389747336651">
        <ele>43.2</ele>
        <time>2026-07-31T22:32:55Z</time>
        <extensions>
          <gpxtpx:TrackPointExtension>
            <gpxtpx:hr>175</gpxtpx:hr>
          </gpxtpx:TrackPointExtension>
        </extensions>
      </trkpt>
      <trkpt lat="36.11480296245314" lon="120.37386149079121">
        <ele>43.2</ele>
        <time>2026-07-31T22:32:56Z</time>
        <extensions>
          <gpxtpx:TrackPointExtension>
            <gpxtpx:hr>175</gpxtpx:hr>
          </gpxtpx:TrackPointExtension>
        </extensions>
      </trkpt>
      <trkpt lat="36.11482299009739" lon="120.37382750708373">
        <ele>42.8</ele>
        <time>2026-07-31T22:32:58Z</time>
        <extensions>
          <gpxtpx:TrackPointExtension>
            <gpxtpx:hr>175</gpxtpx:hr>
          </gpxtpx:TrackPointExtension>
        </extensions>
      </trkpt>
      <trkpt lat="36.1148620390758" lon="120.3737665361117">
        <ele>42.8</ele>
        <time>2026-07-31T22:32:59Z</time>
        <extensions>
          <gpxtpx:TrackPointExtension>
            <gpxtpx:hr>175</gpxtpx:hr>
          </gpxtpx:TrackPointExtension>
        </extensions>
      </trkpt>
      <trkpt lat="36.11487906752935" lon="120.37373255285436">
        <ele>42.8</ele>
        <time>2026-07-31T22:33:00Z</time>
        <extensions>
          <gpxtpx:TrackPointExtension>
            <gpxtpx:hr>175</gpxtpx:hr>
          </gpxtpx:TrackPointExtension>
        </extensions>
      </trkpt>
      <trkpt lat="36.11489609984197" lon="120.37369457183351">
        <ele>42.8</ele>
        <time>2026-07-31T22:33:01Z</time>
        <extensions>
          <gpxtpx:TrackPointExtension>
            <gpxtpx:hr>175</gpxtpx:hr>
          </gpxtpx:TrackPointExtension>
        </extensions>
      </trkpt>
      <trkpt lat="36.114908136231264" lon="120.37365359304175">
        <ele>42.8</ele>
        <time>2026-07-31T22:33:02Z</time>
        <extensions>
          <gpxtpx:TrackPointExtension>
            <gpxtpx:hr>175</gpxtpx:hr>
          </gpxtpx:TrackPointExtension>
        </extensions>
      </trkpt>
      <trkpt lat="36.11491517000809" lon="120.37361661264178">
        <ele>42.8</ele>
        <time>2026-07-31T22:33:03Z</time>
        <extensions>
          <gpxtpx:TrackPointExtension>
            <gpxtpx:hr>176</gpxtpx:hr>
          </gpxtpx:TrackPointExtension>
        </extensions>
      </trkpt>
      <trkpt lat="36.114918204759505" lon="120.37357963271731">
        <ele>42.8</ele>
        <time>2026-07-31T22:33:04Z</time>
        <extensions>
          <gpxtpx:TrackPointExtension>
            <gpxtpx:hr>176</gpxtpx:hr>
          </gpxtpx:TrackPointExtension>
        </extensions>
      </trkpt>
      <trkpt lat="36.11491223684355" lon="120.373547651024">
        <ele>42.8</ele>
        <time>2026-07-31T22:33:05Z</time>
        <extensions>
          <gpxtpx:TrackPointExtension>
            <gpxtpx:hr>176</gpxtpx:hr>
          </gpxtpx:TrackPointExtension>
        </extensions>
      </trkpt>
      <trkpt lat="36.11489926385875" lon="120.37352266622413">
        <ele>42.8</ele>
        <time>2026-07-31T22:33:06Z</time>
        <extensions>
          <gpxtpx:TrackPointExtension>
            <gpxtpx:hr>176</gpxtpx:hr>
          </gpxtpx:TrackPointExtension>
        </extensions>
      </trkpt>
      <trkpt lat="36.114886293780934" lon="120.3734946831167">
        <ele>42.8</ele>
        <time>2026-07-31T22:33:07Z</time>
        <extensions>
          <gpxtpx:TrackPointExtension>
            <gpxtpx:hr>176</gpxtpx:hr>
          </gpxtpx:TrackPointExtension>
        </extensions>
      </trkpt>
      <trkpt lat="36.114874326387564" lon="120.3734637016079">
        <ele>42.7</ele>
        <time>2026-07-31T22:33:08Z</time>
        <extensions>
          <gpxtpx:TrackPointExtension>
            <gpxtpx:hr>176</gpxtpx:hr>
          </gpxtpx:TrackPointExtension>
        </extensions>
      </trkpt>
      <trkpt lat="36.114861359259706" lon="120.37343272024404">
        <ele>42.7</ele>
        <time>2026-07-31T22:33:09Z</time>
        <extensions>
          <gpxtpx:TrackPointExtension>
            <gpxtpx:hr>176</gpxtpx:hr>
          </gpxtpx:TrackPointExtension>
        </extensions>
      </trkpt>
      <trkpt lat="36.11484639166389" lon="120.37340273857019">
        <ele>42.7</ele>
        <time>2026-07-31T22:33:10Z</time>
        <extensions>
          <gpxtpx:TrackPointExtension>
            <gpxtpx:hr>176</gpxtpx:hr>
          </gpxtpx:TrackPointExtension>
        </extensions>
      </trkpt>
      <trkpt lat="36.114836421976534" lon="120.37337375585162">
        <ele>42.7</ele>
        <time>2026-07-31T22:33:11Z</time>
        <extensions>
          <gpxtpx:TrackPointExtension>
            <gpxtpx:hr>176</gpxtpx:hr>
          </gpxtpx:TrackPointExtension>
        </extensions>
      </trkpt>
      <trkpt lat="36.11482044887333" lon="120.37334977098678">
        <ele>42.7</ele>
        <time>2026-07-31T22:33:12Z</time>
        <extensions>
          <gpxtpx:TrackPointExtension>
            <gpxtpx:hr>176</gpxtpx:hr>
          </gpxtpx:TrackPointExtension>
        </extensions>
      </trkpt>
      <trkpt lat="36.11480547749436" lon="120.37332378716694">
        <ele>42.7</ele>
        <time>2026-07-31T22:33:13Z</time>
        <extensions>
          <gpxtpx:TrackPointExtension>
            <gpxtpx:hr>176</gpxtpx:hr>
          </gpxtpx:TrackPointExtension>
        </extensions>
      </trkpt>
      <trkpt lat="36.11478950637075" lon="120.37329780347994">
        <ele>42.7</ele>
        <time>2026-07-31T22:33:14Z</time>
        <extensions>
          <gpxtpx:TrackPointExtension>
            <gpxtpx:hr>176</gpxtpx:hr>
          </gpxtpx:TrackPointExtension>
        </extensions>
      </trkpt>
      <trkpt lat="36.11476954783419" lon="120.37325982701975">
        <ele>42.7</ele>
        <time>2026-07-31T22:33:16Z</time>
        <extensions>
          <gpxtpx:TrackPointExtension>
            <gpxtpx:hr>176</gpxtpx:hr>
          </gpxtpx:TrackPointExtension>
        </extensions>
      </trkpt>
      <trkpt lat="36.11474062156001" lon="120.37319086915436">
        <ele>42.7</ele>
        <time>2026-07-31T22:33:17Z</time>
        <extensions>
          <gpxtpx:TrackPointExtension>
            <gpxtpx:hr>176</gpxtpx:hr>
          </gpxtpx:TrackPointExtension>
        </extensions>
      </trkpt>
      <trkpt lat="36.11472465639911" lon="120.37315888902923">
        <ele>43.2</ele>
        <time>2026-07-31T22:33:18Z</time>
        <extensions>
          <gpxtpx:TrackPointExtension>
            <gpxtpx:hr>176</gpxtpx:hr>
          </gpxtpx:TrackPointExtension>
        </extensions>
      </trkpt>
      <trkpt lat="36.11470968422091" lon="120.3731339048474">
        <ele>43.2</ele>
        <time>2026-07-31T22:33:19Z</time>
        <extensions>
          <gpxtpx:TrackPointExtension>
            <gpxtpx:hr>176</gpxtpx:hr>
          </gpxtpx:TrackPointExtension>
        </extensions>
      </trkpt>
      <trkpt lat="36.11469471011416" lon="120.3731109195486">
        <ele>43.2</ele>
        <time>2026-07-31T22:33:20Z</time>
        <extensions>
          <gpxtpx:TrackPointExtension>
            <gpxtpx:hr>176</gpxtpx:hr>
          </gpxtpx:TrackPointExtension>
        </extensions>
      </trkpt>
      <trkpt lat="36.11467873528144" lon="120.37308893380384">
        <ele>43.2</ele>
        <time>2026-07-31T22:33:21Z</time>
        <extensions>
          <gpxtpx:TrackPointExtension>
            <gpxtpx:hr>176</gpxtpx:hr>
          </gpxtpx:TrackPointExtension>
        </extensions>
      </trkpt>
      <trkpt lat="36.114661762650854" lon="120.37306494933071">
        <ele>43.2</ele>
        <time>2026-07-31T22:33:22Z</time>
        <extensions>
          <gpxtpx:TrackPointExtension>
            <gpxtpx:hr>176</gpxtpx:hr>
          </gpxtpx:TrackPointExtension>
        </extensions>
      </trkpt>
      <trkpt lat="36.114641786824286" lon="120.37304496289727">
        <ele>43.2</ele>
        <time>2026-07-31T22:33:23Z</time>
        <extensions>
          <gpxtpx:TrackPointExtension>
            <gpxtpx:hr>175</gpxtpx:hr>
          </gpxtpx:TrackPointExtension>
        </extensions>
      </trkpt>
      <trkpt lat="36.114625808129475" lon="120.37302697491266">
        <ele>43.2</ele>
        <time>2026-07-31T22:33:24Z</time>
        <extensions>
          <gpxtpx:TrackPointExtension>
            <gpxtpx:hr>175</gpxtpx:hr>
          </gpxtpx:TrackPointExtension>
        </extensions>
      </trkpt>
      <trkpt lat="36.11460783969912" lon="120.37299899291098">
        <ele>43.2</ele>
        <time>2026-07-31T22:33:25Z</time>
        <extensions>
          <gpxtpx:TrackPointExtension>
            <gpxtpx:hr>175</gpxtpx:hr>
          </gpxtpx:TrackPointExtension>
        </extensions>
      </trkpt>
      <trkpt lat="36.11459186495298" lon="120.37297700726945">
        <ele>43.2</ele>
        <time>2026-07-31T22:33:26Z</time>
        <extensions>
          <gpxtpx:TrackPointExtension>
            <gpxtpx:hr>175</gpxtpx:hr>
          </gpxtpx:TrackPointExtension>
        </extensions>
      </trkpt>
      <trkpt lat="36.11457389068671" lon="120.37295502185698">
        <ele>43.2</ele>
        <time>2026-07-31T22:33:27Z</time>
        <extensions>
          <gpxtpx:TrackPointExtension>
            <gpxtpx:hr>175</gpxtpx:hr>
          </gpxtpx:TrackPointExtension>
        </extensions>
      </trkpt>
      <trkpt lat="36.114556917187514" lon="120.3729320369394">
        <ele>43.1</ele>
        <time>2026-07-31T22:33:28Z</time>
        <extensions>
          <gpxtpx:TrackPointExtension>
            <gpxtpx:hr>176</gpxtpx:hr>
          </gpxtpx:TrackPointExtension>
        </extensions>
      </trkpt>
      <trkpt lat="36.11453794416974" lon="120.37290905225277">
        <ele>43.1</ele>
        <time>2026-07-31T22:33:29Z</time>
        <extensions>
          <gpxtpx:TrackPointExtension>
            <gpxtpx:hr>176</gpxtpx:hr>
          </gpxtpx:TrackPointExtension>
        </extensions>
      </trkpt>
      <trkpt lat="36.11451897412018" lon="120.3728830693314">
        <ele>43.1</ele>
        <time>2026-07-31T22:33:30Z</time>
        <extensions>
          <gpxtpx:TrackPointExtension>
            <gpxtpx:hr>176</gpxtpx:hr>
          </gpxtpx:TrackPointExtension>
        </extensions>
      </trkpt>
      <trkpt lat="36.114501999694994" lon="120.37286108390097">
        <ele>43.1</ele>
        <time>2026-07-31T22:33:31Z</time>
        <extensions>
          <gpxtpx:TrackPointExtension>
            <gpxtpx:hr>176</gpxtpx:hr>
          </gpxtpx:TrackPointExtension>
        </extensions>
      </trkpt>
      <trkpt lat="36.114488030502066" lon="120.37283310167601">
        <ele>43.1</ele>
        <time>2026-07-31T22:33:32Z</time>
        <extensions>
          <gpxtpx:TrackPointExtension>
            <gpxtpx:hr>176</gpxtpx:hr>
          </gpxtpx:TrackPointExtension>
        </extensions>
      </trkpt>
      <trkpt lat="36.11447706458673" lon="120.3728011215084">
        <ele>43.1</ele>
        <time>2026-07-31T22:33:34Z</time>
        <extensions>
          <gpxtpx:TrackPointExtension>
            <gpxtpx:hr>176</gpxtpx:hr>
          </gpxtpx:TrackPointExtension>
        </extensions>
      </trkpt>
      <trkpt lat="36.11445312443246" lon="120.372746156227">
        <ele>43.1</ele>
        <time>2026-07-31T22:33:35Z</time>
        <extensions>
          <gpxtpx:TrackPointExtension>
            <gpxtpx:hr>176</gpxtpx:hr>
          </gpxtpx:TrackPointExtension>
        </extensions>
      </trkpt>
      <trkpt lat="36.11441815823404" lon="120.37272017515305">
        <ele>43.1</ele>
        <time>2026-07-31T22:33:37Z</time>
        <extensions>
          <gpxtpx:TrackPointExtension>
            <gpxtpx:hr>176</gpxtpx:hr>
          </gpxtpx:TrackPointExtension>
        </extensions>
      </trkpt>
      <trkpt lat="36.11440216094762" lon="120.37272117623569">
        <ele>43.8</ele>
        <time>2026-07-31T22:33:38Z</time>
        <extensions>
          <gpxtpx:TrackPointExtension>
            <gpxtpx:hr>176</gpxtpx:hr>
          </gpxtpx:TrackPointExtension>
        </extensions>
      </trkpt>
      <trkpt lat="36.11438116778516" lon="120.37271917960408">
        <ele>43.8</ele>
        <time>2026-07-31T22:33:39Z</time>
        <extensions>
          <gpxtpx:TrackPointExtension>
            <gpxtpx:hr>176</gpxtpx:hr>
          </gpxtpx:TrackPointExtension>
        </extensions>
      </trkpt>
      <trkpt lat="36.114369170562014" lon="120.37271918085696">
        <ele>43.8</ele>
        <time>2026-07-31T22:33:40Z</time>
        <extensions>
          <gpxtpx:TrackPointExtension>
            <gpxtpx:hr>176</gpxtpx:hr>
          </gpxtpx:TrackPointExtension>
        </extensions>
      </trkpt>
      <trkpt lat="36.114376161031046" lon="120.37272717542378">
        <ele>43.8</ele>
        <time>2026-07-31T22:33:41Z</time>
        <extensions>
          <gpxtpx:TrackPointExtension>
            <gpxtpx:hr>176</gpxtpx:hr>
          </gpxtpx:TrackPointExtension>
        </extensions>
      </trkpt>
      <trkpt lat="36.114391145697454" lon="120.37273916680914">
        <ele>43.8</ele>
        <time>2026-07-31T22:33:42Z</time>
        <extensions>
          <gpxtpx:TrackPointExtension>
            <gpxtpx:hr>176</gpxtpx:hr>
          </gpxtpx:TrackPointExtension>
        </extensions>
      </trkpt>
      <trkpt lat="36.1144131307249" lon="120.372749158643">
        <ele>43.8</ele>
        <time>2026-07-31T22:33:43Z</time>
        <extensions>
          <gpxtpx:TrackPointExtension>
            <gpxtpx:hr>175</gpxtpx:hr>
          </gpxtpx:TrackPointExtension>
        </extensions>
      </trkpt>
      <trkpt lat="36.11443311523099" lon="120.37276015010357">
        <ele>43.8</ele>
        <time>2026-07-31T22:33:44Z</time>
        <extensions>
          <gpxtpx:TrackPointExtension>
            <gpxtpx:hr>175</gpxtpx:hr>
          </gpxtpx:TrackPointExtension>
        </extensions>
      </trkpt>
      <trkpt lat="36.114454094574235" lon="120.37277613853632">
        <ele>43.8</ele>
        <time>2026-07-31T22:33:45Z</time>
        <extensions>
          <gpxtpx:TrackPointExtension>
            <gpxtpx:hr>175</gpxtpx:hr>
          </gpxtpx:TrackPointExtension>
        </extensions>
      </trkpt>
      <trkpt lat="36.1144720716614" lon="120.37279512553843">
        <ele>43.8</ele>
        <time>2026-07-31T22:33:46Z</time>
        <extensions>
          <gpxtpx:TrackPointExtension>
            <gpxtpx:hr>175</gpxtpx:hr>
          </gpxtpx:TrackPointExtension>
        </extensions>
      </trkpt>
      <trkpt lat="36.11448904505009" lon="120.37281811032436">
        <ele>43.8</ele>
        <time>2026-07-31T22:33:47Z</time>
        <extensions>
          <gpxtpx:TrackPointExtension>
            <gpxtpx:hr>175</gpxtpx:hr>
          </gpxtpx:TrackPointExtension>
        </extensions>
      </trkpt>
      <trkpt lat="36.11450401695072" lon="120.37284309417554">
        <ele>42.8</ele>
        <time>2026-07-31T22:33:48Z</time>
        <extensions>
          <gpxtpx:TrackPointExtension>
            <gpxtpx:hr>172</gpxtpx:hr>
          </gpxtpx:TrackPointExtension>
        </extensions>
      </trkpt>
      <trkpt lat="36.11451698933613" lon="120.37286807826163">
        <ele>42.8</ele>
        <time>2026-07-31T22:33:49Z</time>
        <extensions>
          <gpxtpx:TrackPointExtension>
            <gpxtpx:hr>172</gpxtpx:hr>
          </gpxtpx:TrackPointExtension>
        </extensions>
      </trkpt>
      <trkpt lat="36.114527963189275" lon="120.37289206316338">
        <ele>42.8</ele>
        <time>2026-07-31T22:33:50Z</time>
        <extensions>
          <gpxtpx:TrackPointExtension>
            <gpxtpx:hr>172</gpxtpx:hr>
          </gpxtpx:TrackPointExtension>
        </extensions>
      </trkpt>
      <trkpt lat="36.11454193735048" lon="120.37291504835571">
        <ele>42.8</ele>
        <time>2026-07-31T22:33:52Z</time>
        <extensions>
          <gpxtpx:TrackPointExtension>
            <gpxtpx:hr>172</gpxtpx:hr>
          </gpxtpx:TrackPointExtension>
        </extensions>
      </trkpt>
      <trkpt lat="36.11457988733667" lon="120.37295702007441">
        <ele>42.8</ele>
        <time>2026-07-31T22:33:53Z</time>
        <extensions>
          <gpxtpx:TrackPointExtension>
            <gpxtpx:hr>173</gpxtpx:hr>
          </gpxtpx:TrackPointExtension>
        </extensions>
      </trkpt>
      <trkpt lat="36.11460186165863" lon="120.37297800564818">
        <ele>42.8</ele>
        <time>2026-07-31T22:33:54Z</time>
        <extensions>
          <gpxtpx:TrackPointExtension>
            <gpxtpx:hr>173</gpxtpx:hr>
          </gpxtpx:TrackPointExtension>
        </extensions>
      </trkpt>
      <trkpt lat="36.11462383305861" lon="120.37300198951182">
        <ele>42.8</ele>
        <time>2026-07-31T22:33:55Z</time>
        <extensions>
          <gpxtpx:TrackPointExtension>
            <gpxtpx:hr>173</gpxtpx:hr>
          </gpxtpx:TrackPointExtension>
        </extensions>
      </trkpt>
      <trkpt lat="36.11464780401589" lon="120.37302597319074">
        <ele>42.8</ele>
        <time>2026-07-31T22:33:56Z</time>
        <extensions>
          <gpxtpx:TrackPointExtension>
            <gpxtpx:hr>173</gpxtpx:hr>
          </gpxtpx:TrackPointExtension>
        </extensions>
      </trkpt>
      <trkpt lat="36.11467077620224" lon="120.37304895757232">
        <ele>42.8</ele>
        <time>2026-07-31T22:33:57Z</time>
        <extensions>
          <gpxtpx:TrackPointExtension>
            <gpxtpx:hr>173</gpxtpx:hr>
          </gpxtpx:TrackPointExtension>
        </extensions>
      </trkpt>
      <trkpt lat="36.11471872211938" lon="120.37309292733774">
        <ele>42.9</ele>
        <time>2026-07-31T22:33:59Z</time>
        <extensions>
          <gpxtpx:TrackPointExtension>
            <gpxtpx:hr>175</gpxtpx:hr>
          </gpxtpx:TrackPointExtension>
        </extensions>
      </trkpt>
      <trkpt lat="36.11474069946705" lon="120.37311091474562">
        <ele>42.9</ele>
        <time>2026-07-31T22:34:00Z</time>
        <extensions>
          <gpxtpx:TrackPointExtension>
            <gpxtpx:hr>175</gpxtpx:hr>
          </gpxtpx:TrackPointExtension>
        </extensions>
      </trkpt>
      <trkpt lat="36.1147606763144" lon="120.37312990180513">
        <ele>42.9</ele>
        <time>2026-07-31T22:34:01Z</time>
        <extensions>
          <gpxtpx:TrackPointExtension>
            <gpxtpx:hr>175</gpxtpx:hr>
          </gpxtpx:TrackPointExtension>
        </extensions>
      </trkpt>
      <trkpt lat="36.11478165391687" lon="120.37314788934535">
        <ele>42.9</ele>
        <time>2026-07-31T22:34:02Z</time>
        <extensions>
          <gpxtpx:TrackPointExtension>
            <gpxtpx:hr>175</gpxtpx:hr>
          </gpxtpx:TrackPointExtension>
        </extensions>
      </trkpt>
      <trkpt lat="36.11480263153071" lon="120.37316587689918">
        <ele>42.9</ele>
        <time>2026-07-31T22:34:03Z</time>
        <extensions>
          <gpxtpx:TrackPointExtension>
            <gpxtpx:hr>175</gpxtpx:hr>
          </gpxtpx:TrackPointExtension>
        </extensions>
      </trkpt>
      <trkpt lat="36.11482260938738" lon="120.37318386457099">
        <ele>42.9</ele>
        <time>2026-07-31T22:34:04Z</time>
        <extensions>
          <gpxtpx:TrackPointExtension>
            <gpxtpx:hr>175</gpxtpx:hr>
          </gpxtpx:TrackPointExtension>
        </extensions>
      </trkpt>
      <trkpt lat="36.114839584062004" lon="120.37320585029899">
        <ele>42.9</ele>
        <time>2026-07-31T22:34:05Z</time>
        <extensions>
          <gpxtpx:TrackPointExtension>
            <gpxtpx:hr>175</gpxtpx:hr>
          </gpxtpx:TrackPointExtension>
        </extensions>
      </trkpt>
      <trkpt lat="36.11485456115894" lon="120.37322583738953">
        <ele>42.9</ele>
        <time>2026-07-31T22:34:06Z</time>
        <extensions>
          <gpxtpx:TrackPointExtension>
            <gpxtpx:hr>175</gpxtpx:hr>
          </gpxtpx:TrackPointExtension>
        </extensions>
      </trkpt>
      <trkpt lat="36.11486954603497" lon="120.37323782902543">
        <ele>42.9</ele>
        <time>2026-07-31T22:34:07Z</time>
        <extensions>
          <gpxtpx:TrackPointExtension>
            <gpxtpx:hr>175</gpxtpx:hr>
          </gpxtpx:TrackPointExtension>
        </extensions>
      </trkpt>
      <trkpt lat="36.11488351853607" lon="120.37326281342081">
        <ele>42.6</ele>
        <time>2026-07-31T22:34:08Z</time>
        <extensions>
          <gpxtpx:TrackPointExtension>
            <gpxtpx:hr>176</gpxtpx:hr>
          </gpxtpx:TrackPointExtension>
        </extensions>
      </trkpt>
      <trkpt lat="36.11489449078471" lon="120.37328879759157">
        <ele>42.6</ele>
        <time>2026-07-31T22:34:09Z</time>
        <extensions>
          <gpxtpx:TrackPointExtension>
            <gpxtpx:hr>176</gpxtpx:hr>
          </gpxtpx:TrackPointExtension>
        </extensions>
      </trkpt>
      <trkpt lat="36.11491943852794" lon="120.37333676795313">
        <ele>42.6</ele>
        <time>2026-07-31T22:34:11Z</time>
        <extensions>
          <gpxtpx:TrackPointExtension>
            <gpxtpx:hr>176</gpxtpx:hr>
          </gpxtpx:TrackPointExtension>
        </extensions>
      </trkpt>
      <trkpt lat="36.11494439214663" lon="120.37337874177271">
        <ele>42.6</ele>
        <time>2026-07-31T22:34:13Z</time>
        <extensions>
          <gpxtpx:TrackPointExtension>
            <gpxtpx:hr>177</gpxtpx:hr>
          </gpxtpx:TrackPointExtension>
        </extensions>
      </trkpt>
      <trkpt lat="36.114951364463" lon="120.37340572592885">
        <ele>42.6</ele>
        <time>2026-07-31T22:34:14Z</time>
        <extensions>
          <gpxtpx:TrackPointExtension>
            <gpxtpx:hr>177</gpxtpx:hr>
          </gpxtpx:TrackPointExtension>
        </extensions>
      </trkpt>
      <trkpt lat="36.11495233723033" lon="120.37343371018419">
        <ele>42.6</ele>
        <time>2026-07-31T22:34:15Z</time>
        <extensions>
          <gpxtpx:TrackPointExtension>
            <gpxtpx:hr>177</gpxtpx:hr>
          </gpxtpx:TrackPointExtension>
        </extensions>
      </trkpt>
      <trkpt lat="36.114953305211664" lon="120.37346669168905">
        <ele>42.6</ele>
        <time>2026-07-31T22:34:16Z</time>
        <extensions>
          <gpxtpx:TrackPointExtension>
            <gpxtpx:hr>177</gpxtpx:hr>
          </gpxtpx:TrackPointExtension>
        </extensions>
      </trkpt>
      <trkpt lat="36.114945278199706" lon="120.37349667584537">
        <ele>42.6</ele>
        <time>2026-07-31T22:34:17Z</time>
        <extensions>
          <gpxtpx:TrackPointExtension>
            <gpxtpx:hr>177</gpxtpx:hr>
          </gpxtpx:TrackPointExtension>
        </extensions>
      </trkpt>
      <trkpt lat="36.114930254761255" lon="120.37352466187882">
        <ele>42.8</ele>
        <time>2026-07-31T22:34:18Z</time>
        <extensions>
          <gpxtpx:TrackPointExtension>
            <gpxtpx:hr>177</gpxtpx:hr>
          </gpxtpx:TrackPointExtension>
        </extensions>
      </trkpt>
      <trkpt lat="36.11491423446106" lon="120.37354964970889">
        <ele>42.8</ele>
        <time>2026-07-31T22:34:19Z</time>
        <extensions>
          <gpxtpx:TrackPointExtension>
            <gpxtpx:hr>177</gpxtpx:hr>
          </gpxtpx:TrackPointExtension>
        </extensions>
      </trkpt>
      <trkpt lat="36.11489721729116" lon="120.37357163932606">
        <ele>42.8</ele>
        <time>2026-07-31T22:34:20Z</time>
        <extensions>
          <gpxtpx:TrackPointExtension>
            <gpxtpx:hr>177</gpxtpx:hr>
          </gpxtpx:TrackPointExtension>
        </extensions>
      </trkpt>
      <trkpt lat="36.11488219009563" lon="120.37360362324456">
        <ele>42.8</ele>
        <time>2026-07-31T22:34:21Z</time>
        <extensions>
          <gpxtpx:TrackPointExtension>
            <gpxtpx:hr>177</gpxtpx:hr>
          </gpxtpx:TrackPointExtension>
        </extensions>
      </trkpt>
      <trkpt lat="36.114865166269546" lon="120.37363260906379">
        <ele>42.8</ele>
        <time>2026-07-31T22:34:22Z</time>
        <extensions>
          <gpxtpx:TrackPointExtension>
            <gpxtpx:hr>177</gpxtpx:hr>
          </gpxtpx:TrackPointExtension>
        </extensions>
      </trkpt>
      <trkpt lat="36.1148511456021" lon="120.37365759679908">
        <ele>42.8</ele>
        <time>2026-07-31T22:34:23Z</time>
        <extensions>
          <gpxtpx:TrackPointExtension>
            <gpxtpx:hr>177</gpxtpx:hr>
          </gpxtpx:TrackPointExtension>
        </extensions>
      </trkpt>
      <trkpt lat="36.11483712113716" lon="120.37368658237125">
        <ele>42.8</ele>
        <time>2026-07-31T22:34:24Z</time>
        <extensions>
          <gpxtpx:TrackPointExtension>
            <gpxtpx:hr>177</gpxtpx:hr>
          </gpxtpx:TrackPointExtension>
        </extensions>
      </trkpt>
      <trkpt lat="36.114822091211266" lon="120.37372156480771">
        <ele>42.8</ele>
        <time>2026-07-31T22:34:25Z</time>
        <extensions>
          <gpxtpx:TrackPointExtension>
            <gpxtpx:hr>177</gpxtpx:hr>
          </gpxtpx:TrackPointExtension>
        </extensions>
      </trkpt>
      <trkpt lat="36.114808063954705" lon="120.37375354882484">
        <ele>42.8</ele>
        <time>2026-07-31T22:34:26Z</time>
        <extensions>
          <gpxtpx:TrackPointExtension>
            <gpxtpx:hr>177</gpxtpx:hr>
          </gpxtpx:TrackPointExtension>
        </extensions>
      </trkpt>
      <trkpt lat="36.114792036246186" lon="120.37378653255107">
        <ele>43.2</ele>
        <time>2026-07-31T22:34:28Z</time>
        <extensions>
          <gpxtpx:TrackPointExtension>
            <gpxtpx:hr>177</gpxtpx:hr>
          </gpxtpx:TrackPointExtension>
        </extensions>
      </trkpt>
      <trkpt lat="36.11475898212581" lon="120.3738515007867">
        <ele>43.2</ele>
        <time>2026-07-31T22:34:29Z</time>
        <extensions>
          <gpxtpx:TrackPointExtension>
            <gpxtpx:hr>177</gpxtpx:hr>
          </gpxtpx:TrackPointExtension>
        </extensions>
      </trkpt>
      <trkpt lat="36.114746954554334" lon="120.37388348477127">
        <ele>43.2</ele>
        <time>2026-07-31T22:34:30Z</time>
        <extensions>
          <gpxtpx:TrackPointExtension>
            <gpxtpx:hr>177</gpxtpx:hr>
          </gpxtpx:TrackPointExtension>
        </extensions>
      </trkpt>
      <trkpt lat="36.11473593152182" lon="120.37391047138344">
        <ele>43.2</ele>
        <time>2026-07-31T22:34:31Z</time>
        <extensions>
          <gpxtpx:TrackPointExtension>
            <gpxtpx:hr>177</gpxtpx:hr>
          </gpxtpx:TrackPointExtension>
        </extensions>
      </trkpt>
      <trkpt lat="36.11472190826378" lon="120.37393845780315">
        <ele>43.2</ele>
        <time>2026-07-31T22:34:32Z</time>
        <extensions>
          <gpxtpx:TrackPointExtension>
            <gpxtpx:hr>177</gpxtpx:hr>
          </gpxtpx:TrackPointExtension>
        </extensions>
      </trkpt>
      <trkpt lat="36.11470188453275" lon="120.37396844381189">
        <ele>43.2</ele>
        <time>2026-07-31T22:34:33Z</time>
        <extensions>
          <gpxtpx:TrackPointExtension>
            <gpxtpx:hr>177</gpxtpx:hr>
          </gpxtpx:TrackPointExtension>
        </extensions>
      </trkpt>
      <trkpt lat="36.11468686062026" lon="120.37399742987087">
        <ele>43.2</ele>
        <time>2026-07-31T22:34:34Z</time>
        <extensions>
          <gpxtpx:TrackPointExtension>
            <gpxtpx:hr>177</gpxtpx:hr>
          </gpxtpx:TrackPointExtension>
        </extensions>
      </trkpt>
      <trkpt lat="36.11467183956614" lon="120.37402341756444">
        <ele>43.2</ele>
        <time>2026-07-31T22:34:35Z</time>
        <extensions>
          <gpxtpx:TrackPointExtension>
            <gpxtpx:hr>177</gpxtpx:hr>
          </gpxtpx:TrackPointExtension>
        </extensions>
      </trkpt>
      <trkpt lat="36.114658817131335" lon="120.37405040454604">
        <ele>43.2</ele>
        <time>2026-07-31T22:34:36Z</time>
        <extensions>
          <gpxtpx:TrackPointExtension>
            <gpxtpx:hr>177</gpxtpx:hr>
          </gpxtpx:TrackPointExtension>
        </extensions>
      </trkpt>
      <trkpt lat="36.11465679123573" lon="120.37407838987932">
        <ele>43.2</ele>
        <time>2026-07-31T22:34:37Z</time>
        <extensions>
          <gpxtpx:TrackPointExtension>
            <gpxtpx:hr>177</gpxtpx:hr>
          </gpxtpx:TrackPointExtension>
        </extensions>
      </trkpt>
      <trkpt lat="36.114635742524385" lon="120.37413536189284">
        <ele>44.4</ele>
        <time>2026-07-31T22:34:39Z</time>
        <extensions>
          <gpxtpx:TrackPointExtension>
            <gpxtpx:hr>177</gpxtpx:hr>
          </gpxtpx:TrackPointExtension>
        </extensions>
      </trkpt>
      <trkpt lat="36.11462271644647" lon="120.37416634689508">
        <ele>44.4</ele>
        <time>2026-07-31T22:34:40Z</time>
        <extensions>
          <gpxtpx:TrackPointExtension>
            <gpxtpx:hr>177</gpxtpx:hr>
          </gpxtpx:TrackPointExtension>
        </extensions>
      </trkpt>
      <trkpt lat="36.11460768992921" lon="120.37419833162151">
        <ele>44.4</ele>
        <time>2026-07-31T22:34:41Z</time>
        <extensions>
          <gpxtpx:TrackPointExtension>
            <gpxtpx:hr>177</gpxtpx:hr>
          </gpxtpx:TrackPointExtension>
        </extensions>
      </trkpt>
      <trkpt lat="36.114594665792175" lon="120.37422731775555">
        <ele>44.4</ele>
        <time>2026-07-31T22:34:42Z</time>
        <extensions>
          <gpxtpx:TrackPointExtension>
            <gpxtpx:hr>177</gpxtpx:hr>
          </gpxtpx:TrackPointExtension>
        </extensions>
      </trkpt>
      <trkpt lat="36.11457864518323" lon="120.3742533058082">
        <ele>44.4</ele>
        <time>2026-07-31T22:34:43Z</time>
        <extensions>
          <gpxtpx:TrackPointExtension>
            <gpxtpx:hr>178</gpxtpx:hr>
          </gpxtpx:TrackPointExtension>
        </extensions>
      </trkpt>
      <trkpt lat="36.11455962062483" lon="120.3742842915929">
        <ele>44.4</ele>
        <time>2026-07-31T22:34:44Z</time>
        <extensions>
          <gpxtpx:TrackPointExtension>
            <gpxtpx:hr>178</gpxtpx:hr>
          </gpxtpx:TrackPointExtension>
        </extensions>
      </trkpt>
      <trkpt lat="36.11455359122751" lon="120.3743172750201">
        <ele>44.4</ele>
        <time>2026-07-31T22:34:46Z</time>
        <extensions>
          <gpxtpx:TrackPointExtension>
            <gpxtpx:hr>178</gpxtpx:hr>
          </gpxtpx:TrackPointExtension>
        </extensions>
      </trkpt>
      <trkpt lat="36.114499569253624" lon="120.37435426143006">
        <ele>44.4</ele>
        <time>2026-07-31T22:34:47Z</time>
        <extensions>
          <gpxtpx:TrackPointExtension>
            <gpxtpx:hr>178</gpxtpx:hr>
          </gpxtpx:TrackPointExtension>
        </extensions>
      </trkpt>
      <trkpt lat="36.11446856339744" lon="120.3743682574066">
        <ele>43.9</ele>
        <time>2026-07-31T22:34:48Z</time>
        <extensions>
          <gpxtpx:TrackPointExtension>
            <gpxtpx:hr>178</gpxtpx:hr>
          </gpxtpx:TrackPointExtension>
        </extensions>
      </trkpt>
      <trkpt lat="36.11443156823824" lon="120.3743722591973">
        <ele>43.9</ele>
        <time>2026-07-31T22:34:49Z</time>
        <extensions>
          <gpxtpx:TrackPointExtension>
            <gpxtpx:hr>178</gpxtpx:hr>
          </gpxtpx:TrackPointExtension>
        </extensions>
      </trkpt>
      <trkpt lat="36.1144005782032" lon="120.37436926398897">
        <ele>43.9</ele>
        <time>2026-07-31T22:34:50Z</time>
        <extensions>
          <gpxtpx:TrackPointExtension>
            <gpxtpx:hr>178</gpxtpx:hr>
          </gpxtpx:TrackPointExtension>
        </extensions>
      </trkpt>
      <trkpt lat="36.11437358724272" lon="120.37436626836332">
        <ele>43.9</ele>
        <time>2026-07-31T22:34:51Z</time>
        <extensions>
          <gpxtpx:TrackPointExtension>
            <gpxtpx:hr>178</gpxtpx:hr>
          </gpxtpx:TrackPointExtension>
        </extensions>
      </trkpt>
      <trkpt lat="36.114355603508265" lon="120.37435327698562">
        <ele>43.9</ele>
        <time>2026-07-31T22:34:52Z</time>
        <extensions>
          <gpxtpx:TrackPointExtension>
            <gpxtpx:hr>178</gpxtpx:hr>
          </gpxtpx:TrackPointExtension>
        </extensions>
      </trkpt>
      <trkpt lat="36.11433962118007" lon="120.37433828644538">
        <ele>43.9</ele>
        <time>2026-07-31T22:34:53Z</time>
        <extensions>
          <gpxtpx:TrackPointExtension>
            <gpxtpx:hr>178</gpxtpx:hr>
          </gpxtpx:TrackPointExtension>
        </extensions>
      </trkpt>
      <trkpt lat="36.114325640261384" lon="120.37432129674644">
        <ele>43.9</ele>
        <time>2026-07-31T22:34:54Z</time>
        <extensions>
          <gpxtpx:TrackPointExtension>
            <gpxtpx:hr>178</gpxtpx:hr>
          </gpxtpx:TrackPointExtension>
        </extensions>
      </trkpt>
      <trkpt lat="36.11431366448758" lon="120.37429830997803">
        <ele>43.9</ele>
        <time>2026-07-31T22:34:55Z</time>
        <extensions>
          <gpxtpx:TrackPointExtension>
            <gpxtpx:hr>178</gpxtpx:hr>
          </gpxtpx:TrackPointExtension>
        </extensions>
      </trkpt>
      <trkpt lat="36.11429968265964" lon="120.37428231978612">
        <ele>43.9</ele>
        <time>2026-07-31T22:34:56Z</time>
        <extensions>
          <gpxtpx:TrackPointExtension>
            <gpxtpx:hr>178</gpxtpx:hr>
          </gpxtpx:TrackPointExtension>
        </extensions>
      </trkpt>
      <trkpt lat="36.11428669780719" lon="120.37426932793291">
        <ele>43.9</ele>
        <time>2026-07-31T22:34:57Z</time>
        <extensions>
          <gpxtpx:TrackPointExtension>
            <gpxtpx:hr>178</gpxtpx:hr>
          </gpxtpx:TrackPointExtension>
        </extensions>
      </trkpt>
      <trkpt lat="36.114274707123016" lon="120.37426233284474">
        <ele>44.1</ele>
        <time>2026-07-31T22:34:58Z</time>
        <extensions>
          <gpxtpx:TrackPointExtension>
            <gpxtpx:hr>178</gpxtpx:hr>
          </gpxtpx:TrackPointExtension>
        </extensions>
      </trkpt>
      <trkpt lat="36.11426973164834" lon="120.37423734645097">
        <ele>44.1</ele>
        <time>2026-07-31T22:34:59Z</time>
        <extensions>
          <gpxtpx:TrackPointExtension>
            <gpxtpx:hr>178</gpxtpx:hr>
          </gpxtpx:TrackPointExtension>
        </extensions>
      </trkpt>
      <trkpt lat="36.11425775032829" lon="120.37422035661643">
        <ele>44.1</ele>
        <time>2026-07-31T22:35:00Z</time>
        <extensions>
          <gpxtpx:TrackPointExtension>
            <gpxtpx:hr>178</gpxtpx:hr>
          </gpxtpx:TrackPointExtension>
        </extensions>
      </trkpt>
      <trkpt lat="36.114248772070304" lon="120.3741993685827">
        <ele>44.1</ele>
        <time>2026-07-31T22:35:01Z</time>
        <extensions>
          <gpxtpx:TrackPointExtension>
            <gpxtpx:hr>178</gpxtpx:hr>
          </gpxtpx:TrackPointExtension>
        </extensions>
      </trkpt>
      <trkpt lat="36.11423080059748" lon="120.37417338414014">
        <ele>44.1</ele>
        <time>2026-07-31T22:35:02Z</time>
        <extensions>
          <gpxtpx:TrackPointExtension>
            <gpxtpx:hr>178</gpxtpx:hr>
          </gpxtpx:TrackPointExtension>
        </extensions>
      </trkpt>
      <trkpt lat="36.11421482868606" lon="120.37414739951751">
        <ele>44.1</ele>
        <time>2026-07-31T22:35:04Z</time>
        <extensions>
          <gpxtpx:TrackPointExtension>
            <gpxtpx:hr>177</gpxtpx:hr>
          </gpxtpx:TrackPointExtension>
        </extensions>
      </trkpt>
      <trkpt lat="36.114200861972684" lon="120.37411541788865">
        <ele>44.1</ele>
        <time>2026-07-31T22:35:05Z</time>
        <extensions>
          <gpxtpx:TrackPointExtension>
            <gpxtpx:hr>177</gpxtpx:hr>
          </gpxtpx:TrackPointExtension>
        </extensions>
      </trkpt>
      <trkpt lat="36.11419587252687" lon="120.37410542370384">
        <ele>44.1</ele>
        <time>2026-07-31T22:35:06Z</time>
        <extensions>
          <gpxtpx:TrackPointExtension>
            <gpxtpx:hr>177</gpxtpx:hr>
          </gpxtpx:TrackPointExtension>
        </extensions>
      </trkpt>
      <trkpt lat="36.114187893183214" lon="120.37408543513811">
        <ele>44.1</ele>
        <time>2026-07-31T22:35:07Z</time>
        <extensions>
          <gpxtpx:TrackPointExtension>
            <gpxtpx:hr>177</gpxtpx:hr>
          </gpxtpx:TrackPointExtension>
        </extensions>
      </trkpt>
      <trkpt lat="36.114176920196655" lon="120.37405945009078">
        <ele>44.4</ele>
        <time>2026-07-31T22:35:08Z</time>
        <extensions>
          <gpxtpx:TrackPointExtension>
            <gpxtpx:hr>177</gpxtpx:hr>
          </gpxtpx:TrackPointExtension>
        </extensions>
      </trkpt>
      <trkpt lat="36.114166941348614" lon="120.37403946177304">
        <ele>44.4</ele>
        <time>2026-07-31T22:35:09Z</time>
        <extensions>
          <gpxtpx:TrackPointExtension>
            <gpxtpx:hr>177</gpxtpx:hr>
          </gpxtpx:TrackPointExtension>
        </extensions>
      </trkpt>
      <trkpt lat="36.11415195990005" lon="120.37402347186202">
        <ele>44.4</ele>
        <time>2026-07-31T22:35:10Z</time>
        <extensions>
          <gpxtpx:TrackPointExtension>
            <gpxtpx:hr>177</gpxtpx:hr>
          </gpxtpx:TrackPointExtension>
        </extensions>
      </trkpt>
      <trkpt lat="36.114135975861906" lon="120.3740104804654">
        <ele>44.4</ele>
        <time>2026-07-31T22:35:11Z</time>
        <extensions>
          <gpxtpx:TrackPointExtension>
            <gpxtpx:hr>177</gpxtpx:hr>
          </gpxtpx:TrackPointExtension>
        </extensions>
      </trkpt>
      <trkpt lat="36.11411399133047" lon="120.37399948863433">
        <ele>44.4</ele>
        <time>2026-07-31T22:35:12Z</time>
        <extensions>
          <gpxtpx:TrackPointExtension>
            <gpxtpx:hr>177</gpxtpx:hr>
          </gpxtpx:TrackPointExtension>
        </extensions>
      </trkpt>
      <trkpt lat="36.11409100797875" lon="120.37398749744733">
        <ele>44.4</ele>
        <time>2026-07-31T22:35:13Z</time>
        <extensions>
          <gpxtpx:TrackPointExtension>
            <gpxtpx:hr>178</gpxtpx:hr>
          </gpxtpx:TrackPointExtension>
        </extensions>
      </trkpt>
      <trkpt lat="36.11407702538369" lon="120.37397250693202">
        <ele>44.4</ele>
        <time>2026-07-31T22:35:14Z</time>
        <extensions>
          <gpxtpx:TrackPointExtension>
            <gpxtpx:hr>178</gpxtpx:hr>
          </gpxtpx:TrackPointExtension>
        </extensions>
      </trkpt>
      <trkpt lat="36.114056037800616" lon="120.37396451340754">
        <ele>44.4</ele>
        <time>2026-07-31T22:35:15Z</time>
        <extensions>
          <gpxtpx:TrackPointExtension>
            <gpxtpx:hr>178</gpxtpx:hr>
          </gpxtpx:TrackPointExtension>
        </extensions>
      </trkpt>
      <trkpt lat="36.114035049274555" lon="120.37395751934993">
        <ele>44.4</ele>
        <time>2026-07-31T22:35:16Z</time>
        <extensions>
          <gpxtpx:TrackPointExtension>
            <gpxtpx:hr>178</gpxtpx:hr>
          </gpxtpx:TrackPointExtension>
        </extensions>
      </trkpt>
      <trkpt lat="36.114018060770235" lon="120.37394952541287">
        <ele>44.4</ele>
        <time>2026-07-31T22:35:17Z</time>
        <extensions>
          <gpxtpx:TrackPointExtension>
            <gpxtpx:hr>178</gpxtpx:hr>
          </gpxtpx:TrackPointExtension>
        </extensions>
      </trkpt>
      <trkpt lat="36.11399706657403" lon="120.37394852814178">
        <ele>43.8</ele>
        <time>2026-07-31T22:35:18Z</time>
        <extensions>
          <gpxtpx:TrackPointExtension>
            <gpxtpx:hr>178</gpxtpx:hr>
          </gpxtpx:TrackPointExtension>
        </extensions>
      </trkpt>
      <trkpt lat="36.113975075445964" lon="120.37394453258405">
        <ele>43.8</ele>
        <time>2026-07-31T22:35:19Z</time>
        <extensions>
          <gpxtpx:TrackPointExtension>
            <gpxtpx:hr>178</gpxtpx:hr>
          </gpxtpx:TrackPointExtension>
        </extensions>
      </trkpt>
      <trkpt lat="36.11395108478107" lon="120.37394053723582">
        <ele>43.8</ele>
        <time>2026-07-31T22:35:20Z</time>
        <extensions>
          <gpxtpx:TrackPointExtension>
            <gpxtpx:hr>178</gpxtpx:hr>
          </gpxtpx:TrackPointExtension>
        </extensions>
      </trkpt>
      <trkpt lat="36.113930095314615" lon="120.37393454264853">
        <ele>43.8</ele>
        <time>2026-07-31T22:35:21Z</time>
        <extensions>
          <gpxtpx:TrackPointExtension>
            <gpxtpx:hr>178</gpxtpx:hr>
          </gpxtpx:TrackPointExtension>
        </extensions>
      </trkpt>
      <trkpt lat="36.1138871137775" lon="120.37392555197123">
        <ele>43.8</ele>
        <time>2026-07-31T22:35:23Z</time>
        <extensions>
          <gpxtpx:TrackPointExtension>
            <gpxtpx:hr>179</gpxtpx:hr>
          </gpxtpx:TrackPointExtension>
        </extensions>
      </trkpt>
      <trkpt lat="36.11386612431405" lon="120.37391955738772">
        <ele>43.8</ele>
        <time>2026-07-31T22:35:24Z</time>
        <extensions>
          <gpxtpx:TrackPointExtension>
            <gpxtpx:hr>179</gpxtpx:hr>
          </gpxtpx:TrackPointExtension>
        </extensions>
      </trkpt>
      <trkpt lat="36.11384113388364" lon="120.37391556214814">
        <ele>43.8</ele>
        <time>2026-07-31T22:35:25Z</time>
        <extensions>
          <gpxtpx:TrackPointExtension>
            <gpxtpx:hr>179</gpxtpx:hr>
          </gpxtpx:TrackPointExtension>
        </extensions>
      </trkpt>
      <trkpt lat="36.113818150566914" lon="120.37390357100388">
        <ele>43.8</ele>
        <time>2026-07-31T22:35:26Z</time>
        <extensions>
          <gpxtpx:TrackPointExtension>
            <gpxtpx:hr>179</gpxtpx:hr>
          </gpxtpx:TrackPointExtension>
        </extensions>
      </trkpt>
      <trkpt lat="36.113794164644055" lon="120.37389457835448">
        <ele>43.8</ele>
        <time>2026-07-31T22:35:27Z</time>
        <extensions>
          <gpxtpx:TrackPointExtension>
            <gpxtpx:hr>179</gpxtpx:hr>
          </gpxtpx:TrackPointExtension>
        </extensions>
      </trkpt>
      <trkpt lat="36.11377417969435" lon="120.37388358636869">
        <ele>44.3</ele>
        <time>2026-07-31T22:35:28Z</time>
        <extensions>
          <gpxtpx:TrackPointExtension>
            <gpxtpx:hr>179</gpxtpx:hr>
          </gpxtpx:TrackPointExtension>
        </extensions>
      </trkpt>
      <trkpt lat="36.1137551897769" lon="120.37387759158703">
        <ele>44.3</ele>
        <time>2026-07-31T22:35:29Z</time>
        <extensions>
          <gpxtpx:TrackPointExtension>
            <gpxtpx:hr>179</gpxtpx:hr>
          </gpxtpx:TrackPointExtension>
        </extensions>
      </trkpt>
      <trkpt lat="36.11373920106336" lon="120.37386959757268">
        <ele>44.3</ele>
        <time>2026-07-31T22:35:30Z</time>
        <extensions>
          <gpxtpx:TrackPointExtension>
            <gpxtpx:hr>179</gpxtpx:hr>
          </gpxtpx:TrackPointExtension>
        </extensions>
      </trkpt>
      <trkpt lat="36.113723200022996" lon="120.37387459654612">
        <ele>44.3</ele>
        <time>2026-07-31T22:35:31Z</time>
        <extensions>
          <gpxtpx:TrackPointExtension>
            <gpxtpx:hr>179</gpxtpx:hr>
          </gpxtpx:TrackPointExtension>
        </extensions>
      </trkpt>
      <trkpt lat="36.11370619637101" lon="120.37388259400784">
        <ele>44.3</ele>
        <time>2026-07-31T22:35:32Z</time>
        <extensions>
          <gpxtpx:TrackPointExtension>
            <gpxtpx:hr>179</gpxtpx:hr>
          </gpxtpx:TrackPointExtension>
        </extensions>
      </trkpt>
      <trkpt lat="36.11369218255328" lon="120.37390058577462">
        <ele>44.3</ele>
        <time>2026-07-31T22:35:33Z</time>
        <extensions>
          <gpxtpx:TrackPointExtension>
            <gpxtpx:hr>179</gpxtpx:hr>
          </gpxtpx:TrackPointExtension>
        </extensions>
      </trkpt>
      <trkpt lat="36.11368516050275" lon="120.37392557306305">
        <ele>44.3</ele>
        <time>2026-07-31T22:35:34Z</time>
        <extensions>
          <gpxtpx:TrackPointExtension>
            <gpxtpx:hr>179</gpxtpx:hr>
          </gpxtpx:TrackPointExtension>
        </extensions>
      </trkpt>
      <trkpt lat="36.113701170054206" lon="120.37391157891693">
        <ele>44.3</ele>
        <time>2026-07-31T22:35:35Z</time>
        <extensions>
          <gpxtpx:TrackPointExtension>
            <gpxtpx:hr>179</gpxtpx:hr>
          </gpxtpx:TrackPointExtension>
        </extensions>
      </trkpt>
      <trkpt lat="36.11371415474142" lon="120.3739245705722">
        <ele>44.3</ele>
        <time>2026-07-31T22:35:36Z</time>
        <extensions>
          <gpxtpx:TrackPointExtension>
            <gpxtpx:hr>179</gpxtpx:hr>
          </gpxtpx:TrackPointExtension>
        </extensions>
      </trkpt>
      <trkpt lat="36.11373114134731" lon="120.37393456342716">
        <ele>44.3</ele>
        <time>2026-07-31T22:35:37Z</time>
        <extensions>
          <gpxtpx:TrackPointExtension>
            <gpxtpx:hr>179</gpxtpx:hr>
          </gpxtpx:TrackPointExtension>
        </extensions>
      </trkpt>
      <trkpt lat="36.11375012465727" lon="120.37394755446864">
        <ele>44.3</ele>
        <time>2026-07-31T22:35:38Z</time>
        <extensions>
          <gpxtpx:TrackPointExtension>
            <gpxtpx:hr>179</gpxtpx:hr>
          </gpxtpx:TrackPointExtension>
        </extensions>
      </trkpt>
      <trkpt lat="36.11376011289044" lon="120.37395754806425">
        <ele>44.3</ele>
        <time>2026-07-31T22:35:39Z</time>
        <extensions>
          <gpxtpx:TrackPointExtension>
            <gpxtpx:hr>179</gpxtpx:hr>
          </gpxtpx:TrackPointExtension>
        </extensions>
      </trkpt>
      <trkpt lat="36.11378707924935" lon="120.37398652972439">
        <ele>44.3</ele>
        <time>2026-07-31T22:35:41Z</time>
        <extensions>
          <gpxtpx:TrackPointExtension>
            <gpxtpx:hr>179</gpxtpx:hr>
          </gpxtpx:TrackPointExtension>
        </extensions>
      </trkpt>
      <trkpt lat="36.113777067404065" lon="120.37400152275464">
        <ele>44.3</ele>
        <time>2026-07-31T22:35:42Z</time>
        <extensions>
          <gpxtpx:TrackPointExtension>
            <gpxtpx:hr>179</gpxtpx:hr>
          </gpxtpx:TrackPointExtension>
        </extensions>
      </trkpt>
      <trkpt lat="36.11381205364695" lon="120.3740075158972">
        <ele>44.3</ele>
        <time>2026-07-31T22:35:44Z</time>
        <extensions>
          <gpxtpx:TrackPointExtension>
            <gpxtpx:hr>179</gpxtpx:hr>
          </gpxtpx:TrackPointExtension>
        </extensions>
      </trkpt>
      <trkpt lat="36.11382603720423" lon="120.37402150696794">
        <ele>44.3</ele>
        <time>2026-07-31T22:35:45Z</time>
        <extensions>
          <gpxtpx:TrackPointExtension>
            <gpxtpx:hr>179</gpxtpx:hr>
          </gpxtpx:TrackPointExtension>
        </extensions>
      </trkpt>
      <trkpt lat="36.113753106949176" lon="120.37396554451003">
        <ele>44.3</ele>
        <time>2026-07-31T22:35:46Z</time>
        <extensions>
          <gpxtpx:TrackPointExtension>
            <gpxtpx:hr>179</gpxtpx:hr>
          </gpxtpx:TrackPointExtension>
        </extensions>
      </trkpt>
      <trkpt lat="36.1137151119594" lon="120.37396954633626">
        <ele>44.3</ele>
        <time>2026-07-31T22:35:47Z</time>
        <extensions>
          <gpxtpx:TrackPointExtension>
            <gpxtpx:hr>179</gpxtpx:hr>
          </gpxtpx:TrackPointExtension>
        </extensions>
      </trkpt>
      <trkpt lat="36.113713101087356" lon="120.37398154012455">
        <ele>43.8</ele>
        <time>2026-07-31T22:35:48Z</time>
        <extensions>
          <gpxtpx:TrackPointExtension>
            <gpxtpx:hr>179</gpxtpx:hr>
          </gpxtpx:TrackPointExtension>
        </extensions>
      </trkpt>
      <trkpt lat="36.11372111246119" lon="120.37396754678046">
        <ele>43.8</ele>
        <time>2026-07-31T22:35:49Z</time>
        <extensions>
          <gpxtpx:TrackPointExtension>
            <gpxtpx:hr>179</gpxtpx:hr>
          </gpxtpx:TrackPointExtension>
        </extensions>
      </trkpt>
      <trkpt lat="36.11373112243409" lon="120.37395455269991">
        <ele>43.8</ele>
        <time>2026-07-31T22:35:50Z</time>
        <extensions>
          <gpxtpx:TrackPointExtension>
            <gpxtpx:hr>179</gpxtpx:hr>
          </gpxtpx:TrackPointExtension>
        </extensions>
      </trkpt>
      <trkpt lat="36.11372114082245" lon="120.37393756286114">
        <ele>43.8</ele>
        <time>2026-07-31T22:35:51Z</time>
        <extensions>
          <gpxtpx:TrackPointExtension>
            <gpxtpx:hr>179</gpxtpx:hr>
          </gpxtpx:TrackPointExtension>
        </extensions>
      </trkpt>
      <trkpt lat="36.113678165907466" lon="120.37392157594296">
        <ele>43.8</ele>
        <time>2026-07-31T22:35:52Z</time>
        <extensions>
          <gpxtpx:TrackPointExtension>
            <gpxtpx:hr>179</gpxtpx:hr>
          </gpxtpx:TrackPointExtension>
        </extensions>
      </trkpt>
      <trkpt lat="36.113609204592365" lon="120.3738975960559">
        <ele>43.8</ele>
        <time>2026-07-31T22:35:53Z</time>
        <extensions>
          <gpxtpx:TrackPointExtension>
            <gpxtpx:hr>175</gpxtpx:hr>
          </gpxtpx:TrackPointExtension>
        </extensions>
      </trkpt>
      <trkpt lat="36.11355223198946" lon="120.37388261008759">
        <ele>43.8</ele>
        <time>2026-07-31T22:35:54Z</time>
        <extensions>
          <gpxtpx:TrackPointExtension>
            <gpxtpx:hr>175</gpxtpx:hr>
          </gpxtpx:TrackPointExtension>
        </extensions>
      </trkpt>
      <trkpt lat="36.11352524297369" lon="120.37387761560225">
        <ele>43.8</ele>
        <time>2026-07-31T22:35:55Z</time>
        <extensions>
          <gpxtpx:TrackPointExtension>
            <gpxtpx:hr>175</gpxtpx:hr>
          </gpxtpx:TrackPointExtension>
        </extensions>
      </trkpt>
      <trkpt lat="36.11352123062956" lon="120.3738916084752">
        <ele>43.8</ele>
        <time>2026-07-31T22:35:56Z</time>
        <extensions>
          <gpxtpx:TrackPointExtension>
            <gpxtpx:hr>175</gpxtpx:hr>
          </gpxtpx:TrackPointExtension>
        </extensions>
      </trkpt>
      <trkpt lat="36.11352022612352" lon="120.37389660588711">
        <ele>43.8</ele>
        <time>2026-07-31T22:35:57Z</time>
        <extensions>
          <gpxtpx:TrackPointExtension>
            <gpxtpx:hr>175</gpxtpx:hr>
          </gpxtpx:TrackPointExtension>
        </extensions>
      </trkpt>
      <trkpt lat="36.11352320270303" lon="120.37392059266452">
        <ele>43.8</ele>
        <time>2026-07-31T22:35:59Z</time>
        <extensions>
          <gpxtpx:TrackPointExtension>
            <gpxtpx:hr>177</gpxtpx:hr>
          </gpxtpx:TrackPointExtension>
        </extensions>
      </trkpt>
      <trkpt lat="36.11351719178895" lon="120.37393358630865">
        <ele>43.8</ele>
        <time>2026-07-31T22:36:00Z</time>
        <extensions>
          <gpxtpx:TrackPointExtension>
            <gpxtpx:hr>177</gpxtpx:hr>
          </gpxtpx:TrackPointExtension>
        </extensions>
      </trkpt>
      <trkpt lat="36.11351417735049" lon="120.37394957803808">
        <ele>43.8</ele>
        <time>2026-07-31T22:36:01Z</time>
        <extensions>
          <gpxtpx:TrackPointExtension>
            <gpxtpx:hr>177</gpxtpx:hr>
          </gpxtpx:TrackPointExtension>
        </extensions>
      </trkpt>
      <trkpt lat="36.11351416033759" lon="120.37396756839428">
        <ele>43.8</ele>
        <time>2026-07-31T22:36:02Z</time>
        <extensions>
          <gpxtpx:TrackPointExtension>
            <gpxtpx:hr>177</gpxtpx:hr>
          </gpxtpx:TrackPointExtension>
        </extensions>
      </trkpt>
      <trkpt lat="36.113510148038415" lon="120.37398156132073">
        <ele>43.8</ele>
        <time>2026-07-31T22:36:03Z</time>
        <extensions>
          <gpxtpx:TrackPointExtension>
            <gpxtpx:hr>176</gpxtpx:hr>
          </gpxtpx:TrackPointExtension>
        </extensions>
      </trkpt>
      <trkpt lat="36.11350913694018" lon="120.37399355501073">
        <ele>43.8</ele>
        <time>2026-07-31T22:36:04Z</time>
        <extensions>
          <gpxtpx:TrackPointExtension>
            <gpxtpx:hr>176</gpxtpx:hr>
          </gpxtpx:TrackPointExtension>
        </extensions>
      </trkpt>
      <trkpt lat="36.1135051237106" lon="120.37400854741897">
        <ele>43.8</ele>
        <time>2026-07-31T22:36:05Z</time>
        <extensions>
          <gpxtpx:TrackPointExtension>
            <gpxtpx:hr>176</gpxtpx:hr>
          </gpxtpx:TrackPointExtension>
        </extensions>
      </trkpt>
      <trkpt lat="36.11350510579292" lon="120.37402753728746">
        <ele>43.8</ele>
        <time>2026-07-31T22:36:06Z</time>
        <extensions>
          <gpxtpx:TrackPointExtension>
            <gpxtpx:hr>176</gpxtpx:hr>
          </gpxtpx:TrackPointExtension>
        </extensions>
      </trkpt>
      <trkpt lat="36.11351508369147" lon="120.37404852506317">
        <ele>43.8</ele>
        <time>2026-07-31T22:36:07Z</time>
        <extensions>
          <gpxtpx:TrackPointExtension>
            <gpxtpx:hr>176</gpxtpx:hr>
          </gpxtpx:TrackPointExtension>
        </extensions>
      </trkpt>
      <trkpt lat="36.113541059787835" lon="120.37406751224916">
        <ele>43.8</ele>
        <time>2026-07-31T22:36:08Z</time>
        <extensions>
          <gpxtpx:TrackPointExtension>
            <gpxtpx:hr>175</gpxtpx:hr>
          </gpxtpx:TrackPointExtension>
        </extensions>
      </trkpt>
      <trkpt lat="36.11356503353796" lon="120.37408949806856">
        <ele>43.8</ele>
        <time>2026-07-31T22:36:09Z</time>
        <extensions>
          <gpxtpx:TrackPointExtension>
            <gpxtpx:hr>175</gpxtpx:hr>
          </gpxtpx:TrackPointExtension>
        </extensions>
      </trkpt>
      <trkpt lat="36.11358100257858" lon="120.37411848104006">
        <ele>43.8</ele>
        <time>2026-07-31T22:36:10Z</time>
        <extensions>
          <gpxtpx:TrackPointExtension>
            <gpxtpx:hr>175</gpxtpx:hr>
          </gpxtpx:TrackPointExtension>
        </extensions>
      </trkpt>
      <trkpt lat="36.113597962973756" lon="120.37415645919512">
        <ele>43.8</ele>
        <time>2026-07-31T22:36:11Z</time>
        <extensions>
          <gpxtpx:TrackPointExtension>
            <gpxtpx:hr>175</gpxtpx:hr>
          </gpxtpx:TrackPointExtension>
        </extensions>
      </trkpt>
      <trkpt lat="36.11360993488313" lon="120.37418344371933">
        <ele>43.8</ele>
        <time>2026-07-31T22:36:12Z</time>
        <extensions>
          <gpxtpx:TrackPointExtension>
            <gpxtpx:hr>175</gpxtpx:hr>
          </gpxtpx:TrackPointExtension>
        </extensions>
      </trkpt>
      <trkpt lat="36.11362490706089" lon="120.3742094284864">
        <ele>43.8</ele>
        <time>2026-07-31T22:36:13Z</time>
        <extensions>
          <gpxtpx:TrackPointExtension>
            <gpxtpx:hr>171</gpxtpx:hr>
          </gpxtpx:TrackPointExtension>
        </extensions>
      </trkpt>
      <trkpt lat="36.113645880681005" lon="120.3742324142279">
        <ele>43.8</ele>
        <time>2026-07-31T22:36:14Z</time>
        <extensions>
          <gpxtpx:TrackPointExtension>
            <gpxtpx:hr>171</gpxtpx:hr>
          </gpxtpx:TrackPointExtension>
        </extensions>
      </trkpt>
      <trkpt lat="36.11366485197913" lon="120.37425839863161">
        <ele>43.8</ele>
        <time>2026-07-31T22:36:16Z</time>
        <extensions>
          <gpxtpx:TrackPointExtension>
            <gpxtpx:hr>171</gpxtpx:hr>
          </gpxtpx:TrackPointExtension>
        </extensions>
      </trkpt>
      <trkpt lat="36.113705833153425" lon="120.37426838912266">
        <ele>43.8</ele>
        <time>2026-07-31T22:36:17Z</time>
        <extensions>
          <gpxtpx:TrackPointExtension>
            <gpxtpx:hr>171</gpxtpx:hr>
          </gpxtpx:TrackPointExtension>
        </extensions>
      </trkpt>
      <trkpt lat="36.113723821518555" lon="120.37427638306393">
        <ele>43.8</ele>
        <time>2026-07-31T22:36:18Z</time>
        <extensions>
          <gpxtpx:TrackPointExtension>
            <gpxtpx:hr>172</gpxtpx:hr>
          </gpxtpx:TrackPointExtension>
        </extensions>
      </trkpt>
      <trkpt lat="36.11372478769424" lon="120.37431236418684">
        <ele>43.8</ele>
        <time>2026-07-31T22:36:19Z</time>
        <extensions>
          <gpxtpx:TrackPointExtension>
            <gpxtpx:hr>172</gpxtpx:hr>
          </gpxtpx:TrackPointExtension>
        </extensions>
      </trkpt>
      <trkpt lat="36.1137127643741" lon="120.37434035087715">
        <ele>43.8</ele>
        <time>2026-07-31T22:36:20Z</time>
        <extensions>
          <gpxtpx:TrackPointExtension>
            <gpxtpx:hr>172</gpxtpx:hr>
          </gpxtpx:TrackPointExtension>
        </extensions>
      </trkpt>
      <trkpt lat="36.11373371577638" lon="120.3743873243151">
        <ele>43.8</ele>
        <time>2026-07-31T22:36:21Z</time>
        <extensions>
          <gpxtpx:TrackPointExtension>
            <gpxtpx:hr>172</gpxtpx:hr>
          </gpxtpx:TrackPointExtension>
        </extensions>
      </trkpt>
      <trkpt lat="36.11378365034281" lon="120.37444528915155">
        <ele>43.8</ele>
        <time>2026-07-31T22:36:22Z</time>
        <extensions>
          <gpxtpx:TrackPointExtension>
            <gpxtpx:hr>172</gpxtpx:hr>
          </gpxtpx:TrackPointExtension>
        </extensions>
      </trkpt>
      <trkpt lat="36.11379464501536" lon="120.3744482864581">
        <ele>43.8</ele>
        <time>2026-07-31T22:36:23Z</time>
        <extensions>
          <gpxtpx:TrackPointExtension>
            <gpxtpx:hr>174</gpxtpx:hr>
          </gpxtpx:TrackPointExtension>
        </extensions>
      </trkpt>
      <trkpt lat="36.113813636910194" lon="120.37445228241494">
        <ele>43.8</ele>
        <time>2026-07-31T22:36:24Z</time>
        <extensions>
          <gpxtpx:TrackPointExtension>
            <gpxtpx:hr>174</gpxtpx:hr>
          </gpxtpx:TrackPointExtension>
        </extensions>
      </trkpt>
      <trkpt lat="36.113848638090445" lon="120.37444228390954">
        <ele>43.8</ele>
        <time>2026-07-31T22:36:25Z</time>
        <extensions>
          <gpxtpx:TrackPointExtension>
            <gpxtpx:hr>174</gpxtpx:hr>
          </gpxtpx:TrackPointExtension>
        </extensions>
      </trkpt>
      <trkpt lat="36.11389262976779" lon="120.37444028034545">
        <ele>43.8</ele>
        <time>2026-07-31T22:36:26Z</time>
        <extensions>
          <gpxtpx:TrackPointExtension>
            <gpxtpx:hr>174</gpxtpx:hr>
          </gpxtpx:TrackPointExtension>
        </extensions>
      </trkpt>
      <trkpt lat="36.113938674865004" lon="120.37438030653274">
        <ele>43.8</ele>
        <time>2026-07-31T22:36:27Z</time>
        <extensions>
          <gpxtpx:TrackPointExtension>
            <gpxtpx:hr>174</gpxtpx:hr>
          </gpxtpx:TrackPointExtension>
        </extensions>
      </trkpt>
      <trkpt lat="36.113964697699096" lon="120.37434931988992">
        <ele>44.3</ele>
        <time>2026-07-31T22:36:28Z</time>
        <extensions>
          <gpxtpx:TrackPointExtension>
            <gpxtpx:hr>175</gpxtpx:hr>
          </gpxtpx:TrackPointExtension>
        </extensions>
      </trkpt>
      <trkpt lat="36.11399672570632" lon="120.37431133630578">
        <ele>44.3</ele>
        <time>2026-07-31T22:36:29Z</time>
        <extensions>
          <gpxtpx:TrackPointExtension>
            <gpxtpx:hr>175</gpxtpx:hr>
          </gpxtpx:TrackPointExtension>
        </extensions>
      </trkpt>
      <trkpt lat="36.11403076731491" lon="120.37425836041467">
        <ele>44.3</ele>
        <time>2026-07-31T22:36:30Z</time>
        <extensions>
          <gpxtpx:TrackPointExtension>
            <gpxtpx:hr>175</gpxtpx:hr>
          </gpxtpx:TrackPointExtension>
        </extensions>
      </trkpt>
      <trkpt lat="36.1140558204713" lon="120.37419539083793">
        <ele>44.3</ele>
        <time>2026-07-31T22:36:31Z</time>
        <extensions>
          <gpxtpx:TrackPointExtension>
            <gpxtpx:hr>175</gpxtpx:hr>
          </gpxtpx:TrackPointExtension>
        </extensions>
      </trkpt>
      <trkpt lat="36.114040865190525" lon="120.3741514155757">
        <ele>44.3</ele>
        <time>2026-07-31T22:36:32Z</time>
        <extensions>
          <gpxtpx:TrackPointExtension>
            <gpxtpx:hr>175</gpxtpx:hr>
          </gpxtpx:TrackPointExtension>
        </extensions>
      </trkpt>
      <trkpt lat="36.11403388933861" lon="120.37412742898037">
        <ele>44.3</ele>
        <time>2026-07-31T22:36:34Z</time>
        <extensions>
          <gpxtpx:TrackPointExtension>
            <gpxtpx:hr>176</gpxtpx:hr>
          </gpxtpx:TrackPointExtension>
        </extensions>
      </trkpt>
      <trkpt lat="36.11404293143467" lon="120.37408045293107">
        <ele>44.3</ele>
        <time>2026-07-31T22:36:35Z</time>
        <extensions>
          <gpxtpx:TrackPointExtension>
            <gpxtpx:hr>176</gpxtpx:hr>
          </gpxtpx:TrackPointExtension>
        </extensions>
      </trkpt>
      <trkpt lat="36.114041948606264" lon="120.37406246259289">
        <ele>44.3</ele>
        <time>2026-07-31T22:36:36Z</time>
        <extensions>
          <gpxtpx:TrackPointExtension>
            <gpxtpx:hr>176</gpxtpx:hr>
          </gpxtpx:TrackPointExtension>
        </extensions>
      </trkpt>
      <trkpt lat="36.11403596317813" lon="120.37404847066247">
        <ele>44.3</ele>
        <time>2026-07-31T22:36:37Z</time>
        <extensions>
          <gpxtpx:TrackPointExtension>
            <gpxtpx:hr>176</gpxtpx:hr>
          </gpxtpx:TrackPointExtension>
        </extensions>
      </trkpt>
      <trkpt lat="36.11402597302837" lon="120.37404047596355">
        <ele>43.9</ele>
        <time>2026-07-31T22:36:38Z</time>
        <extensions>
          <gpxtpx:TrackPointExtension>
            <gpxtpx:hr>178</gpxtpx:hr>
          </gpxtpx:TrackPointExtension>
        </extensions>
      </trkpt>
      <trkpt lat="36.1140119847488" lon="120.3740314822177">
        <ele>43.9</ele>
        <time>2026-07-31T22:36:39Z</time>
        <extensions>
          <gpxtpx:TrackPointExtension>
            <gpxtpx:hr>178</gpxtpx:hr>
          </gpxtpx:TrackPointExtension>
        </extensions>
      </trkpt>
      <trkpt lat="36.11399899341228" lon="120.37402548677187">
        <ele>43.9</ele>
        <time>2026-07-31T22:36:40Z</time>
        <extensions>
          <gpxtpx:TrackPointExtension>
            <gpxtpx:hr>178</gpxtpx:hr>
          </gpxtpx:TrackPointExtension>
        </extensions>
      </trkpt>
      <trkpt lat="36.11397901029819" lon="120.3740124957918">
        <ele>43.9</ele>
        <time>2026-07-31T22:36:41Z</time>
        <extensions>
          <gpxtpx:TrackPointExtension>
            <gpxtpx:hr>178</gpxtpx:hr>
          </gpxtpx:TrackPointExtension>
        </extensions>
      </trkpt>
      <trkpt lat="36.113948034453735" lon="120.37399450863816">
        <ele>43.9</ele>
        <time>2026-07-31T22:36:42Z</time>
        <extensions>
          <gpxtpx:TrackPointExtension>
            <gpxtpx:hr>178</gpxtpx:hr>
          </gpxtpx:TrackPointExtension>
        </extensions>
      </trkpt>
      <trkpt lat="36.11391007346679" lon="120.3739625297234">
        <ele>43.9</ele>
        <time>2026-07-31T22:36:43Z</time>
        <extensions>
          <gpxtpx:TrackPointExtension>
            <gpxtpx:hr>180</gpxtpx:hr>
          </gpxtpx:TrackPointExtension>
        </extensions>
      </trkpt>
      <trkpt lat="36.11387010635658" lon="120.37393754730329">
        <ele>43.9</ele>
        <time>2026-07-31T22:36:44Z</time>
        <extensions>
          <gpxtpx:TrackPointExtension>
            <gpxtpx:hr>180</gpxtpx:hr>
          </gpxtpx:TrackPointExtension>
        </extensions>
      </trkpt>
      <trkpt lat="36.11383313478753" lon="120.37391656244588">
        <ele>43.9</ele>
        <time>2026-07-31T22:36:45Z</time>
        <extensions>
          <gpxtpx:TrackPointExtension>
            <gpxtpx:hr>180</gpxtpx:hr>
          </gpxtpx:TrackPointExtension>
        </extensions>
      </trkpt>
      <trkpt lat="36.11381014768228" lon="120.37390856914922">
        <ele>43.9</ele>
        <time>2026-07-31T22:36:46Z</time>
        <extensions>
          <gpxtpx:TrackPointExtension>
            <gpxtpx:hr>180</gpxtpx:hr>
          </gpxtpx:TrackPointExtension>
        </extensions>
      </trkpt>
      <trkpt lat="36.113783163399006" lon="120.37389857734945">
        <ele>43.9</ele>
        <time>2026-07-31T22:36:47Z</time>
        <extensions>
          <gpxtpx:TrackPointExtension>
            <gpxtpx:hr>180</gpxtpx:hr>
          </gpxtpx:TrackPointExtension>
        </extensions>
      </trkpt>
      <trkpt lat="36.113761177962644" lon="120.37388858503185">
        <ele>44.1</ele>
        <time>2026-07-31T22:36:48Z</time>
        <extensions>
          <gpxtpx:TrackPointExtension>
            <gpxtpx:hr>180</gpxtpx:hr>
          </gpxtpx:TrackPointExtension>
        </extensions>
      </trkpt>
      <trkpt lat="36.11374019609082" lon="120.37387459477107">
        <ele>44.1</ele>
        <time>2026-07-31T22:36:49Z</time>
        <extensions>
          <gpxtpx:TrackPointExtension>
            <gpxtpx:hr>180</gpxtpx:hr>
          </gpxtpx:TrackPointExtension>
        </extensions>
      </trkpt>
      <trkpt lat="36.11371520945982" lon="120.37386660169744">
        <ele>44.1</ele>
        <time>2026-07-31T22:36:50Z</time>
        <extensions>
          <gpxtpx:TrackPointExtension>
            <gpxtpx:hr>180</gpxtpx:hr>
          </gpxtpx:TrackPointExtension>
        </extensions>
      </trkpt>
      <trkpt lat="36.11369722310944" lon="120.37385660897574">
        <ele>44.1</ele>
        <time>2026-07-31T22:36:51Z</time>
        <extensions>
          <gpxtpx:TrackPointExtension>
            <gpxtpx:hr>180</gpxtpx:hr>
          </gpxtpx:TrackPointExtension>
        </extensions>
      </trkpt>
      <trkpt lat="36.1136672452337" lon="120.37384062075515">
        <ele>44.1</ele>
        <time>2026-07-31T22:36:53Z</time>
        <extensions>
          <gpxtpx:TrackPointExtension>
            <gpxtpx:hr>181</gpxtpx:hr>
          </gpxtpx:TrackPointExtension>
        </extensions>
      </trkpt>
      <trkpt lat="36.11365624967674" lon="120.37383862298532">
        <ele>44.1</ele>
        <time>2026-07-31T22:36:54Z</time>
        <extensions>
          <gpxtpx:TrackPointExtension>
            <gpxtpx:hr>181</gpxtpx:hr>
          </gpxtpx:TrackPointExtension>
        </extensions>
      </trkpt>
      <trkpt lat="36.113643242241835" lon="120.37384961839581">
        <ele>44.1</ele>
        <time>2026-07-31T22:36:55Z</time>
        <extensions>
          <gpxtpx:TrackPointExtension>
            <gpxtpx:hr>181</gpxtpx:hr>
          </gpxtpx:TrackPointExtension>
        </extensions>
      </trkpt>
      <trkpt lat="36.11362423619896" lon="120.37386061443792">
        <ele>44.1</ele>
        <time>2026-07-31T22:36:56Z</time>
        <extensions>
          <gpxtpx:TrackPointExtension>
            <gpxtpx:hr>181</gpxtpx:hr>
          </gpxtpx:TrackPointExtension>
        </extensions>
      </trkpt>
      <trkpt lat="36.11361121644819" lon="120.37388460284927">
        <ele>44.1</ele>
        <time>2026-07-31T22:36:57Z</time>
        <extensions>
          <gpxtpx:TrackPointExtension>
            <gpxtpx:hr>181</gpxtpx:hr>
          </gpxtpx:TrackPointExtension>
        </extensions>
      </trkpt>
      <trkpt lat="36.113602192952136" lon="120.37391158925395">
        <ele>44.3</ele>
        <time>2026-07-31T22:36:58Z</time>
        <extensions>
          <gpxtpx:TrackPointExtension>
            <gpxtpx:hr>180</gpxtpx:hr>
          </gpxtpx:TrackPointExtension>
        </extensions>
      </trkpt>
      <trkpt lat="36.11360419248957" lon="120.37391158904512">
        <ele>44.3</ele>
        <time>2026-07-31T22:36:59Z</time>
        <extensions>
          <gpxtpx:TrackPointExtension>
            <gpxtpx:hr>180</gpxtpx:hr>
          </gpxtpx:TrackPointExtension>
        </extensions>
      </trkpt>
      <trkpt lat="36.11360219105853" lon="120.37391358817852">
        <ele>44.3</ele>
        <time>2026-07-31T22:37:00Z</time>
        <extensions>
          <gpxtpx:TrackPointExtension>
            <gpxtpx:hr>180</gpxtpx:hr>
          </gpxtpx:TrackPointExtension>
        </extensions>
      </trkpt>
      <trkpt lat="36.113587189794394" lon="120.37391858705686">
        <ele>44.3</ele>
        <time>2026-07-31T22:37:01Z</time>
        <extensions>
          <gpxtpx:TrackPointExtension>
            <gpxtpx:hr>180</gpxtpx:hr>
          </gpxtpx:TrackPointExtension>
        </extensions>
      </trkpt>
      <trkpt lat="36.113566184240966" lon="120.37392958334001">
        <ele>44.3</ele>
        <time>2026-07-31T22:37:02Z</time>
        <extensions>
          <gpxtpx:TrackPointExtension>
            <gpxtpx:hr>180</gpxtpx:hr>
          </gpxtpx:TrackPointExtension>
        </extensions>
      </trkpt>
      <trkpt lat="36.11354720851322" lon="120.3739085966102">
        <ele>44.3</ele>
        <time>2026-07-31T22:37:03Z</time>
        <extensions>
          <gpxtpx:TrackPointExtension>
            <gpxtpx:hr>179</gpxtpx:hr>
          </gpxtpx:TrackPointExtension>
        </extensions>
      </trkpt>
      <trkpt lat="36.1135222048274" lon="120.37391859384377">
        <ele>44.3</ele>
        <time>2026-07-31T22:37:04Z</time>
        <extensions>
          <gpxtpx:TrackPointExtension>
            <gpxtpx:hr>179</gpxtpx:hr>
          </gpxtpx:TrackPointExtension>
        </extensions>
      </trkpt>
      <trkpt lat="36.113457207557126" lon="120.37393159364721">
        <ele>44.3</ele>
        <time>2026-07-31T22:37:06Z</time>
        <extensions>
          <gpxtpx:TrackPointExtension>
            <gpxtpx:hr>179</gpxtpx:hr>
          </gpxtpx:TrackPointExtension>
        </extensions>
      </trkpt>
      <trkpt lat="36.113435204131186" lon="120.37394059111382">
        <ele>44.3</ele>
        <time>2026-07-31T22:37:07Z</time>
        <extensions>
          <gpxtpx:TrackPointExtension>
            <gpxtpx:hr>179</gpxtpx:hr>
          </gpxtpx:TrackPointExtension>
        </extensions>
      </trkpt>
      <trkpt lat="36.11337822771866" lon="120.37392960296978">
        <ele>44.1</ele>
        <time>2026-07-31T22:37:08Z</time>
        <extensions>
          <gpxtpx:TrackPointExtension>
            <gpxtpx:hr>178</gpxtpx:hr>
          </gpxtpx:TrackPointExtension>
        </extensions>
      </trkpt>
      <trkpt lat="36.113319258399436" lon="120.37391161880298">
        <ele>44.1</ele>
        <time>2026-07-31T22:37:09Z</time>
        <extensions>
          <gpxtpx:TrackPointExtension>
            <gpxtpx:hr>178</gpxtpx:hr>
          </gpxtpx:TrackPointExtension>
        </extensions>
      </trkpt>
      <trkpt lat="36.11309637158207" lon="120.37384667713089">
        <ele>44.1</ele>
        <time>2026-07-31T22:37:11Z</time>
        <extensions>
          <gpxtpx:TrackPointExtension>
            <gpxtpx:hr>178</gpxtpx:hr>
          </gpxtpx:TrackPointExtension>
        </extensions>
      </trkpt>
      <trkpt lat="36.11297636044032" lon="120.37388766753476">
        <ele>44.1</ele>
        <time>2026-07-31T22:37:13Z</time>
        <extensions>
          <gpxtpx:TrackPointExtension>
            <gpxtpx:hr>178</gpxtpx:hr>
          </gpxtpx:TrackPointExtension>
        </extensions>
      </trkpt>
      <trkpt lat="36.11293134810925" lon="120.37391165931487">
        <ele>44.1</ele>
        <time>2026-07-31T22:37:14Z</time>
        <extensions>
          <gpxtpx:TrackPointExtension>
            <gpxtpx:hr>178</gpxtpx:hr>
          </gpxtpx:TrackPointExtension>
        </extensions>
      </trkpt>
      <trkpt lat="36.11291331253478" lon="120.37395363864592">
        <ele>44.1</ele>
        <time>2026-07-31T22:37:15Z</time>
        <extensions>
          <gpxtpx:TrackPointExtension>
            <gpxtpx:hr>178</gpxtpx:hr>
          </gpxtpx:TrackPointExtension>
        </extensions>
      </trkpt>
      <trkpt lat="36.112890285730955" lon="120.37398762284883">
        <ele>44.1</ele>
        <time>2026-07-31T22:37:16Z</time>
        <extensions>
          <gpxtpx:TrackPointExtension>
            <gpxtpx:hr>178</gpxtpx:hr>
          </gpxtpx:TrackPointExtension>
        </extensions>
      </trkpt>
      <trkpt lat="36.112867256139765" lon="120.37402460550179">
        <ele>44.1</ele>
        <time>2026-07-31T22:37:17Z</time>
        <extensions>
          <gpxtpx:TrackPointExtension>
            <gpxtpx:hr>178</gpxtpx:hr>
          </gpxtpx:TrackPointExtension>
        </extensions>
      </trkpt>
      <trkpt lat="36.112841232940426" lon="120.37405559171528">
        <ele>43.2</ele>
        <time>2026-07-31T22:37:18Z</time>
        <extensions>
          <gpxtpx:TrackPointExtension>
            <gpxtpx:hr>178</gpxtpx:hr>
          </gpxtpx:TrackPointExtension>
        </extensions>
      </trkpt>
      <trkpt lat="36.112813213059596" lon="120.37408357976962">
        <ele>43.2</ele>
        <time>2026-07-31T22:37:19Z</time>
        <extensions>
          <gpxtpx:TrackPointExtension>
            <gpxtpx:hr>178</gpxtpx:hr>
          </gpxtpx:TrackPointExtension>
        </extensions>
      </trkpt>
      <trkpt lat="36.11279119275943" lon="120.37411056776014">
        <ele>43.2</ele>
        <time>2026-07-31T22:37:20Z</time>
        <extensions>
          <gpxtpx:TrackPointExtension>
            <gpxtpx:hr>178</gpxtpx:hr>
          </gpxtpx:TrackPointExtension>
        </extensions>
      </trkpt>
      <trkpt lat="36.11277417039074" lon="120.37413855473149">
        <ele>43.2</ele>
        <time>2026-07-31T22:37:21Z</time>
        <extensions>
          <gpxtpx:TrackPointExtension>
            <gpxtpx:hr>178</gpxtpx:hr>
          </gpxtpx:TrackPointExtension>
        </extensions>
      </trkpt>
      <trkpt lat="36.1127671448008" lon="120.37416754016522">
        <ele>43.2</ele>
        <time>2026-07-31T22:37:22Z</time>
        <extensions>
          <gpxtpx:TrackPointExtension>
            <gpxtpx:hr>178</gpxtpx:hr>
          </gpxtpx:TrackPointExtension>
        </extensions>
      </trkpt>
      <trkpt lat="36.112770114119606" lon="120.37419952301393">
        <ele>43.2</ele>
        <time>2026-07-31T22:37:23Z</time>
        <extensions>
          <gpxtpx:TrackPointExtension>
            <gpxtpx:hr>178</gpxtpx:hr>
          </gpxtpx:TrackPointExtension>
        </extensions>
      </trkpt>
      <trkpt lat="36.11278508724985" lon="120.37422450832338">
        <ele>43.2</ele>
        <time>2026-07-31T22:37:24Z</time>
        <extensions>
          <gpxtpx:TrackPointExtension>
            <gpxtpx:hr>178</gpxtpx:hr>
          </gpxtpx:TrackPointExtension>
        </extensions>
      </trkpt>
      <trkpt lat="36.1128090611264" lon="120.37424649429008">
        <ele>43.2</ele>
        <time>2026-07-31T22:37:25Z</time>
        <extensions>
          <gpxtpx:TrackPointExtension>
            <gpxtpx:hr>178</gpxtpx:hr>
          </gpxtpx:TrackPointExtension>
        </extensions>
      </trkpt>
      <trkpt lat="36.112835056051" lon="120.37424549209885">
        <ele>43.2</ele>
        <time>2026-07-31T22:37:26Z</time>
        <extensions>
          <gpxtpx:TrackPointExtension>
            <gpxtpx:hr>178</gpxtpx:hr>
          </gpxtpx:TrackPointExtension>
        </extensions>
      </trkpt>
      <trkpt lat="36.112861058456126" lon="120.37423649409774">
        <ele>43.4</ele>
        <time>2026-07-31T22:37:28Z</time>
        <extensions>
          <gpxtpx:TrackPointExtension>
            <gpxtpx:hr>171</gpxtpx:hr>
          </gpxtpx:TrackPointExtension>
        </extensions>
      </trkpt>
      <trkpt lat="36.1129000850045" lon="120.37419850996575">
        <ele>43.4</ele>
        <time>2026-07-31T22:37:29Z</time>
        <extensions>
          <gpxtpx:TrackPointExtension>
            <gpxtpx:hr>171</gpxtpx:hr>
          </gpxtpx:TrackPointExtension>
        </extensions>
      </trkpt>
      <trkpt lat="36.11291909279067" lon="120.37418551481767">
        <ele>43.4</ele>
        <time>2026-07-31T22:37:30Z</time>
        <extensions>
          <gpxtpx:TrackPointExtension>
            <gpxtpx:hr>171</gpxtpx:hr>
          </gpxtpx:TrackPointExtension>
        </extensions>
      </trkpt>
      <trkpt lat="36.112936108546435" lon="120.37416452410024">
        <ele>43.4</ele>
        <time>2026-07-31T22:37:31Z</time>
        <extensions>
          <gpxtpx:TrackPointExtension>
            <gpxtpx:hr>171</gpxtpx:hr>
          </gpxtpx:TrackPointExtension>
        </extensions>
      </trkpt>
      <trkpt lat="36.11295112571888" lon="120.37414253413833">
        <ele>43.4</ele>
        <time>2026-07-31T22:37:32Z</time>
        <extensions>
          <gpxtpx:TrackPointExtension>
            <gpxtpx:hr>171</gpxtpx:hr>
          </gpxtpx:TrackPointExtension>
        </extensions>
      </trkpt>
      <trkpt lat="36.11297114175267" lon="120.37412054367499">
        <ele>43.4</ele>
        <time>2026-07-31T22:37:33Z</time>
        <extensions>
          <gpxtpx:TrackPointExtension>
            <gpxtpx:hr>174</gpxtpx:hr>
          </gpxtpx:TrackPointExtension>
        </extensions>
      </trkpt>
      <trkpt lat="36.11299015897509" lon="120.37409755386649">
        <ele>43.4</ele>
        <time>2026-07-31T22:37:34Z</time>
        <extensions>
          <gpxtpx:TrackPointExtension>
            <gpxtpx:hr>174</gpxtpx:hr>
          </gpxtpx:TrackPointExtension>
        </extensions>
      </trkpt>
      <trkpt lat="36.1130091771574" lon="120.37407356461138">
        <ele>43.4</ele>
        <time>2026-07-31T22:37:35Z</time>
        <extensions>
          <gpxtpx:TrackPointExtension>
            <gpxtpx:hr>174</gpxtpx:hr>
          </gpxtpx:TrackPointExtension>
        </extensions>
      </trkpt>
      <trkpt lat="36.11302819724415" lon="120.37404757644462">
        <ele>43.4</ele>
        <time>2026-07-31T22:37:36Z</time>
        <extensions>
          <gpxtpx:TrackPointExtension>
            <gpxtpx:hr>174</gpxtpx:hr>
          </gpxtpx:TrackPointExtension>
        </extensions>
      </trkpt>
      <trkpt lat="36.11304621570044" lon="120.37402358734498">
        <ele>43.4</ele>
        <time>2026-07-31T22:37:37Z</time>
        <extensions>
          <gpxtpx:TrackPointExtension>
            <gpxtpx:hr>174</gpxtpx:hr>
          </gpxtpx:TrackPointExtension>
        </extensions>
      </trkpt>
      <trkpt lat="36.11306423040278" lon="120.37400359613407">
        <ele>43.2</ele>
        <time>2026-07-31T22:37:38Z</time>
        <extensions>
          <gpxtpx:TrackPointExtension>
            <gpxtpx:hr>178</gpxtpx:hr>
          </gpxtpx:TrackPointExtension>
        </extensions>
      </trkpt>
      <trkpt lat="36.11308324677674" lon="120.37398160590524">
        <ele>43.2</ele>
        <time>2026-07-31T22:37:39Z</time>
        <extensions>
          <gpxtpx:TrackPointExtension>
            <gpxtpx:hr>178</gpxtpx:hr>
          </gpxtpx:TrackPointExtension>
        </extensions>
      </trkpt>
      <trkpt lat="36.113101264344294" lon="120.37395861633713">
        <ele>43.2</ele>
        <time>2026-07-31T22:37:40Z</time>
        <extensions>
          <gpxtpx:TrackPointExtension>
            <gpxtpx:hr>178</gpxtpx:hr>
          </gpxtpx:TrackPointExtension>
        </extensions>
      </trkpt>
      <trkpt lat="36.11311928287667" lon="120.37393462732825">
        <ele>43.2</ele>
        <time>2026-07-31T22:37:41Z</time>
        <extensions>
          <gpxtpx:TrackPointExtension>
            <gpxtpx:hr>178</gpxtpx:hr>
          </gpxtpx:TrackPointExtension>
        </extensions>
      </trkpt>
      <trkpt lat="36.11313330330129" lon="120.37390963929931">
        <ele>43.2</ele>
        <time>2026-07-31T22:37:42Z</time>
        <extensions>
          <gpxtpx:TrackPointExtension>
            <gpxtpx:hr>178</gpxtpx:hr>
          </gpxtpx:TrackPointExtension>
        </extensions>
      </trkpt>
      <trkpt lat="36.113149318547194" lon="120.37388964839407">
        <ele>43.2</ele>
        <time>2026-07-31T22:37:43Z</time>
        <extensions>
          <gpxtpx:TrackPointExtension>
            <gpxtpx:hr>178</gpxtpx:hr>
          </gpxtpx:TrackPointExtension>
        </extensions>
      </trkpt>
      <trkpt lat="36.11317533244349" lon="120.37386865700127">
        <ele>43.2</ele>
        <time>2026-07-31T22:37:44Z</time>
        <extensions>
          <gpxtpx:TrackPointExtension>
            <gpxtpx:hr>178</gpxtpx:hr>
          </gpxtpx:TrackPointExtension>
        </extensions>
      </trkpt>
      <trkpt lat="36.113203341147816" lon="120.3738526627165">
        <ele>43.2</ele>
        <time>2026-07-31T22:37:45Z</time>
        <extensions>
          <gpxtpx:TrackPointExtension>
            <gpxtpx:hr>178</gpxtpx:hr>
          </gpxtpx:TrackPointExtension>
        </extensions>
      </trkpt>
      <trkpt lat="36.11326636076546" lon="120.37381667561547">
        <ele>43.2</ele>
        <time>2026-07-31T22:37:47Z</time>
        <extensions>
          <gpxtpx:TrackPointExtension>
            <gpxtpx:hr>178</gpxtpx:hr>
          </gpxtpx:TrackPointExtension>
        </extensions>
      </trkpt>
      <trkpt lat="36.11329537307127" lon="120.37379668343179">
        <ele>43.7</ele>
        <time>2026-07-31T22:37:48Z</time>
        <extensions>
          <gpxtpx:TrackPointExtension>
            <gpxtpx:hr>179</gpxtpx:hr>
          </gpxtpx:TrackPointExtension>
        </extensions>
      </trkpt>
      <trkpt lat="36.11332538515994" lon="120.37377669116064">
        <ele>43.7</ele>
        <time>2026-07-31T22:37:49Z</time>
        <extensions>
          <gpxtpx:TrackPointExtension>
            <gpxtpx:hr>179</gpxtpx:hr>
          </gpxtpx:TrackPointExtension>
        </extensions>
      </trkpt>
      <trkpt lat="36.11335639227011" lon="120.37376169608092">
        <ele>43.7</ele>
        <time>2026-07-31T22:37:50Z</time>
        <extensions>
          <gpxtpx:TrackPointExtension>
            <gpxtpx:hr>179</gpxtpx:hr>
          </gpxtpx:TrackPointExtension>
        </extensions>
      </trkpt>
      <trkpt lat="36.113380387672365" lon="120.37376069411916">
        <ele>43.7</ele>
        <time>2026-07-31T22:37:51Z</time>
        <extensions>
          <gpxtpx:TrackPointExtension>
            <gpxtpx:hr>179</gpxtpx:hr>
          </gpxtpx:TrackPointExtension>
        </extensions>
      </trkpt>
      <trkpt lat="36.113400378286684" lon="120.37376568931063">
        <ele>43.7</ele>
        <time>2026-07-31T22:37:52Z</time>
        <extensions>
          <gpxtpx:TrackPointExtension>
            <gpxtpx:hr>179</gpxtpx:hr>
          </gpxtpx:TrackPointExtension>
        </extensions>
      </trkpt>
      <trkpt lat="36.11341936342256" lon="120.3737766813459">
        <ele>43.7</ele>
        <time>2026-07-31T22:37:53Z</time>
        <extensions>
          <gpxtpx:TrackPointExtension>
            <gpxtpx:hr>179</gpxtpx:hr>
          </gpxtpx:TrackPointExtension>
        </extensions>
      </trkpt>
      <trkpt lat="36.11343534735401" lon="120.3737896726136">
        <ele>43.7</ele>
        <time>2026-07-31T22:37:54Z</time>
        <extensions>
          <gpxtpx:TrackPointExtension>
            <gpxtpx:hr>179</gpxtpx:hr>
          </gpxtpx:TrackPointExtension>
        </extensions>
      </trkpt>
      <trkpt lat="36.11344533553134" lon="120.37379966614223">
        <ele>43.7</ele>
        <time>2026-07-31T22:37:55Z</time>
        <extensions>
          <gpxtpx:TrackPointExtension>
            <gpxtpx:hr>179</gpxtpx:hr>
          </gpxtpx:TrackPointExtension>
        </extensions>
      </trkpt>
      <trkpt lat="36.113452317753556" lon="120.37381665619478">
        <ele>43.7</ele>
        <time>2026-07-31T22:37:56Z</time>
        <extensions>
          <gpxtpx:TrackPointExtension>
            <gpxtpx:hr>179</gpxtpx:hr>
          </gpxtpx:TrackPointExtension>
        </extensions>
      </trkpt>
      <trkpt lat="36.11345929903646" lon="120.37383464571853">
        <ele>43.7</ele>
        <time>2026-07-31T22:37:57Z</time>
        <extensions>
          <gpxtpx:TrackPointExtension>
            <gpxtpx:hr>179</gpxtpx:hr>
          </gpxtpx:TrackPointExtension>
        </extensions>
      </trkpt>
      <trkpt lat="36.113467279150704" lon="120.37385363461135">
        <ele>43.9</ele>
        <time>2026-07-31T22:37:58Z</time>
        <extensions>
          <gpxtpx:TrackPointExtension>
            <gpxtpx:hr>178</gpxtpx:hr>
          </gpxtpx:TrackPointExtension>
        </extensions>
      </trkpt>
      <trkpt lat="36.11347526307102" lon="120.37386862567749">
        <ele>43.9</ele>
        <time>2026-07-31T22:37:59Z</time>
        <extensions>
          <gpxtpx:TrackPointExtension>
            <gpxtpx:hr>178</gpxtpx:hr>
          </gpxtpx:TrackPointExtension>
        </extensions>
      </trkpt>
      <trkpt lat="36.113484242977" lon="120.37388761449328">
        <ele>43.9</ele>
        <time>2026-07-31T22:38:00Z</time>
        <extensions>
          <gpxtpx:TrackPointExtension>
            <gpxtpx:hr>178</gpxtpx:hr>
          </gpxtpx:TrackPointExtension>
        </extensions>
      </trkpt>
      <trkpt lat="36.11349322194886" lon="120.37390760278645">
        <ele>43.9</ele>
        <time>2026-07-31T22:38:01Z</time>
        <extensions>
          <gpxtpx:TrackPointExtension>
            <gpxtpx:hr>178</gpxtpx:hr>
          </gpxtpx:TrackPointExtension>
        </extensions>
      </trkpt>
      <trkpt lat="36.11350120589802" lon="120.37392259388695">
        <ele>43.9</ele>
        <time>2026-07-31T22:38:02Z</time>
        <extensions>
          <gpxtpx:TrackPointExtension>
            <gpxtpx:hr>178</gpxtpx:hr>
          </gpxtpx:TrackPointExtension>
        </extensions>
      </trkpt>
      <trkpt lat="36.11351519508981" lon="120.37393058812816">
        <ele>43.9</ele>
        <time>2026-07-31T22:38:04Z</time>
        <extensions>
          <gpxtpx:TrackPointExtension>
            <gpxtpx:hr>181</gpxtpx:hr>
          </gpxtpx:TrackPointExtension>
        </extensions>
      </trkpt>
      <trkpt lat="36.11353216278944" lon="120.37396057026356">
        <ele>43.9</ele>
        <time>2026-07-31T22:38:05Z</time>
        <extensions>
          <gpxtpx:TrackPointExtension>
            <gpxtpx:hr>181</gpxtpx:hr>
          </gpxtpx:TrackPointExtension>
        </extensions>
      </trkpt>
      <trkpt lat="36.11356015347861" lon="120.37396356573309">
        <ele>43.9</ele>
        <time>2026-07-31T22:38:06Z</time>
        <extensions>
          <gpxtpx:TrackPointExtension>
            <gpxtpx:hr>181</gpxtpx:hr>
          </gpxtpx:TrackPointExtension>
        </extensions>
      </trkpt>
      <trkpt lat="36.11356813745766" lon="120.37397855686925">
        <ele>43.9</ele>
        <time>2026-07-31T22:38:07Z</time>
        <extensions>
          <gpxtpx:TrackPointExtension>
            <gpxtpx:hr>181</gpxtpx:hr>
          </gpxtpx:TrackPointExtension>
        </extensions>
      </trkpt>
      <trkpt lat="36.1135751245079" lon="120.3739905497224">
        <ele>43.9</ele>
        <time>2026-07-31T22:38:08Z</time>
        <extensions>
          <gpxtpx:TrackPointExtension>
            <gpxtpx:hr>177</gpxtpx:hr>
          </gpxtpx:TrackPointExtension>
        </extensions>
      </trkpt>
      <trkpt lat="36.113586107807556" lon="120.37400554056251">
        <ele>43.9</ele>
        <time>2026-07-31T22:38:09Z</time>
        <extensions>
          <gpxtpx:TrackPointExtension>
            <gpxtpx:hr>177</gpxtpx:hr>
          </gpxtpx:TrackPointExtension>
        </extensions>
      </trkpt>
      <trkpt lat="36.11360009513655" lon="120.37401553376513">
        <ele>43.9</ele>
        <time>2026-07-31T22:38:10Z</time>
        <extensions>
          <gpxtpx:TrackPointExtension>
            <gpxtpx:hr>177</gpxtpx:hr>
          </gpxtpx:TrackPointExtension>
        </extensions>
      </trkpt>
      <trkpt lat="36.113611074679476" lon="120.37403452249067">
        <ele>43.9</ele>
        <time>2026-07-31T22:38:11Z</time>
        <extensions>
          <gpxtpx:TrackPointExtension>
            <gpxtpx:hr>177</gpxtpx:hr>
          </gpxtpx:TrackPointExtension>
        </extensions>
      </trkpt>
      <trkpt lat="36.11362005752332" lon="120.37405051303578">
        <ele>43.9</ele>
        <time>2026-07-31T22:38:12Z</time>
        <extensions>
          <gpxtpx:TrackPointExtension>
            <gpxtpx:hr>177</gpxtpx:hr>
          </gpxtpx:TrackPointExtension>
        </extensions>
      </trkpt>
      <trkpt lat="36.113627041780205" lon="120.37406550433181">
        <ele>43.9</ele>
        <time>2026-07-31T22:38:13Z</time>
        <extensions>
          <gpxtpx:TrackPointExtension>
            <gpxtpx:hr>179</gpxtpx:hr>
          </gpxtpx:TrackPointExtension>
        </extensions>
      </trkpt>
      <trkpt lat="36.11363902112575" lon="120.37408449299333">
        <ele>43.9</ele>
        <time>2026-07-31T22:38:14Z</time>
        <extensions>
          <gpxtpx:TrackPointExtension>
            <gpxtpx:hr>179</gpxtpx:hr>
          </gpxtpx:TrackPointExtension>
        </extensions>
      </trkpt>
      <trkpt lat="36.113650003535575" lon="120.37410048336362">
        <ele>43.9</ele>
        <time>2026-07-31T22:38:15Z</time>
        <extensions>
          <gpxtpx:TrackPointExtension>
            <gpxtpx:hr>179</gpxtpx:hr>
          </gpxtpx:TrackPointExtension>
        </extensions>
      </trkpt>
      <trkpt lat="36.11365998712535" lon="120.37411547437829">
        <ele>43.9</ele>
        <time>2026-07-31T22:38:16Z</time>
        <extensions>
          <gpxtpx:TrackPointExtension>
            <gpxtpx:hr>179</gpxtpx:hr>
          </gpxtpx:TrackPointExtension>
        </extensions>
      </trkpt>
      <trkpt lat="36.11366897095448" lon="120.37413046550697">
        <ele>43.9</ele>
        <time>2026-07-31T22:38:17Z</time>
        <extensions>
          <gpxtpx:TrackPointExtension>
            <gpxtpx:hr>179</gpxtpx:hr>
          </gpxtpx:TrackPointExtension>
        </extensions>
      </trkpt>
      <trkpt lat="36.11368395809668" lon="120.37414045865832">
        <ele>44.5</ele>
        <time>2026-07-31T22:38:18Z</time>
        <extensions>
          <gpxtpx:TrackPointExtension>
            <gpxtpx:hr>181</gpxtpx:hr>
          </gpxtpx:TrackPointExtension>
        </extensions>
      </trkpt>
      <trkpt lat="36.113699960028484" lon="120.3741344601566">
        <ele>44.5</ele>
        <time>2026-07-31T22:38:19Z</time>
        <extensions>
          <gpxtpx:TrackPointExtension>
            <gpxtpx:hr>181</gpxtpx:hr>
          </gpxtpx:TrackPointExtension>
        </extensions>
      </trkpt>
      <trkpt lat="36.113705971788384" lon="120.37412046693022">
        <ele>44.5</ele>
        <time>2026-07-31T22:38:20Z</time>
        <extensions>
          <gpxtpx:TrackPointExtension>
            <gpxtpx:hr>181</gpxtpx:hr>
          </gpxtpx:TrackPointExtension>
        </extensions>
      </trkpt>
      <trkpt lat="36.11371098378659" lon="120.37410647381664">
        <ele>44.5</ele>
        <time>2026-07-31T22:38:22Z</time>
        <extensions>
          <gpxtpx:TrackPointExtension>
            <gpxtpx:hr>181</gpxtpx:hr>
          </gpxtpx:TrackPointExtension>
        </extensions>
      </trkpt>
      <trkpt lat="36.11371399061281" lon="120.37409847774055">
        <ele>44.5</ele>
        <time>2026-07-31T22:38:23Z</time>
        <extensions>
          <gpxtpx:TrackPointExtension>
            <gpxtpx:hr>182</gpxtpx:hr>
          </gpxtpx:TrackPointExtension>
        </extensions>
      </trkpt>
      <trkpt lat="36.11371799156799" lon="120.3740964783826">
        <ele>44.5</ele>
        <time>2026-07-31T22:38:24Z</time>
        <extensions>
          <gpxtpx:TrackPointExtension>
            <gpxtpx:hr>182</gpxtpx:hr>
          </gpxtpx:TrackPointExtension>
        </extensions>
      </trkpt>
      <trkpt lat="36.113722992292004" lon="120.37409447892041">
        <ele>44.5</ele>
        <time>2026-07-31T22:38:25Z</time>
        <extensions>
          <gpxtpx:TrackPointExtension>
            <gpxtpx:hr>182</gpxtpx:hr>
          </gpxtpx:TrackPointExtension>
        </extensions>
      </trkpt>
      <trkpt lat="36.11372499276972" lon="120.3740934792416">
        <ele>44.5</ele>
        <time>2026-07-31T22:38:26Z</time>
        <extensions>
          <gpxtpx:TrackPointExtension>
            <gpxtpx:hr>182</gpxtpx:hr>
          </gpxtpx:TrackPointExtension>
        </extensions>
      </trkpt>
      <trkpt lat="36.11372000615365" lon="120.37408048665763">
        <ele>44.5</ele>
        <time>2026-07-31T22:38:27Z</time>
        <extensions>
          <gpxtpx:TrackPointExtension>
            <gpxtpx:hr>182</gpxtpx:hr>
          </gpxtpx:TrackPointExtension>
        </extensions>
      </trkpt>
      <trkpt lat="36.11371401977492" lon="120.37406749418528">
        <ele>44.2</ele>
        <time>2026-07-31T22:38:28Z</time>
        <extensions>
          <gpxtpx:TrackPointExtension>
            <gpxtpx:hr>182</gpxtpx:hr>
          </gpxtpx:TrackPointExtension>
        </extensions>
      </trkpt>
      <trkpt lat="36.11370903317092" lon="120.37405450161572">
        <ele>44.2</ele>
        <time>2026-07-31T22:38:29Z</time>
        <extensions>
          <gpxtpx:TrackPointExtension>
            <gpxtpx:hr>182</gpxtpx:hr>
          </gpxtpx:TrackPointExtension>
        </extensions>
      </trkpt>
      <trkpt lat="36.113732953334384" lon="120.37413345723915">
        <ele>44.2</ele>
        <time>2026-07-31T22:38:30Z</time>
        <extensions>
          <gpxtpx:TrackPointExtension>
            <gpxtpx:hr>182</gpxtpx:hr>
          </gpxtpx:TrackPointExtension>
        </extensions>
      </trkpt>
      <trkpt lat="36.11378381324341" lon="120.37427037993302">
        <ele>44.2</ele>
        <time>2026-07-31T22:38:31Z</time>
        <extensions>
          <gpxtpx:TrackPointExtension>
            <gpxtpx:hr>182</gpxtpx:hr>
          </gpxtpx:TrackPointExtension>
        </extensions>
      </trkpt>
      <trkpt lat="36.1138346821881" lon="120.374398308079">
        <ele>44.2</ele>
        <time>2026-07-31T22:38:32Z</time>
        <extensions>
          <gpxtpx:TrackPointExtension>
            <gpxtpx:hr>182</gpxtpx:hr>
          </gpxtpx:TrackPointExtension>
        </extensions>
      </trkpt>
      <trkpt lat="36.1138616118988" lon="120.37446726968693">
        <ele>44.2</ele>
        <time>2026-07-31T22:38:33Z</time>
        <extensions>
          <gpxtpx:TrackPointExtension>
            <gpxtpx:hr>180</gpxtpx:hr>
          </gpxtpx:TrackPointExtension>
        </extensions>
      </trkpt>
      <trkpt lat="36.11386859360064" lon="120.37448525970964">
        <ele>44.2</ele>
        <time>2026-07-31T22:38:34Z</time>
        <extensions>
          <gpxtpx:TrackPointExtension>
            <gpxtpx:hr>180</gpxtpx:hr>
          </gpxtpx:TrackPointExtension>
        </extensions>
      </trkpt>
      <trkpt lat="36.11386758827492" lon="120.37449125673501">
        <ele>44.2</ele>
        <time>2026-07-31T22:38:35Z</time>
        <extensions>
          <gpxtpx:TrackPointExtension>
            <gpxtpx:hr>180</gpxtpx:hr>
          </gpxtpx:TrackPointExtension>
        </extensions>
      </trkpt>
      <trkpt lat="36.11385262788868" lon="120.37445227834259">
        <ele>44.2</ele>
        <time>2026-07-31T22:38:36Z</time>
        <extensions>
          <gpxtpx:TrackPointExtension>
            <gpxtpx:hr>180</gpxtpx:hr>
          </gpxtpx:TrackPointExtension>
        </extensions>
      </trkpt>
      <trkpt lat="36.1138756615535" lon="120.37441029759663">
        <ele>44.2</ele>
        <time>2026-07-31T22:38:37Z</time>
        <extensions>
          <gpxtpx:TrackPointExtension>
            <gpxtpx:hr>180</gpxtpx:hr>
          </gpxtpx:TrackPointExtension>
        </extensions>
      </trkpt>
      <trkpt lat="36.11388771458077" lon="120.37435032741108">
        <ele>44.2</ele>
        <time>2026-07-31T22:38:38Z</time>
        <extensions>
          <gpxtpx:TrackPointExtension>
            <gpxtpx:hr>181</gpxtpx:hr>
          </gpxtpx:TrackPointExtension>
        </extensions>
      </trkpt>
      <trkpt lat="36.113859732234076" lon="120.37433833656675">
        <ele>44.2</ele>
        <time>2026-07-31T22:38:39Z</time>
        <extensions>
          <gpxtpx:TrackPointExtension>
            <gpxtpx:hr>181</gpxtpx:hr>
          </gpxtpx:TrackPointExtension>
        </extensions>
      </trkpt>
      <trkpt lat="36.113811789027054" lon="120.37428936708976">
        <ele>44.2</ele>
        <time>2026-07-31T22:38:41Z</time>
        <extensions>
          <gpxtpx:TrackPointExtension>
            <gpxtpx:hr>181</gpxtpx:hr>
          </gpxtpx:TrackPointExtension>
        </extensions>
      </trkpt>
      <trkpt lat="36.11379181793177" lon="120.37426338275614">
        <ele>44.2</ele>
        <time>2026-07-31T22:38:42Z</time>
        <extensions>
          <gpxtpx:TrackPointExtension>
            <gpxtpx:hr>181</gpxtpx:hr>
          </gpxtpx:TrackPointExtension>
        </extensions>
      </trkpt>
      <trkpt lat="36.11376485035028" lon="120.37423540023015">
        <ele>44.2</ele>
        <time>2026-07-31T22:38:43Z</time>
        <extensions>
          <gpxtpx:TrackPointExtension>
            <gpxtpx:hr>181</gpxtpx:hr>
          </gpxtpx:TrackPointExtension>
        </extensions>
      </trkpt>
      <trkpt lat="36.1137298790303" lon="120.37421341542263">
        <ele>44.2</ele>
        <time>2026-07-31T22:38:44Z</time>
        <extensions>
          <gpxtpx:TrackPointExtension>
            <gpxtpx:hr>181</gpxtpx:hr>
          </gpxtpx:TrackPointExtension>
        </extensions>
      </trkpt>
      <trkpt lat="36.11369490304377" lon="120.37419642800697">
        <ele>44.2</ele>
        <time>2026-07-31T22:38:45Z</time>
        <extensions>
          <gpxtpx:TrackPointExtension>
            <gpxtpx:hr>181</gpxtpx:hr>
          </gpxtpx:TrackPointExtension>
        </extensions>
      </trkpt>
      <trkpt lat="36.1136609352729" lon="120.37417044523822">
        <ele>44.2</ele>
        <time>2026-07-31T22:38:46Z</time>
        <extensions>
          <gpxtpx:TrackPointExtension>
            <gpxtpx:hr>181</gpxtpx:hr>
          </gpxtpx:TrackPointExtension>
        </extensions>
      </trkpt>
      <trkpt lat="36.11363096660088" lon="120.37414446208061">
        <ele>44.2</ele>
        <time>2026-07-31T22:38:47Z</time>
        <extensions>
          <gpxtpx:TrackPointExtension>
            <gpxtpx:hr>181</gpxtpx:hr>
          </gpxtpx:TrackPointExtension>
        </extensions>
      </trkpt>
      <trkpt lat="36.11358402350139" lon="120.37409549290423">
        <ele>43.8</ele>
        <time>2026-07-31T22:38:48Z</time>
        <extensions>
          <gpxtpx:TrackPointExtension>
            <gpxtpx:hr>182</gpxtpx:hr>
          </gpxtpx:TrackPointExtension>
        </extensions>
      </trkpt>
      <trkpt lat="36.113568053543354" lon="120.37406750942995">
        <ele>43.8</ele>
        <time>2026-07-31T22:38:49Z</time>
        <extensions>
          <gpxtpx:TrackPointExtension>
            <gpxtpx:hr>182</gpxtpx:hr>
          </gpxtpx:TrackPointExtension>
        </extensions>
      </trkpt>
      <trkpt lat="36.113552092095155" lon="120.37403053078164">
        <ele>43.8</ele>
        <time>2026-07-31T22:38:50Z</time>
        <extensions>
          <gpxtpx:TrackPointExtension>
            <gpxtpx:hr>182</gpxtpx:hr>
          </gpxtpx:TrackPointExtension>
        </extensions>
      </trkpt>
      <trkpt lat="36.11353112713309" lon="120.37399855004276">
        <ele>43.8</ele>
        <time>2026-07-31T22:38:51Z</time>
        <extensions>
          <gpxtpx:TrackPointExtension>
            <gpxtpx:hr>182</gpxtpx:hr>
          </gpxtpx:TrackPointExtension>
        </extensions>
      </trkpt>
      <trkpt lat="36.11351416600727" lon="120.37396157160735">
        <ele>43.8</ele>
        <time>2026-07-31T22:38:52Z</time>
        <extensions>
          <gpxtpx:TrackPointExtension>
            <gpxtpx:hr>182</gpxtpx:hr>
          </gpxtpx:TrackPointExtension>
        </extensions>
      </trkpt>
      <trkpt lat="36.113509173779875" lon="120.37395457587994">
        <ele>43.8</ele>
        <time>2026-07-31T22:38:53Z</time>
        <extensions>
          <gpxtpx:TrackPointExtension>
            <gpxtpx:hr>179</gpxtpx:hr>
          </gpxtpx:TrackPointExtension>
        </extensions>
      </trkpt>
      <trkpt lat="36.113507179914876" lon="120.37394857930515">
        <ele>43.8</ele>
        <time>2026-07-31T22:38:54Z</time>
        <extensions>
          <gpxtpx:TrackPointExtension>
            <gpxtpx:hr>179</gpxtpx:hr>
          </gpxtpx:TrackPointExtension>
        </extensions>
      </trkpt>
      <trkpt lat="36.113506192440894" lon="120.37393558638362">
        <ele>43.8</ele>
        <time>2026-07-31T22:38:55Z</time>
        <extensions>
          <gpxtpx:TrackPointExtension>
            <gpxtpx:hr>179</gpxtpx:hr>
          </gpxtpx:TrackPointExtension>
        </extensions>
      </trkpt>
      <trkpt lat="36.113505206865895" lon="120.37392059454396">
        <ele>43.8</ele>
        <time>2026-07-31T22:38:56Z</time>
        <extensions>
          <gpxtpx:TrackPointExtension>
            <gpxtpx:hr>179</gpxtpx:hr>
          </gpxtpx:TrackPointExtension>
        </extensions>
      </trkpt>
      <trkpt lat="36.1134982283695" lon="120.3738996065692">
        <ele>43.8</ele>
        <time>2026-07-31T22:38:57Z</time>
        <extensions>
          <gpxtpx:TrackPointExtension>
            <gpxtpx:hr>179</gpxtpx:hr>
          </gpxtpx:TrackPointExtension>
        </extensions>
      </trkpt>
      <trkpt lat="36.113472260919856" lon="120.37387162437216">
        <ele>44.2</ele>
        <time>2026-07-31T22:38:59Z</time>
        <extensions>
          <gpxtpx:TrackPointExtension>
            <gpxtpx:hr>172</gpxtpx:hr>
          </gpxtpx:TrackPointExtension>
        </extensions>
      </trkpt>
      <trkpt lat="36.11345127241509" lon="120.37386463034208">
        <ele>44.2</ele>
        <time>2026-07-31T22:39:00Z</time>
        <extensions>
          <gpxtpx:TrackPointExtension>
            <gpxtpx:hr>172</gpxtpx:hr>
          </gpxtpx:TrackPointExtension>
        </extensions>
      </trkpt>
      <trkpt lat="36.113438287755166" lon="120.37385163871986">
        <ele>44.2</ele>
        <time>2026-07-31T22:39:01Z</time>
        <extensions>
          <gpxtpx:TrackPointExtension>
            <gpxtpx:hr>172</gpxtpx:hr>
          </gpxtpx:TrackPointExtension>
        </extensions>
      </trkpt>
      <trkpt lat="36.11342728935005" lon="120.37385263932812">
        <ele>44.2</ele>
        <time>2026-07-31T22:39:02Z</time>
        <extensions>
          <gpxtpx:TrackPointExtension>
            <gpxtpx:hr>172</gpxtpx:hr>
          </gpxtpx:TrackPointExtension>
        </extensions>
      </trkpt>
      <trkpt lat="36.11341929214906" lon="120.3738516407037">
        <ele>44.2</ele>
        <time>2026-07-31T22:39:03Z</time>
        <extensions>
          <gpxtpx:TrackPointExtension>
            <gpxtpx:hr>168</gpxtpx:hr>
          </gpxtpx:TrackPointExtension>
        </extensions>
      </trkpt>
      <trkpt lat="36.113416288098385" lon="120.37385663831593">
        <ele>44.2</ele>
        <time>2026-07-31T22:39:04Z</time>
        <extensions>
          <gpxtpx:TrackPointExtension>
            <gpxtpx:hr>168</gpxtpx:hr>
          </gpxtpx:TrackPointExtension>
        </extensions>
      </trkpt>
      <trkpt lat="36.11341628335484" lon="120.373861635616">
        <ele>44.2</ele>
        <time>2026-07-31T22:39:05Z</time>
        <extensions>
          <gpxtpx:TrackPointExtension>
            <gpxtpx:hr>168</gpxtpx:hr>
          </gpxtpx:TrackPointExtension>
        </extensions>
      </trkpt>
      <trkpt lat="36.11341927412493" lon="120.37387063044554">
        <ele>44.2</ele>
        <time>2026-07-31T22:39:06Z</time>
        <extensions>
          <gpxtpx:TrackPointExtension>
            <gpxtpx:hr>168</gpxtpx:hr>
          </gpxtpx:TrackPointExtension>
        </extensions>
      </trkpt>
      <trkpt lat="36.113421272714135" lon="120.37387162969722">
        <ele>44.2</ele>
        <time>2026-07-31T22:39:07Z</time>
        <extensions>
          <gpxtpx:TrackPointExtension>
            <gpxtpx:hr>168</gpxtpx:hr>
          </gpxtpx:TrackPointExtension>
        </extensions>
      </trkpt>
      <trkpt lat="36.11341826582293" lon="120.37387962569615">
        <ele>43.4</ele>
        <time>2026-07-31T22:39:08Z</time>
        <extensions>
          <gpxtpx:TrackPointExtension>
            <gpxtpx:hr>169</gpxtpx:hr>
          </gpxtpx:TrackPointExtension>
        </extensions>
      </trkpt>
      <trkpt lat="36.11341625775507" lon="120.37388862105463">
        <ele>43.4</ele>
        <time>2026-07-31T22:39:09Z</time>
        <extensions>
          <gpxtpx:TrackPointExtension>
            <gpxtpx:hr>169</gpxtpx:hr>
          </gpxtpx:TrackPointExtension>
        </extensions>
      </trkpt>
      <trkpt lat="36.11341724994369" lon="120.37389661664169">
        <ele>43.4</ele>
        <time>2026-07-31T22:39:10Z</time>
        <extensions>
          <gpxtpx:TrackPointExtension>
            <gpxtpx:hr>169</gpxtpx:hr>
          </gpxtpx:TrackPointExtension>
        </extensions>
      </trkpt>
      <trkpt lat="36.113421223452605" lon="120.37392360170276">
        <ele>43.4</ele>
        <time>2026-07-31T22:39:12Z</time>
        <extensions>
          <gpxtpx:TrackPointExtension>
            <gpxtpx:hr>169</gpxtpx:hr>
          </gpxtpx:TrackPointExtension>
        </extensions>
      </trkpt>
      <trkpt lat="36.11342421708101" lon="120.37392959816677">
        <ele>43.4</ele>
        <time>2026-07-31T22:39:13Z</time>
        <extensions>
          <gpxtpx:TrackPointExtension>
            <gpxtpx:hr>171</gpxtpx:hr>
          </gpxtpx:TrackPointExtension>
        </extensions>
      </trkpt>
      <trkpt lat="36.113429209302225" lon="120.37393659388677">
        <ele>43.4</ele>
        <time>2026-07-31T22:39:14Z</time>
        <extensions>
          <gpxtpx:TrackPointExtension>
            <gpxtpx:hr>171</gpxtpx:hr>
          </gpxtpx:TrackPointExtension>
        </extensions>
      </trkpt>
      <trkpt lat="36.11343220387917" lon="120.37394159089057">
        <ele>43.4</ele>
        <time>2026-07-31T22:39:16Z</time>
        <extensions>
          <gpxtpx:TrackPointExtension>
            <gpxtpx:hr>171</gpxtpx:hr>
          </gpxtpx:TrackPointExtension>
        </extensions>
      </trkpt>
      <trkpt lat="36.11344818316098" lon="120.37395957957004">
        <ele>43.4</ele>
        <time>2026-07-31T22:39:17Z</time>
        <extensions>
          <gpxtpx:TrackPointExtension>
            <gpxtpx:hr>171</gpxtpx:hr>
          </gpxtpx:TrackPointExtension>
        </extensions>
      </trkpt>
      <trkpt lat="36.113457180134525" lon="120.37396057809461">
        <ele>43.7</ele>
        <time>2026-07-31T22:39:18Z</time>
        <extensions>
          <gpxtpx:TrackPointExtension>
            <gpxtpx:hr>170</gpxtpx:hr>
          </gpxtpx:TrackPointExtension>
        </extensions>
      </trkpt>
      <trkpt lat="36.11346017566066" lon="120.373964575639">
        <ele>43.7</ele>
        <time>2026-07-31T22:39:19Z</time>
        <extensions>
          <gpxtpx:TrackPointExtension>
            <gpxtpx:hr>170</gpxtpx:hr>
          </gpxtpx:TrackPointExtension>
        </extensions>
      </trkpt>
      <trkpt lat="36.11346015771312" lon="120.37398356547195">
        <ele>43.7</ele>
        <time>2026-07-31T22:39:21Z</time>
        <extensions>
          <gpxtpx:TrackPointExtension>
            <gpxtpx:hr>170</gpxtpx:hr>
          </gpxtpx:TrackPointExtension>
        </extensions>
      </trkpt>
      <trkpt lat="36.11346415206718" lon="120.3739885623813">
        <ele>43.7</ele>
        <time>2026-07-31T22:39:22Z</time>
        <extensions>
          <gpxtpx:TrackPointExtension>
            <gpxtpx:hr>170</gpxtpx:hr>
          </gpxtpx:TrackPointExtension>
        </extensions>
      </trkpt>
      <trkpt lat="36.11346415206718" lon="120.3739885623813">
        <ele>43.7</ele>
        <time>2026-07-31T22:39:23Z</time>
        <extensions>
          <gpxtpx:TrackPointExtension>
            <gpxtpx:hr>168</gpxtpx:hr>
          </gpxtpx:TrackPointExtension>
        </extensions>
      </trkpt>
      <trkpt lat="36.11346415206718" lon="120.3739885623813">
        <ele>43.7</ele>
        <time>2026-07-31T22:39:24Z</time>
        <extensions>
          <gpxtpx:TrackPointExtension>
            <gpxtpx:hr>168</gpxtpx:hr>
          </gpxtpx:TrackPointExtension>
        </extensions>
      </trkpt>
      <trkpt lat="36.11346415206718" lon="120.3739885623813">
        <ele>43.7</ele>
        <time>2026-07-31T22:39:25Z</time>
        <extensions>
          <gpxtpx:TrackPointExtension>
            <gpxtpx:hr>168</gpxtpx:hr>
          </gpxtpx:TrackPointExtension>
        </extensions>
      </trkpt>
      <trkpt lat="36.113469149022755" lon="120.37399056079033">
        <ele>43.7</ele>
        <time>2026-07-31T22:39:26Z</time>
        <extensions>
          <gpxtpx:TrackPointExtension>
            <gpxtpx:hr>168</gpxtpx:hr>
          </gpxtpx:TrackPointExtension>
        </extensions>
      </trkpt>
      <trkpt lat="36.1134731480977" lon="120.37399056037268">
        <ele>43.7</ele>
        <time>2026-07-31T22:39:27Z</time>
        <extensions>
          <gpxtpx:TrackPointExtension>
            <gpxtpx:hr>168</gpxtpx:hr>
          </gpxtpx:TrackPointExtension>
        </extensions>
      </trkpt>
      <trkpt lat="36.1134731480977" lon="120.37399056037268">
        <ele>47.9</ele>
        <time>2026-07-31T22:39:28Z</time>
        <extensions>
          <gpxtpx:TrackPointExtension>
            <gpxtpx:hr>163</gpxtpx:hr>
          </gpxtpx:TrackPointExtension>
        </extensions>
      </trkpt>
      <trkpt lat="36.11347914199046" lon="120.37399555707468">
        <ele>47.9</ele>
        <time>2026-07-31T22:39:29Z</time>
        <extensions>
          <gpxtpx:TrackPointExtension>
            <gpxtpx:hr>163</gpxtpx:hr>
          </gpxtpx:TrackPointExtension>
        </extensions>
      </trkpt>
      <trkpt lat="36.11348213940906" lon="120.37399755569314">
        <ele>47.9</ele>
        <time>2026-07-31T22:39:30Z</time>
        <extensions>
          <gpxtpx:TrackPointExtension>
            <gpxtpx:hr>163</gpxtpx:hr>
          </gpxtpx:TrackPointExtension>
        </extensions>
      </trkpt>
      <trkpt lat="36.11348213940906" lon="120.37399755569314">
        <ele>47.9</ele>
        <time>2026-07-31T22:39:31Z</time>
        <extensions>
          <gpxtpx:TrackPointExtension>
            <gpxtpx:hr>163</gpxtpx:hr>
          </gpxtpx:TrackPointExtension>
        </extensions>
      </trkpt>
      <trkpt lat="36.113483138234045" lon="120.37399855505464">
        <ele>47.9</ele>
        <time>2026-07-31T22:39:32Z</time>
        <extensions>
          <gpxtpx:TrackPointExtension>
            <gpxtpx:hr>163</gpxtpx:hr>
          </gpxtpx:TrackPointExtension>
        </extensions>
      </trkpt>
      <trkpt lat="36.11349313780891" lon="120.3739965550787">
        <ele>47.9</ele>
        <time>2026-07-31T22:39:36Z</time>
        <extensions>
          <gpxtpx:TrackPointExtension>
            <gpxtpx:hr>158</gpxtpx:hr>
          </gpxtpx:TrackPointExtension>
        </extensions>
      </trkpt>
      <trkpt lat="36.11349313780891" lon="120.3739965550787">
        <ele>47.9</ele>
        <time>2026-07-31T22:39:37Z</time>
        <extensions>
          <gpxtpx:TrackPointExtension>
            <gpxtpx:hr>158</gpxtpx:hr>
          </gpxtpx:TrackPointExtension>
        </extensions>
      </trkpt>
      <trkpt lat="36.1135001409095" lon="120.3739915570191">
        <ele>48.7</ele>
        <time>2026-07-31T22:39:38Z</time>
        <extensions>
          <gpxtpx:TrackPointExtension>
            <gpxtpx:hr>156</gpxtpx:hr>
          </gpxtpx:TrackPointExtension>
        </extensions>
      </trkpt>
      <trkpt lat="36.113505143529366" lon="120.37398755863484">
        <ele>48.7</ele>
        <time>2026-07-31T22:39:39Z</time>
        <extensions>
          <gpxtpx:TrackPointExtension>
            <gpxtpx:hr>156</gpxtpx:hr>
          </gpxtpx:TrackPointExtension>
        </extensions>
      </trkpt>
      <trkpt lat="36.113512147575875" lon="120.3739815611119">
        <ele>48.7</ele>
        <time>2026-07-31T22:39:40Z</time>
        <extensions>
          <gpxtpx:TrackPointExtension>
            <gpxtpx:hr>156</gpxtpx:hr>
          </gpxtpx:TrackPointExtension>
        </extensions>
      </trkpt>
      <trkpt lat="36.11352515590399" lon="120.37396956617503">
        <ele>48.7</ele>
        <time>2026-07-31T22:39:41Z</time>
        <extensions>
          <gpxtpx:TrackPointExtension>
            <gpxtpx:hr>156</gpxtpx:hr>
          </gpxtpx:TrackPointExtension>
        </extensions>
      </trkpt>
      <trkpt lat="36.113535162095616" lon="120.37396056995031">
        <ele>48.7</ele>
        <time>2026-07-31T22:39:42Z</time>
        <extensions>
          <gpxtpx:TrackPointExtension>
            <gpxtpx:hr>156</gpxtpx:hr>
          </gpxtpx:TrackPointExtension>
        </extensions>
      </trkpt>
      <trkpt lat="36.113546169949736" lon="120.37394957469682">
        <ele>48.7</ele>
        <time>2026-07-31T22:39:43Z</time>
        <extensions>
          <gpxtpx:TrackPointExtension>
            <gpxtpx:hr>156</gpxtpx:hr>
          </gpxtpx:TrackPointExtension>
        </extensions>
      </trkpt>
      <trkpt lat="36.11355617614776" lon="120.37394057847973">
        <ele>48.7</ele>
        <time>2026-07-31T22:39:44Z</time>
        <extensions>
          <gpxtpx:TrackPointExtension>
            <gpxtpx:hr>156</gpxtpx:hr>
          </gpxtpx:TrackPointExtension>
        </extensions>
      </trkpt>
      <trkpt lat="36.11356618329479" lon="120.37393058280304">
        <ele>48.7</ele>
        <time>2026-07-31T22:39:45Z</time>
        <extensions>
          <gpxtpx:TrackPointExtension>
            <gpxtpx:hr>156</gpxtpx:hr>
          </gpxtpx:TrackPointExtension>
        </extensions>
      </trkpt>
      <trkpt lat="36.11357818998282" lon="120.37392058692176">
        <ele>48.7</ele>
        <time>2026-07-31T22:39:46Z</time>
        <extensions>
          <gpxtpx:TrackPointExtension>
            <gpxtpx:hr>156</gpxtpx:hr>
          </gpxtpx:TrackPointExtension>
        </extensions>
      </trkpt>
      <trkpt lat="36.11359220094664" lon="120.37390559352544">
        <ele>48.7</ele>
        <time>2026-07-31T22:39:47Z</time>
        <extensions>
          <gpxtpx:TrackPointExtension>
            <gpxtpx:hr>156</gpxtpx:hr>
          </gpxtpx:TrackPointExtension>
        </extensions>
      </trkpt>
      <trkpt lat="36.11361920606914" lon="120.37389359716552">
        <ele>48.7</ele>
        <time>2026-07-31T22:39:48Z</time>
        <extensions>
          <gpxtpx:TrackPointExtension>
            <gpxtpx:hr>156</gpxtpx:hr>
          </gpxtpx:TrackPointExtension>
        </extensions>
      </trkpt>
      <trkpt lat="36.11362821725576" lon="120.37387960376931">
        <ele>47.7</ele>
        <time>2026-07-31T22:39:49Z</time>
        <extensions>
          <gpxtpx:TrackPointExtension>
            <gpxtpx:hr>156</gpxtpx:hr>
          </gpxtpx:TrackPointExtension>
        </extensions>
      </trkpt>
      <trkpt lat="36.11363722844936" lon="120.37386561038144">
        <ele>47.7</ele>
        <time>2026-07-31T22:39:50Z</time>
        <extensions>
          <gpxtpx:TrackPointExtension>
            <gpxtpx:hr>156</gpxtpx:hr>
          </gpxtpx:TrackPointExtension>
        </extensions>
      </trkpt>
      <trkpt lat="36.113662221718606" lon="120.37386660723139">
        <ele>47.7</ele>
        <time>2026-07-31T22:39:51Z</time>
        <extensions>
          <gpxtpx:TrackPointExtension>
            <gpxtpx:hr>156</gpxtpx:hr>
          </gpxtpx:TrackPointExtension>
        </extensions>
      </trkpt>
      <trkpt lat="36.113684197668384" lon="120.37388659414933">
        <ele>47.7</ele>
        <time>2026-07-31T22:39:53Z</time>
        <extensions>
          <gpxtpx:TrackPointExtension>
            <gpxtpx:hr>156</gpxtpx:hr>
          </gpxtpx:TrackPointExtension>
        </extensions>
      </trkpt>
      <trkpt lat="36.1136921882373" lon="120.37389458900478">
        <ele>47.7</ele>
        <time>2026-07-31T22:39:54Z</time>
        <extensions>
          <gpxtpx:TrackPointExtension>
            <gpxtpx:hr>153</gpxtpx:hr>
          </gpxtpx:TrackPointExtension>
        </extensions>
      </trkpt>
      <trkpt lat="36.11369618162808" lon="120.37390058535696">
        <ele>47.7</ele>
        <time>2026-07-31T22:39:55Z</time>
        <extensions>
          <gpxtpx:TrackPointExtension>
            <gpxtpx:hr>153</gpxtpx:hr>
          </gpxtpx:TrackPointExtension>
        </extensions>
      </trkpt>
      <trkpt lat="36.11370017502015" lon="120.3739065817107">
        <ele>47.7</ele>
        <time>2026-07-31T22:39:56Z</time>
        <extensions>
          <gpxtpx:TrackPointExtension>
            <gpxtpx:hr>153</gpxtpx:hr>
          </gpxtpx:TrackPointExtension>
        </extensions>
      </trkpt>
      <trkpt lat="36.11370217076976" lon="120.37391057935031">
        <ele>47.7</ele>
        <time>2026-07-31T22:39:57Z</time>
        <extensions>
          <gpxtpx:TrackPointExtension>
            <gpxtpx:hr>153</gpxtpx:hr>
          </gpxtpx:TrackPointExtension>
        </extensions>
      </trkpt>
      <trkpt lat="36.1137091511665" lon="120.37392956840876">
        <ele>47.7</ele>
        <time>2026-07-31T22:39:58Z</time>
        <extensions>
          <gpxtpx:TrackPointExtension>
            <gpxtpx:hr>153</gpxtpx:hr>
          </gpxtpx:TrackPointExtension>
        </extensions>
      </trkpt>
      <trkpt lat="36.113706148075906" lon="120.37393356657434">
        <ele>48.0</ele>
        <time>2026-07-31T22:39:59Z</time>
        <extensions>
          <gpxtpx:TrackPointExtension>
            <gpxtpx:hr>153</gpxtpx:hr>
          </gpxtpx:TrackPointExtension>
        </extensions>
      </trkpt>
      <trkpt lat="36.11370314593181" lon="120.37393656527729">
        <ele>48.0</ele>
        <time>2026-07-31T22:40:00Z</time>
        <extensions>
          <gpxtpx:TrackPointExtension>
            <gpxtpx:hr>153</gpxtpx:hr>
          </gpxtpx:TrackPointExtension>
        </extensions>
      </trkpt>
      <trkpt lat="36.11369714259032" lon="120.37394156322081">
        <ele>48.0</ele>
        <time>2026-07-31T22:40:01Z</time>
        <extensions>
          <gpxtpx:TrackPointExtension>
            <gpxtpx:hr>153</gpxtpx:hr>
          </gpxtpx:TrackPointExtension>
        </extensions>
      </trkpt>
      <trkpt lat="36.11369613525662" lon="120.37394955903466">
        <ele>48.0</ele>
        <time>2026-07-31T22:40:02Z</time>
        <extensions>
          <gpxtpx:TrackPointExtension>
            <gpxtpx:hr>153</gpxtpx:hr>
          </gpxtpx:TrackPointExtension>
        </extensions>
      </trkpt>
      <trkpt lat="36.11370012771392" lon="120.37395655486499">
        <ele>48.0</ele>
        <time>2026-07-31T22:40:03Z</time>
        <extensions>
          <gpxtpx:TrackPointExtension>
            <gpxtpx:hr>153</gpxtpx:hr>
          </gpxtpx:TrackPointExtension>
        </extensions>
      </trkpt>
      <trkpt lat="36.1137021196906" lon="120.3739645503707">
        <ele>48.0</ele>
        <time>2026-07-31T22:40:04Z</time>
        <extensions>
          <gpxtpx:TrackPointExtension>
            <gpxtpx:hr>149</gpxtpx:hr>
          </gpxtpx:TrackPointExtension>
        </extensions>
      </trkpt>
      <trkpt lat="36.11370611215165" lon="120.37397154620548">
        <ele>48.0</ele>
        <time>2026-07-31T22:40:05Z</time>
        <extensions>
          <gpxtpx:TrackPointExtension>
            <gpxtpx:hr>149</gpxtpx:hr>
          </gpxtpx:TrackPointExtension>
        </extensions>
      </trkpt>
      <trkpt lat="36.11370610365082" lon="120.37398054139025">
        <ele>48.0</ele>
        <time>2026-07-31T22:40:06Z</time>
        <extensions>
          <gpxtpx:TrackPointExtension>
            <gpxtpx:hr>149</gpxtpx:hr>
          </gpxtpx:TrackPointExtension>
        </extensions>
      </trkpt>
      <trkpt lat="36.11368809554034" lon="120.3739935363205">
        <ele>48.0</ele>
        <time>2026-07-31T22:40:08Z</time>
        <extensions>
          <gpxtpx:TrackPointExtension>
            <gpxtpx:hr>149</gpxtpx:hr>
          </gpxtpx:TrackPointExtension>
        </extensions>
      </trkpt>
      <trkpt lat="36.11367808181198" lon="120.37401052828801">
        <ele>48.1</ele>
        <time>2026-07-31T22:40:09Z</time>
        <extensions>
          <gpxtpx:TrackPointExtension>
            <gpxtpx:hr>146</gpxtpx:hr>
          </gpxtpx:TrackPointExtension>
        </extensions>
      </trkpt>
      <trkpt lat="36.113659068290254" lon="120.37402952014196">
        <ele>48.1</ele>
        <time>2026-07-31T22:40:11Z</time>
        <extensions>
          <gpxtpx:TrackPointExtension>
            <gpxtpx:hr>146</gpxtpx:hr>
          </gpxtpx:TrackPointExtension>
        </extensions>
      </trkpt>
      <trkpt lat="36.113647049394835" lon="120.37405250915293">
        <ele>48.1</ele>
        <time>2026-07-31T22:40:12Z</time>
        <extensions>
          <gpxtpx:TrackPointExtension>
            <gpxtpx:hr>146</gpxtpx:hr>
          </gpxtpx:TrackPointExtension>
        </extensions>
      </trkpt>
      <trkpt lat="36.113642035487004" lon="120.3740685011721">
        <ele>48.1</ele>
        <time>2026-07-31T22:40:13Z</time>
        <extensions>
          <gpxtpx:TrackPointExtension>
            <gpxtpx:hr>146</gpxtpx:hr>
          </gpxtpx:TrackPointExtension>
        </extensions>
      </trkpt>
      <trkpt lat="36.11363902206643" lon="120.37408349352376">
        <ele>48.1</ele>
        <time>2026-07-31T22:40:14Z</time>
        <extensions>
          <gpxtpx:TrackPointExtension>
            <gpxtpx:hr>137</gpxtpx:hr>
          </gpxtpx:TrackPointExtension>
        </extensions>
      </trkpt>
      <trkpt lat="36.11363801947579" lon="120.374086492037">
        <ele>48.1</ele>
        <time>2026-07-31T22:40:15Z</time>
        <extensions>
          <gpxtpx:TrackPointExtension>
            <gpxtpx:hr>137</gpxtpx:hr>
          </gpxtpx:TrackPointExtension>
        </extensions>
      </trkpt>
      <trkpt lat="36.113627022960586" lon="120.37408549371592">
        <ele>48.1</ele>
        <time>2026-07-31T22:40:16Z</time>
        <extensions>
          <gpxtpx:TrackPointExtension>
            <gpxtpx:hr>137</gpxtpx:hr>
          </gpxtpx:TrackPointExtension>
        </extensions>
      </trkpt>
      <trkpt lat="36.11361802974574" lon="120.37408049730803">
        <ele>48.1</ele>
        <time>2026-07-31T22:40:17Z</time>
        <extensions>
          <gpxtpx:TrackPointExtension>
            <gpxtpx:hr>137</gpxtpx:hr>
          </gpxtpx:TrackPointExtension>
        </extensions>
      </trkpt>
      <trkpt lat="36.11361503514406" lon="120.37407550027471">
        <ele>48.1</ele>
        <time>2026-07-31T22:40:18Z</time>
        <extensions>
          <gpxtpx:TrackPointExtension>
            <gpxtpx:hr>137</gpxtpx:hr>
          </gpxtpx:TrackPointExtension>
        </extensions>
      </trkpt>
      <trkpt lat="36.1136080433508" lon="120.37406850472223">
        <ele>48.3</ele>
        <time>2026-07-31T22:40:19Z</time>
        <extensions>
          <gpxtpx:TrackPointExtension>
            <gpxtpx:hr>139</gpxtpx:hr>
          </gpxtpx:TrackPointExtension>
        </extensions>
      </trkpt>
      <trkpt lat="36.11360205697755" lon="120.3740555122565">
        <ele>48.3</ele>
        <time>2026-07-31T22:40:20Z</time>
        <extensions>
          <gpxtpx:TrackPointExtension>
            <gpxtpx:hr>139</gpxtpx:hr>
          </gpxtpx:TrackPointExtension>
        </extensions>
      </trkpt>
      <trkpt lat="36.11359407955378" lon="120.37403352479829">
        <ele>48.3</ele>
        <time>2026-07-31T22:40:21Z</time>
        <extensions>
          <gpxtpx:TrackPointExtension>
            <gpxtpx:hr>139</gpxtpx:hr>
          </gpxtpx:TrackPointExtension>
        </extensions>
      </trkpt>
      <trkpt lat="36.11359509534986" lon="120.37401653375387">
        <ele>48.3</ele>
        <time>2026-07-31T22:40:22Z</time>
        <extensions>
          <gpxtpx:TrackPointExtension>
            <gpxtpx:hr>139</gpxtpx:hr>
          </gpxtpx:TrackPointExtension>
        </extensions>
      </trkpt>
      <trkpt lat="36.11359009839253" lon="120.37401453534264">
        <ele>48.3</ele>
        <time>2026-07-31T22:40:23Z</time>
        <extensions>
          <gpxtpx:TrackPointExtension>
            <gpxtpx:hr>139</gpxtpx:hr>
          </gpxtpx:TrackPointExtension>
        </extensions>
      </trkpt>
      <trkpt lat="36.11358510426519" lon="120.37400953853219">
        <ele>48.3</ele>
        <time>2026-07-31T22:40:24Z</time>
        <extensions>
          <gpxtpx:TrackPointExtension>
            <gpxtpx:hr>132</gpxtpx:hr>
          </gpxtpx:TrackPointExtension>
        </extensions>
      </trkpt>
      <trkpt lat="36.11358110519031" lon="120.37400953894985">
        <ele>48.3</ele>
        <time>2026-07-31T22:40:25Z</time>
        <extensions>
          <gpxtpx:TrackPointExtension>
            <gpxtpx:hr>132</gpxtpx:hr>
          </gpxtpx:TrackPointExtension>
        </extensions>
      </trkpt>
      <trkpt lat="36.113579108483066" lon="120.37400654075967">
        <ele>48.3</ele>
        <time>2026-07-31T22:40:26Z</time>
        <extensions>
          <gpxtpx:TrackPointExtension>
            <gpxtpx:hr>132</gpxtpx:hr>
          </gpxtpx:TrackPointExtension>
        </extensions>
      </trkpt>
      <trkpt lat="36.11357811154484" lon="120.37400354246546">
        <ele>48.3</ele>
        <time>2026-07-31T22:40:27Z</time>
        <extensions>
          <gpxtpx:TrackPointExtension>
            <gpxtpx:hr>132</gpxtpx:hr>
          </gpxtpx:TrackPointExtension>
        </extensions>
      </trkpt>
      <trkpt lat="36.1135781181506" lon="120.37399654620347">
        <ele>48.3</ele>
        <time>2026-07-31T22:40:28Z</time>
        <extensions>
          <gpxtpx:TrackPointExtension>
            <gpxtpx:hr>132</gpxtpx:hr>
          </gpxtpx:TrackPointExtension>
        </extensions>
      </trkpt>
      <trkpt lat="36.11357211859449" lon="120.37399754629583">
        <ele>47.6</ele>
        <time>2026-07-31T22:40:29Z</time>
        <extensions>
          <gpxtpx:TrackPointExtension>
            <gpxtpx:hr>135</gpxtpx:hr>
          </gpxtpx:TrackPointExtension>
        </extensions>
      </trkpt>
      <trkpt lat="36.11356612375753" lon="120.37399354905911">
        <ele>47.6</ele>
        <time>2026-07-31T22:40:30Z</time>
        <extensions>
          <gpxtpx:TrackPointExtension>
            <gpxtpx:hr>135</gpxtpx:hr>
          </gpxtpx:TrackPointExtension>
        </extensions>
      </trkpt>
      <trkpt lat="36.11356113246635" lon="120.37398555385677">
        <ele>47.6</ele>
        <time>2026-07-31T22:40:31Z</time>
        <extensions>
          <gpxtpx:TrackPointExtension>
            <gpxtpx:hr>135</gpxtpx:hr>
          </gpxtpx:TrackPointExtension>
        </extensions>
      </trkpt>
      <trkpt lat="36.11355814449312" lon="120.37397356058851">
        <ele>47.6</ele>
        <time>2026-07-31T22:40:32Z</time>
        <extensions>
          <gpxtpx:TrackPointExtension>
            <gpxtpx:hr>135</gpxtpx:hr>
          </gpxtpx:TrackPointExtension>
        </extensions>
      </trkpt>
      <trkpt lat="36.113536182664944" lon="120.37393858164117">
        <ele>47.6</ele>
        <time>2026-07-31T22:40:33Z</time>
        <extensions>
          <gpxtpx:TrackPointExtension>
            <gpxtpx:hr>135</gpxtpx:hr>
          </gpxtpx:TrackPointExtension>
        </extensions>
      </trkpt>
      <trkpt lat="36.1135172192395" lon="120.37390460189451">
        <ele>47.6</ele>
        <time>2026-07-31T22:40:34Z</time>
        <extensions>
          <gpxtpx:TrackPointExtension>
            <gpxtpx:hr>131</gpxtpx:hr>
          </gpxtpx:TrackPointExtension>
        </extensions>
      </trkpt>
      <trkpt lat="36.11351324764511" lon="120.37387561793372">
        <ele>47.6</ele>
        <time>2026-07-31T22:40:35Z</time>
        <extensions>
          <gpxtpx:TrackPointExtension>
            <gpxtpx:hr>131</gpxtpx:hr>
          </gpxtpx:TrackPointExtension>
        </extensions>
      </trkpt>
      <trkpt lat="36.113512260204985" lon="120.37386262505247">
        <ele>47.6</ele>
        <time>2026-07-31T22:40:36Z</time>
        <extensions>
          <gpxtpx:TrackPointExtension>
            <gpxtpx:hr>131</gpxtpx:hr>
          </gpxtpx:TrackPointExtension>
        </extensions>
      </trkpt>
      <trkpt lat="36.1135132732574" lon="120.37384863250999">
        <ele>47.6</ele>
        <time>2026-07-31T22:40:37Z</time>
        <extensions>
          <gpxtpx:TrackPointExtension>
            <gpxtpx:hr>131</gpxtpx:hr>
          </gpxtpx:TrackPointExtension>
        </extensions>
      </trkpt>
      <trkpt lat="36.11351527943932" lon="120.37384163608525">
        <ele>47.6</ele>
        <time>2026-07-31T22:40:38Z</time>
        <extensions>
          <gpxtpx:TrackPointExtension>
            <gpxtpx:hr>131</gpxtpx:hr>
          </gpxtpx:TrackPointExtension>
        </extensions>
      </trkpt>
      <trkpt lat="36.113523277589145" lon="120.37384163524993">
        <ele>47.4</ele>
        <time>2026-07-31T22:40:39Z</time>
        <extensions>
          <gpxtpx:TrackPointExtension>
            <gpxtpx:hr>130</gpxtpx:hr>
          </gpxtpx:TrackPointExtension>
        </extensions>
      </trkpt>
      <trkpt lat="36.113511291758975" lon="120.37382964299472">
        <ele>47.4</ele>
        <time>2026-07-31T22:40:40Z</time>
        <extensions>
          <gpxtpx:TrackPointExtension>
            <gpxtpx:hr>130</gpxtpx:hr>
          </gpxtpx:TrackPointExtension>
        </extensions>
      </trkpt>
      <trkpt lat="36.11351331124927" lon="120.37380865416128">
        <ele>47.4</ele>
        <time>2026-07-31T22:40:41Z</time>
        <extensions>
          <gpxtpx:TrackPointExtension>
            <gpxtpx:hr>130</gpxtpx:hr>
          </gpxtpx:TrackPointExtension>
        </extensions>
      </trkpt>
      <trkpt lat="36.113507331654205" lon="120.37378866563883">
        <ele>47.4</ele>
        <time>2026-07-31T22:40:42Z</time>
        <extensions>
          <gpxtpx:TrackPointExtension>
            <gpxtpx:hr>130</gpxtpx:hr>
          </gpxtpx:TrackPointExtension>
        </extensions>
      </trkpt>
      <trkpt lat="36.11351733504947" lon="120.37378266785333">
        <ele>47.4</ele>
        <time>2026-07-31T22:40:43Z</time>
        <extensions>
          <gpxtpx:TrackPointExtension>
            <gpxtpx:hr>130</gpxtpx:hr>
          </gpxtpx:TrackPointExtension>
        </extensions>
      </trkpt>
      <trkpt lat="36.1135303348974" lon="120.37377966812586">
        <ele>47.4</ele>
        <time>2026-07-31T22:40:44Z</time>
        <extensions>
          <gpxtpx:TrackPointExtension>
            <gpxtpx:hr>130</gpxtpx:hr>
          </gpxtpx:TrackPointExtension>
        </extensions>
      </trkpt>
      <trkpt lat="36.113542331170585" lon="120.37378066632957">
        <ele>47.4</ele>
        <time>2026-07-31T22:40:45Z</time>
        <extensions>
          <gpxtpx:TrackPointExtension>
            <gpxtpx:hr>130</gpxtpx:hr>
          </gpxtpx:TrackPointExtension>
        </extensions>
      </trkpt>
      <trkpt lat="36.113576327113456" lon="120.37377666495313">
        <ele>47.4</ele>
        <time>2026-07-31T22:40:47Z</time>
        <extensions>
          <gpxtpx:TrackPointExtension>
            <gpxtpx:hr>130</gpxtpx:hr>
          </gpxtpx:TrackPointExtension>
        </extensions>
      </trkpt>
      <trkpt lat="36.11359731654728" lon="120.37378265950029">
        <ele>47.4</ele>
        <time>2026-07-31T22:40:48Z</time>
        <extensions>
          <gpxtpx:TrackPointExtension>
            <gpxtpx:hr>130</gpxtpx:hr>
          </gpxtpx:TrackPointExtension>
        </extensions>
      </trkpt>
      <trkpt lat="36.11361729099861" lon="120.37380464547118">
        <ele>48.2</ele>
        <time>2026-07-31T22:40:49Z</time>
        <extensions>
          <gpxtpx:TrackPointExtension>
            <gpxtpx:hr>129</gpxtpx:hr>
          </gpxtpx:TrackPointExtension>
        </extensions>
      </trkpt>
      <trkpt lat="36.11364326787914" lon="120.37382263300188">
        <ele>48.2</ele>
        <time>2026-07-31T22:40:50Z</time>
        <extensions>
          <gpxtpx:TrackPointExtension>
            <gpxtpx:hr>129</gpxtpx:hr>
          </gpxtpx:TrackPointExtension>
        </extensions>
      </trkpt>
      <trkpt lat="36.11366424972534" lon="120.37383662323182">
        <ele>48.2</ele>
        <time>2026-07-31T22:40:51Z</time>
        <extensions>
          <gpxtpx:TrackPointExtension>
            <gpxtpx:hr>129</gpxtpx:hr>
          </gpxtpx:TrackPointExtension>
        </extensions>
      </trkpt>
      <trkpt lat="36.11368522778269" lon="120.373854611309">
        <ele>48.2</ele>
        <time>2026-07-31T22:40:52Z</time>
        <extensions>
          <gpxtpx:TrackPointExtension>
            <gpxtpx:hr>129</gpxtpx:hr>
          </gpxtpx:TrackPointExtension>
        </extensions>
      </trkpt>
      <trkpt lat="36.113710213461815" lon="120.37386360383873">
        <ele>48.2</ele>
        <time>2026-07-31T22:40:53Z</time>
        <extensions>
          <gpxtpx:TrackPointExtension>
            <gpxtpx:hr>129</gpxtpx:hr>
          </gpxtpx:TrackPointExtension>
        </extensions>
      </trkpt>
      <trkpt lat="36.11374118922328" lon="120.37388159089235">
        <ele>48.2</ele>
        <time>2026-07-31T22:40:54Z</time>
        <extensions>
          <gpxtpx:TrackPointExtension>
            <gpxtpx:hr>129</gpxtpx:hr>
          </gpxtpx:TrackPointExtension>
        </extensions>
      </trkpt>
      <trkpt lat="36.11377118038829" lon="120.37388358668193">
        <ele>48.2</ele>
        <time>2026-07-31T22:40:55Z</time>
        <extensions>
          <gpxtpx:TrackPointExtension>
            <gpxtpx:hr>129</gpxtpx:hr>
          </gpxtpx:TrackPointExtension>
        </extensions>
      </trkpt>
      <trkpt lat="36.113806156184246" lon="120.37390057387135">
        <ele>48.2</ele>
        <time>2026-07-31T22:40:56Z</time>
        <extensions>
          <gpxtpx:TrackPointExtension>
            <gpxtpx:hr>129</gpxtpx:hr>
          </gpxtpx:TrackPointExtension>
        </extensions>
      </trkpt>
      <trkpt lat="36.113825134744836" lon="120.37391856220619">
        <ele>48.2</ele>
        <time>2026-07-31T22:40:57Z</time>
        <extensions>
          <gpxtpx:TrackPointExtension>
            <gpxtpx:hr>129</gpxtpx:hr>
          </gpxtpx:TrackPointExtension>
        </extensions>
      </trkpt>
      <trkpt lat="36.113836119897684" lon="120.37393155407415">
        <ele>48.2</ele>
        <time>2026-07-31T22:40:58Z</time>
        <extensions>
          <gpxtpx:TrackPointExtension>
            <gpxtpx:hr>129</gpxtpx:hr>
          </gpxtpx:TrackPointExtension>
        </extensions>
      </trkpt>
      <trkpt lat="36.11384011045872" lon="120.37394054882596">
        <ele>47.9</ele>
        <time>2026-07-31T22:40:59Z</time>
        <extensions>
          <gpxtpx:TrackPointExtension>
            <gpxtpx:hr>130</gpxtpx:hr>
          </gpxtpx:TrackPointExtension>
        </extensions>
      </trkpt>
      <trkpt lat="36.11384409629568" lon="120.373954540901">
        <ele>47.9</ele>
        <time>2026-07-31T22:41:00Z</time>
        <extensions>
          <gpxtpx:TrackPointExtension>
            <gpxtpx:hr>130</gpxtpx:hr>
          </gpxtpx:TrackPointExtension>
        </extensions>
      </trkpt>
      <trkpt lat="36.11387308580634" lon="120.37395853572953">
        <ele>47.9</ele>
        <time>2026-07-31T22:41:01Z</time>
        <extensions>
          <gpxtpx:TrackPointExtension>
            <gpxtpx:hr>130</gpxtpx:hr>
          </gpxtpx:TrackPointExtension>
        </extensions>
      </trkpt>
      <trkpt lat="36.11390006349789" lon="120.37397552380837">
        <ele>47.9</ele>
        <time>2026-07-31T22:41:02Z</time>
        <extensions>
          <gpxtpx:TrackPointExtension>
            <gpxtpx:hr>130</gpxtpx:hr>
          </gpxtpx:TrackPointExtension>
        </extensions>
      </trkpt>
      <trkpt lat="36.113940039136224" lon="120.3739915110764">
        <ele>47.9</ele>
        <time>2026-07-31T22:41:03Z</time>
        <extensions>
          <gpxtpx:TrackPointExtension>
            <gpxtpx:hr>130</gpxtpx:hr>
          </gpxtpx:TrackPointExtension>
        </extensions>
      </trkpt>
      <trkpt lat="36.11399399456901" lon="120.37402548729396">
        <ele>47.9</ele>
        <time>2026-07-31T22:41:05Z</time>
        <extensions>
          <gpxtpx:TrackPointExtension>
            <gpxtpx:hr>130</gpxtpx:hr>
          </gpxtpx:TrackPointExtension>
        </extensions>
      </trkpt>
      <trkpt lat="36.114016973226114" lon="120.37404247583882">
        <ele>47.9</ele>
        <time>2026-07-31T22:41:06Z</time>
        <extensions>
          <gpxtpx:TrackPointExtension>
            <gpxtpx:hr>130</gpxtpx:hr>
          </gpxtpx:TrackPointExtension>
        </extensions>
      </trkpt>
      <trkpt lat="36.114043946260736" lon="120.37406446132144">
        <ele>47.9</ele>
        <time>2026-07-31T22:41:07Z</time>
        <extensions>
          <gpxtpx:TrackPointExtension>
            <gpxtpx:hr>130</gpxtpx:hr>
          </gpxtpx:TrackPointExtension>
        </extensions>
      </trkpt>
      <trkpt lat="36.11406891977526" lon="120.37408644703346">
        <ele>47.9</ele>
        <time>2026-07-31T22:41:08Z</time>
        <extensions>
          <gpxtpx:TrackPointExtension>
            <gpxtpx:hr>130</gpxtpx:hr>
          </gpxtpx:TrackPointExtension>
        </extensions>
      </trkpt>
      <trkpt lat="36.11408789657482" lon="120.37410643445146">
        <ele>44.7</ele>
        <time>2026-07-31T22:41:09Z</time>
        <extensions>
          <gpxtpx:TrackPointExtension>
            <gpxtpx:hr>130</gpxtpx:hr>
          </gpxtpx:TrackPointExtension>
        </extensions>
      </trkpt>
      <trkpt lat="36.114101879241694" lon="120.37412142505222">
        <ele>44.7</ele>
        <time>2026-07-31T22:41:10Z</time>
        <extensions>
          <gpxtpx:TrackPointExtension>
            <gpxtpx:hr>130</gpxtpx:hr>
          </gpxtpx:TrackPointExtension>
        </extensions>
      </trkpt>
      <trkpt lat="36.11411086119587" lon="120.37413841512834">
        <ele>44.7</ele>
        <time>2026-07-31T22:41:11Z</time>
        <extensions>
          <gpxtpx:TrackPointExtension>
            <gpxtpx:hr>130</gpxtpx:hr>
          </gpxtpx:TrackPointExtension>
        </extensions>
      </trkpt>
      <trkpt lat="36.11411384079638" lon="120.37415940373403">
        <ele>44.7</ele>
        <time>2026-07-31T22:41:12Z</time>
        <extensions>
          <gpxtpx:TrackPointExtension>
            <gpxtpx:hr>130</gpxtpx:hr>
          </gpxtpx:TrackPointExtension>
        </extensions>
      </trkpt>
      <trkpt lat="36.11411681947546" lon="120.37418139183221">
        <ele>44.7</ele>
        <time>2026-07-31T22:41:13Z</time>
        <extensions>
          <gpxtpx:TrackPointExtension>
            <gpxtpx:hr>130</gpxtpx:hr>
          </gpxtpx:TrackPointExtension>
        </extensions>
      </trkpt>
      <trkpt lat="36.11412780193999" lon="120.3741973822685">
        <ele>44.7</ele>
        <time>2026-07-31T22:41:14Z</time>
        <extensions>
          <gpxtpx:TrackPointExtension>
            <gpxtpx:hr>132</gpxtpx:hr>
          </gpxtpx:TrackPointExtension>
        </extensions>
      </trkpt>
      <trkpt lat="36.11414378700129" lon="120.37420937429364">
        <ele>44.7</ele>
        <time>2026-07-31T22:41:15Z</time>
        <extensions>
          <gpxtpx:TrackPointExtension>
            <gpxtpx:hr>132</gpxtpx:hr>
          </gpxtpx:TrackPointExtension>
        </extensions>
      </trkpt>
      <trkpt lat="36.114168773728665" lon="120.37421736748381">
        <ele>44.7</ele>
        <time>2026-07-31T22:41:16Z</time>
        <extensions>
          <gpxtpx:TrackPointExtension>
            <gpxtpx:hr>132</gpxtpx:hr>
          </gpxtpx:TrackPointExtension>
        </extensions>
      </trkpt>
      <trkpt lat="36.114201761414215" lon="120.37422236141475">
        <ele>44.7</ele>
        <time>2026-07-31T22:41:17Z</time>
        <extensions>
          <gpxtpx:TrackPointExtension>
            <gpxtpx:hr>132</gpxtpx:hr>
          </gpxtpx:TrackPointExtension>
        </extensions>
      </trkpt>
      <trkpt lat="36.11420776002594" lon="120.37422236078824">
        <ele>44.7</ele>
        <time>2026-07-31T22:41:18Z</time>
        <extensions>
          <gpxtpx:TrackPointExtension>
            <gpxtpx:hr>132</gpxtpx:hr>
          </gpxtpx:TrackPointExtension>
        </extensions>
      </trkpt>
      <trkpt lat="36.114183768386326" lon="120.3742193648681">
        <ele>48.7</ele>
        <time>2026-07-31T22:41:19Z</time>
        <extensions>
          <gpxtpx:TrackPointExtension>
            <gpxtpx:hr>133</gpxtpx:hr>
          </gpxtpx:TrackPointExtension>
        </extensions>
      </trkpt>
      <trkpt lat="36.11413678394039" lon="120.37421437239965">
        <ele>48.7</ele>
        <time>2026-07-31T22:41:20Z</time>
        <extensions>
          <gpxtpx:TrackPointExtension>
            <gpxtpx:hr>133</gpxtpx:hr>
          </gpxtpx:TrackPointExtension>
        </extensions>
      </trkpt>
      <trkpt lat="36.11408580791108" lon="120.37420138455202">
        <ele>48.7</ele>
        <time>2026-07-31T22:41:21Z</time>
        <extensions>
          <gpxtpx:TrackPointExtension>
            <gpxtpx:hr>133</gpxtpx:hr>
          </gpxtpx:TrackPointExtension>
        </extensions>
      </trkpt>
      <trkpt lat="36.11366864820079" lon="120.37447628521494">
        <ele>48.7</ele>
        <time>2026-07-31T22:41:22Z</time>
        <extensions>
          <gpxtpx:TrackPointExtension>
            <gpxtpx:hr>133</gpxtpx:hr>
          </gpxtpx:TrackPointExtension>
        </extensions>
      </trkpt>
      <trkpt lat="36.11400887916247" lon="120.37414442261104">
        <ele>48.7</ele>
        <time>2026-07-31T22:41:24Z</time>
        <extensions>
          <gpxtpx:TrackPointExtension>
            <gpxtpx:hr>135</gpxtpx:hr>
          </gpxtpx:TrackPointExtension>
        </extensions>
      </trkpt>
      <trkpt lat="36.11361167621464" lon="120.37446029939122">
        <ele>48.7</ele>
        <time>2026-07-31T22:41:25Z</time>
        <extensions>
          <gpxtpx:TrackPointExtension>
            <gpxtpx:hr>135</gpxtpx:hr>
          </gpxtpx:TrackPointExtension>
        </extensions>
      </trkpt>
      <trkpt lat="36.11396293019346" lon="120.37410145015156">
        <ele>48.7</ele>
        <time>2026-07-31T22:41:26Z</time>
        <extensions>
          <gpxtpx:TrackPointExtension>
            <gpxtpx:hr>135</gpxtpx:hr>
          </gpxtpx:TrackPointExtension>
        </extensions>
      </trkpt>
      <trkpt lat="36.113940954091106" lon="120.37408146305104">
        <ele>48.7</ele>
        <time>2026-07-31T22:41:27Z</time>
        <extensions>
          <gpxtpx:TrackPointExtension>
            <gpxtpx:hr>135</gpxtpx:hr>
          </gpxtpx:TrackPointExtension>
        </extensions>
      </trkpt>
      <trkpt lat="36.113921969778275" lon="120.37406947140451">
        <ele>48.7</ele>
        <time>2026-07-31T22:41:28Z</time>
        <extensions>
          <gpxtpx:TrackPointExtension>
            <gpxtpx:hr>135</gpxtpx:hr>
          </gpxtpx:TrackPointExtension>
        </extensions>
      </trkpt>
      <trkpt lat="36.11389699062529" lon="120.3740534825172">
        <ele>48.4</ele>
        <time>2026-07-31T22:41:29Z</time>
        <extensions>
          <gpxtpx:TrackPointExtension>
            <gpxtpx:hr>140</gpxtpx:hr>
          </gpxtpx:TrackPointExtension>
        </extensions>
      </trkpt>
      <trkpt lat="36.11388200916809" lon="120.3740374925966">
        <ele>48.4</ele>
        <time>2026-07-31T22:41:30Z</time>
        <extensions>
          <gpxtpx:TrackPointExtension>
            <gpxtpx:hr>140</gpxtpx:hr>
          </gpxtpx:TrackPointExtension>
        </extensions>
      </trkpt>
      <trkpt lat="36.113866028894265" lon="120.37402050332442">
        <ele>48.4</ele>
        <time>2026-07-31T22:41:31Z</time>
        <extensions>
          <gpxtpx:TrackPointExtension>
            <gpxtpx:hr>140</gpxtpx:hr>
          </gpxtpx:TrackPointExtension>
        </extensions>
      </trkpt>
      <trkpt lat="36.11383906250048" lon="120.3739915216224">
        <ele>48.4</ele>
        <time>2026-07-31T22:41:33Z</time>
        <extensions>
          <gpxtpx:TrackPointExtension>
            <gpxtpx:hr>140</gpxtpx:hr>
          </gpxtpx:TrackPointExtension>
        </extensions>
      </trkpt>
      <trkpt lat="36.11383906250048" lon="120.3739915216224">
        <ele>48.4</ele>
        <time>2026-07-31T22:41:34Z</time>
        <extensions>
          <gpxtpx:TrackPointExtension>
            <gpxtpx:hr>142</gpxtpx:hr>
          </gpxtpx:TrackPointExtension>
        </extensions>
      </trkpt>
      <trkpt lat="36.11370228940749" lon="120.37378564690741">
        <ele>47.9</ele>
        <time>2026-07-31T22:41:42Z</time>
        <extensions>
          <gpxtpx:TrackPointExtension>
            <gpxtpx:hr>143</gpxtpx:hr>
          </gpxtpx:TrackPointExtension>
        </extensions>
      </trkpt>
      <trkpt lat="36.11370228940749" lon="120.37378564690741">
        <ele>47.9</ele>
        <time>2026-07-31T22:41:43Z</time>
        <extensions>
          <gpxtpx:TrackPointExtension>
            <gpxtpx:hr>143</gpxtpx:hr>
          </gpxtpx:TrackPointExtension>
        </extensions>
      </trkpt>
      <trkpt lat="36.11370228940749" lon="120.37378564690741">
        <ele>47.9</ele>
        <time>2026-07-31T22:41:44Z</time>
        <extensions>
          <gpxtpx:TrackPointExtension>
            <gpxtpx:hr>143</gpxtpx:hr>
          </gpxtpx:TrackPointExtension>
        </extensions>
      </trkpt>
      <trkpt lat="36.11370228940749" lon="120.37378564690741">
        <ele>47.9</ele>
        <time>2026-07-31T22:41:45Z</time>
        <extensions>
          <gpxtpx:TrackPointExtension>
            <gpxtpx:hr>143</gpxtpx:hr>
          </gpxtpx:TrackPointExtension>
        </extensions>
      </trkpt>
      <trkpt lat="36.11370228940749" lon="120.37378564690741">
        <ele>47.9</ele>
        <time>2026-07-31T22:41:46Z</time>
        <extensions>
          <gpxtpx:TrackPointExtension>
            <gpxtpx:hr>143</gpxtpx:hr>
          </gpxtpx:TrackPointExtension>
        </extensions>
      </trkpt>
      <trkpt lat="36.11370228940749" lon="120.37378564690741">
        <ele>47.9</ele>
        <time>2026-07-31T22:41:47Z</time>
        <extensions>
          <gpxtpx:TrackPointExtension>
            <gpxtpx:hr>143</gpxtpx:hr>
          </gpxtpx:TrackPointExtension>
        </extensions>
      </trkpt>
      <trkpt lat="36.11370228940749" lon="120.37378564690741">
        <ele>47.9</ele>
        <time>2026-07-31T22:41:48Z</time>
        <extensions>
          <gpxtpx:TrackPointExtension>
            <gpxtpx:hr>143</gpxtpx:hr>
          </gpxtpx:TrackPointExtension>
        </extensions>
      </trkpt>
      <trkpt lat="36.11370228940749" lon="120.37378564690741">
        <ele>47.8</ele>
        <time>2026-07-31T22:41:49Z</time>
        <extensions>
          <gpxtpx:TrackPointExtension>
            <gpxtpx:hr>143</gpxtpx:hr>
          </gpxtpx:TrackPointExtension>
        </extensions>
      </trkpt>
      <trkpt lat="36.11370228940749" lon="120.37378564690741">
        <ele>47.8</ele>
        <time>2026-07-31T22:41:50Z</time>
        <extensions>
          <gpxtpx:TrackPointExtension>
            <gpxtpx:hr>143</gpxtpx:hr>
          </gpxtpx:TrackPointExtension>
        </extensions>
      </trkpt>
      <trkpt lat="36.11368341395206" lon="120.3736597176587">
        <ele>47.8</ele>
        <time>2026-07-31T22:41:58Z</time>
        <extensions>
          <gpxtpx:TrackPointExtension>
            <gpxtpx:hr>143</gpxtpx:hr>
          </gpxtpx:TrackPointExtension>
        </extensions>
      </trkpt>
      <trkpt lat="36.11368341395206" lon="120.3736597176587">
        <ele>47.8</ele>
        <time>2026-07-31T22:41:59Z</time>
        <extensions>
          <gpxtpx:TrackPointExtension>
            <gpxtpx:hr>139</gpxtpx:hr>
          </gpxtpx:TrackPointExtension>
        </extensions>
      </trkpt>
      <trkpt lat="36.11368341395206" lon="120.3736597176587">
        <ele>47.8</ele>
        <time>2026-07-31T22:42:00Z</time>
        <extensions>
          <gpxtpx:TrackPointExtension>
            <gpxtpx:hr>139</gpxtpx:hr>
          </gpxtpx:TrackPointExtension>
        </extensions>
      </trkpt>
      <trkpt lat="36.11368341395206" lon="120.3736597176587">
        <ele>47.8</ele>
        <time>2026-07-31T22:42:01Z</time>
        <extensions>
          <gpxtpx:TrackPointExtension>
            <gpxtpx:hr>139</gpxtpx:hr>
          </gpxtpx:TrackPointExtension>
        </extensions>
      </trkpt>
      <trkpt lat="36.11368341395206" lon="120.3736597176587">
        <ele>47.8</ele>
        <time>2026-07-31T22:42:02Z</time>
        <extensions>
          <gpxtpx:TrackPointExtension>
            <gpxtpx:hr>139</gpxtpx:hr>
          </gpxtpx:TrackPointExtension>
        </extensions>
      </trkpt>
      <trkpt lat="36.11368341395206" lon="120.3736597176587">
        <ele>47.8</ele>
        <time>2026-07-31T22:42:03Z</time>
        <extensions>
          <gpxtpx:TrackPointExtension>
            <gpxtpx:hr>139</gpxtpx:hr>
          </gpxtpx:TrackPointExtension>
        </extensions>
      </trkpt>
      <trkpt lat="36.11368341395206" lon="120.3736597176587">
        <ele>47.8</ele>
        <time>2026-07-31T22:42:04Z</time>
        <extensions>
          <gpxtpx:TrackPointExtension>
            <gpxtpx:hr>138</gpxtpx:hr>
          </gpxtpx:TrackPointExtension>
        </extensions>
      </trkpt>
      <trkpt lat="36.11368341395206" lon="120.3736597176587">
        <ele>47.8</ele>
        <time>2026-07-31T22:42:05Z</time>
        <extensions>
          <gpxtpx:TrackPointExtension>
            <gpxtpx:hr>138</gpxtpx:hr>
          </gpxtpx:TrackPointExtension>
        </extensions>
      </trkpt>
      <trkpt lat="36.11368341395206" lon="120.3736597176587">
        <ele>47.8</ele>
        <time>2026-07-31T22:42:06Z</time>
        <extensions>
          <gpxtpx:TrackPointExtension>
            <gpxtpx:hr>138</gpxtpx:hr>
          </gpxtpx:TrackPointExtension>
        </extensions>
      </trkpt>
      <trkpt lat="36.11370039759745" lon="120.37367270875755">
        <ele>47.8</ele>
        <time>2026-07-31T22:42:07Z</time>
        <extensions>
          <gpxtpx:TrackPointExtension>
            <gpxtpx:hr>138</gpxtpx:hr>
          </gpxtpx:TrackPointExtension>
        </extensions>
      </trkpt>
      <trkpt lat="36.11370739980003" lon="120.37366871021855">
        <ele>47.8</ele>
        <time>2026-07-31T22:42:09Z</time>
        <extensions>
          <gpxtpx:TrackPointExtension>
            <gpxtpx:hr>138</gpxtpx:hr>
          </gpxtpx:TrackPointExtension>
        </extensions>
      </trkpt>
      <trkpt lat="36.11370739980003" lon="120.37366871021855">
        <ele>47.8</ele>
        <time>2026-07-31T22:42:10Z</time>
        <extensions>
          <gpxtpx:TrackPointExtension>
            <gpxtpx:hr>138</gpxtpx:hr>
          </gpxtpx:TrackPointExtension>
        </extensions>
      </trkpt>
      <trkpt lat="36.11370739980003" lon="120.37366871021855">
        <ele>47.8</ele>
        <time>2026-07-31T22:42:11Z</time>
        <extensions>
          <gpxtpx:TrackPointExtension>
            <gpxtpx:hr>138</gpxtpx:hr>
          </gpxtpx:TrackPointExtension>
        </extensions>
      </trkpt>
      <trkpt lat="36.113711411299214" lon="120.37365571692925">
        <ele>47.8</ele>
        <time>2026-07-31T22:42:12Z</time>
        <extensions>
          <gpxtpx:TrackPointExtension>
            <gpxtpx:hr>138</gpxtpx:hr>
          </gpxtpx:TrackPointExtension>
        </extensions>
      </trkpt>
      <trkpt lat="36.11372141089817" lon="120.37365371698242">
        <ele>47.8</ele>
        <time>2026-07-31T22:42:13Z</time>
        <extensions>
          <gpxtpx:TrackPointExtension>
            <gpxtpx:hr>138</gpxtpx:hr>
          </gpxtpx:TrackPointExtension>
        </extensions>
      </trkpt>
      <trkpt lat="36.113745385278186" lon="120.37367470296329">
        <ele>47.8</ele>
        <time>2026-07-31T22:42:14Z</time>
        <extensions>
          <gpxtpx:TrackPointExtension>
            <gpxtpx:hr>138</gpxtpx:hr>
          </gpxtpx:TrackPointExtension>
        </extensions>
      </trkpt>
      <trkpt lat="36.113756382733804" lon="120.37367470181474">
        <ele>47.8</ele>
        <time>2026-07-31T22:42:15Z</time>
        <extensions>
          <gpxtpx:TrackPointExtension>
            <gpxtpx:hr>138</gpxtpx:hr>
          </gpxtpx:TrackPointExtension>
        </extensions>
      </trkpt>
      <trkpt lat="36.11375438701781" lon="120.37367070421512">
        <ele>47.8</ele>
        <time>2026-07-31T22:42:16Z</time>
        <extensions>
          <gpxtpx:TrackPointExtension>
            <gpxtpx:hr>138</gpxtpx:hr>
          </gpxtpx:TrackPointExtension>
        </extensions>
      </trkpt>
      <trkpt lat="36.11376137107135" lon="120.37368569526937">
        <ele>47.8</ele>
        <time>2026-07-31T22:42:17Z</time>
        <extensions>
          <gpxtpx:TrackPointExtension>
            <gpxtpx:hr>138</gpxtpx:hr>
          </gpxtpx:TrackPointExtension>
        </extensions>
      </trkpt>
      <trkpt lat="36.11375737295149" lon="120.37368469623439">
        <ele>47.8</ele>
        <time>2026-07-31T22:42:18Z</time>
        <extensions>
          <gpxtpx:TrackPointExtension>
            <gpxtpx:hr>138</gpxtpx:hr>
          </gpxtpx:TrackPointExtension>
        </extensions>
      </trkpt>
      <trkpt lat="36.11375038221116" lon="120.37367670134569">
        <ele>48.1</ele>
        <time>2026-07-31T22:42:19Z</time>
        <extensions>
          <gpxtpx:TrackPointExtension>
            <gpxtpx:hr>138</gpxtpx:hr>
          </gpxtpx:TrackPointExtension>
        </extensions>
      </trkpt>
      <trkpt lat="36.11374538814418" lon="120.37367170460689">
        <ele>48.1</ele>
        <time>2026-07-31T22:42:20Z</time>
        <extensions>
          <gpxtpx:TrackPointExtension>
            <gpxtpx:hr>138</gpxtpx:hr>
          </gpxtpx:TrackPointExtension>
        </extensions>
      </trkpt>
      <trkpt lat="36.11374038739001" lon="120.37367370403318">
        <ele>48.1</ele>
        <time>2026-07-31T22:42:21Z</time>
        <extensions>
          <gpxtpx:TrackPointExtension>
            <gpxtpx:hr>138</gpxtpx:hr>
          </gpxtpx:TrackPointExtension>
        </extensions>
      </trkpt>
      <trkpt lat="36.11373339091984" lon="120.37367170585985">
        <ele>48.1</ele>
        <time>2026-07-31T22:42:22Z</time>
        <extensions>
          <gpxtpx:TrackPointExtension>
            <gpxtpx:hr>138</gpxtpx:hr>
          </gpxtpx:TrackPointExtension>
        </extensions>
      </trkpt>
      <trkpt lat="36.11372840545524" lon="120.37365771405709">
        <ele>48.1</ele>
        <time>2026-07-31T22:42:23Z</time>
        <extensions>
          <gpxtpx:TrackPointExtension>
            <gpxtpx:hr>138</gpxtpx:hr>
          </gpxtpx:TrackPointExtension>
        </extensions>
      </trkpt>
      <trkpt lat="36.1137194343156" lon="120.37362973037204">
        <ele>48.1</ele>
        <time>2026-07-31T22:42:24Z</time>
        <extensions>
          <gpxtpx:TrackPointExtension>
            <gpxtpx:hr>140</gpxtpx:hr>
          </gpxtpx:TrackPointExtension>
        </extensions>
      </trkpt>
      <trkpt lat="36.1137024535623" lon="120.37361374094779">
        <ele>48.1</ele>
        <time>2026-07-31T22:42:25Z</time>
        <extensions>
          <gpxtpx:TrackPointExtension>
            <gpxtpx:hr>140</gpxtpx:hr>
          </gpxtpx:TrackPointExtension>
        </extensions>
      </trkpt>
      <trkpt lat="36.113679478996346" lon="120.37359275491664">
        <ele>48.1</ele>
        <time>2026-07-31T22:42:26Z</time>
        <extensions>
          <gpxtpx:TrackPointExtension>
            <gpxtpx:hr>140</gpxtpx:hr>
          </gpxtpx:TrackPointExtension>
        </extensions>
      </trkpt>
      <trkpt lat="36.11360850500167" lon="120.3735827678447">
        <ele>48.1</ele>
        <time>2026-07-31T22:42:27Z</time>
        <extensions>
          <gpxtpx:TrackPointExtension>
            <gpxtpx:hr>140</gpxtpx:hr>
          </gpxtpx:TrackPointExtension>
        </extensions>
      </trkpt>
      <trkpt lat="36.11354252889451" lon="120.37357377970278">
        <ele>48.1</ele>
        <time>2026-07-31T22:42:28Z</time>
        <extensions>
          <gpxtpx:TrackPointExtension>
            <gpxtpx:hr>140</gpxtpx:hr>
          </gpxtpx:TrackPointExtension>
        </extensions>
      </trkpt>
      <trkpt lat="36.11348053652207" lon="120.37358078231279">
        <ele>47.9</ele>
        <time>2026-07-31T22:42:29Z</time>
        <extensions>
          <gpxtpx:TrackPointExtension>
            <gpxtpx:hr>140</gpxtpx:hr>
          </gpxtpx:TrackPointExtension>
        </extensions>
      </trkpt>
      <trkpt lat="36.113452535329635" lon="120.37358878082344">
        <ele>47.9</ele>
        <time>2026-07-31T22:42:30Z</time>
        <extensions>
          <gpxtpx:TrackPointExtension>
            <gpxtpx:hr>140</gpxtpx:hr>
          </gpxtpx:TrackPointExtension>
        </extensions>
      </trkpt>
      <trkpt lat="36.11340150881882" lon="120.37362876412469">
        <ele>47.9</ele>
        <time>2026-07-31T22:42:32Z</time>
        <extensions>
          <gpxtpx:TrackPointExtension>
            <gpxtpx:hr>140</gpxtpx:hr>
          </gpxtpx:TrackPointExtension>
        </extensions>
      </trkpt>
      <trkpt lat="36.11338149909416" lon="120.37364375797146">
        <ele>47.9</ele>
        <time>2026-07-31T22:42:33Z</time>
        <extensions>
          <gpxtpx:TrackPointExtension>
            <gpxtpx:hr>140</gpxtpx:hr>
          </gpxtpx:TrackPointExtension>
        </extensions>
      </trkpt>
      <trkpt lat="36.11335549076492" lon="120.3736587524542">
        <ele>47.9</ele>
        <time>2026-07-31T22:42:34Z</time>
        <extensions>
          <gpxtpx:TrackPointExtension>
            <gpxtpx:hr>142</gpxtpx:hr>
          </gpxtpx:TrackPointExtension>
        </extensions>
      </trkpt>
      <trkpt lat="36.11334547301244" lon="120.37367974198959">
        <ele>47.9</ele>
        <time>2026-07-31T22:42:35Z</time>
        <extensions>
          <gpxtpx:TrackPointExtension>
            <gpxtpx:hr>142</gpxtpx:hr>
          </gpxtpx:TrackPointExtension>
        </extensions>
      </trkpt>
      <trkpt lat="36.11334344865434" lon="120.37370572797536">
        <ele>47.9</ele>
        <time>2026-07-31T22:42:36Z</time>
        <extensions>
          <gpxtpx:TrackPointExtension>
            <gpxtpx:hr>142</gpxtpx:hr>
          </gpxtpx:TrackPointExtension>
        </extensions>
      </trkpt>
      <trkpt lat="36.11334243076267" lon="120.37372471770409">
        <ele>47.9</ele>
        <time>2026-07-31T22:42:37Z</time>
        <extensions>
          <gpxtpx:TrackPointExtension>
            <gpxtpx:hr>142</gpxtpx:hr>
          </gpxtpx:TrackPointExtension>
        </extensions>
      </trkpt>
      <trkpt lat="36.113373377867056" lon="120.37377268832314">
        <ele>47.9</ele>
        <time>2026-07-31T22:42:38Z</time>
        <extensions>
          <gpxtpx:TrackPointExtension>
            <gpxtpx:hr>142</gpxtpx:hr>
          </gpxtpx:TrackPointExtension>
        </extensions>
      </trkpt>
      <trkpt lat="36.11339435588432" lon="120.37379067635158">
        <ele>47.4</ele>
        <time>2026-07-31T22:42:39Z</time>
        <extensions>
          <gpxtpx:TrackPointExtension>
            <gpxtpx:hr>144</gpxtpx:hr>
          </gpxtpx:TrackPointExtension>
        </extensions>
      </trkpt>
      <trkpt lat="36.11340235498546" lon="120.3737896760592">
        <ele>47.4</ele>
        <time>2026-07-31T22:42:40Z</time>
        <extensions>
          <gpxtpx:TrackPointExtension>
            <gpxtpx:hr>144</gpxtpx:hr>
          </gpxtpx:TrackPointExtension>
        </extensions>
      </trkpt>
      <trkpt lat="36.113413356246696" lon="120.37378567708274">
        <ele>47.4</ele>
        <time>2026-07-31T22:42:41Z</time>
        <extensions>
          <gpxtpx:TrackPointExtension>
            <gpxtpx:hr>144</gpxtpx:hr>
          </gpxtpx:TrackPointExtension>
        </extensions>
      </trkpt>
      <trkpt lat="36.113421355347995" lon="120.37378467679056">
        <ele>47.4</ele>
        <time>2026-07-31T22:42:42Z</time>
        <extensions>
          <gpxtpx:TrackPointExtension>
            <gpxtpx:hr>144</gpxtpx:hr>
          </gpxtpx:TrackPointExtension>
        </extensions>
      </trkpt>
      <trkpt lat="36.11342934588816" lon="120.37379267161144">
        <ele>47.4</ele>
        <time>2026-07-31T22:42:43Z</time>
        <extensions>
          <gpxtpx:TrackPointExtension>
            <gpxtpx:hr>144</gpxtpx:hr>
          </gpxtpx:TrackPointExtension>
        </extensions>
      </trkpt>
      <trkpt lat="36.11343933216519" lon="120.37380466405668">
        <ele>47.4</ele>
        <time>2026-07-31T22:42:44Z</time>
        <extensions>
          <gpxtpx:TrackPointExtension>
            <gpxtpx:hr>144</gpxtpx:hr>
          </gpxtpx:TrackPointExtension>
        </extensions>
      </trkpt>
      <trkpt lat="36.1134503163157" lon="120.37381865532011">
        <ele>47.4</ele>
        <time>2026-07-31T22:42:45Z</time>
        <extensions>
          <gpxtpx:TrackPointExtension>
            <gpxtpx:hr>144</gpxtpx:hr>
          </gpxtpx:TrackPointExtension>
        </extensions>
      </trkpt>
      <trkpt lat="36.11346029880519" lon="120.37383464561412">
        <ele>47.4</ele>
        <time>2026-07-31T22:42:46Z</time>
        <extensions>
          <gpxtpx:TrackPointExtension>
            <gpxtpx:hr>144</gpxtpx:hr>
          </gpxtpx:TrackPointExtension>
        </extensions>
      </trkpt>
      <trkpt lat="36.11347629415541" lon="120.3738356434025">
        <ele>47.4</ele>
        <time>2026-07-31T22:42:47Z</time>
        <extensions>
          <gpxtpx:TrackPointExtension>
            <gpxtpx:hr>144</gpxtpx:hr>
          </gpxtpx:TrackPointExtension>
        </extensions>
      </trkpt>
      <trkpt lat="36.1135052808027" lon="120.37384263658866">
        <ele>47.4</ele>
        <time>2026-07-31T22:42:48Z</time>
        <extensions>
          <gpxtpx:TrackPointExtension>
            <gpxtpx:hr>144</gpxtpx:hr>
          </gpxtpx:TrackPointExtension>
        </extensions>
      </trkpt>
      <trkpt lat="36.113732103303846" lon="120.37397454188523">
        <ele>47.7</ele>
        <time>2026-07-31T22:42:57Z</time>
        <extensions>
          <gpxtpx:TrackPointExtension>
            <gpxtpx:hr>145</gpxtpx:hr>
          </gpxtpx:TrackPointExtension>
        </extensions>
      </trkpt>
      <trkpt lat="36.113732103303846" lon="120.37397454188523">
        <ele>47.7</ele>
        <time>2026-07-31T22:42:58Z</time>
        <extensions>
          <gpxtpx:TrackPointExtension>
            <gpxtpx:hr>145</gpxtpx:hr>
          </gpxtpx:TrackPointExtension>
        </extensions>
      </trkpt>
      <trkpt lat="36.113732103303846" lon="120.37397454188523">
        <ele>47.9</ele>
        <time>2026-07-31T22:42:59Z</time>
        <extensions>
          <gpxtpx:TrackPointExtension>
            <gpxtpx:hr>145</gpxtpx:hr>
          </gpxtpx:TrackPointExtension>
        </extensions>
      </trkpt>
      <trkpt lat="36.113732103303846" lon="120.37397454188523">
        <ele>47.9</ele>
        <time>2026-07-31T22:43:00Z</time>
        <extensions>
          <gpxtpx:TrackPointExtension>
            <gpxtpx:hr>145</gpxtpx:hr>
          </gpxtpx:TrackPointExtension>
        </extensions>
      </trkpt>
      <trkpt lat="36.113732103303846" lon="120.37397454188523">
        <ele>47.9</ele>
        <time>2026-07-31T22:43:01Z</time>
        <extensions>
          <gpxtpx:TrackPointExtension>
            <gpxtpx:hr>145</gpxtpx:hr>
          </gpxtpx:TrackPointExtension>
        </extensions>
      </trkpt>
      <trkpt lat="36.113732103303846" lon="120.37397454188523">
        <ele>47.9</ele>
        <time>2026-07-31T22:43:02Z</time>
        <extensions>
          <gpxtpx:TrackPointExtension>
            <gpxtpx:hr>145</gpxtpx:hr>
          </gpxtpx:TrackPointExtension>
        </extensions>
      </trkpt>
      <trkpt lat="36.113732103303846" lon="120.37397454188523">
        <ele>47.9</ele>
        <time>2026-07-31T22:43:03Z</time>
        <extensions>
          <gpxtpx:TrackPointExtension>
            <gpxtpx:hr>145</gpxtpx:hr>
          </gpxtpx:TrackPointExtension>
        </extensions>
      </trkpt>
      <trkpt lat="36.113732103303846" lon="120.37397454188523">
        <ele>47.9</ele>
        <time>2026-07-31T22:43:04Z</time>
        <extensions>
          <gpxtpx:TrackPointExtension>
            <gpxtpx:hr>144</gpxtpx:hr>
          </gpxtpx:TrackPointExtension>
        </extensions>
      </trkpt>
      <trkpt lat="36.11396680268724" lon="120.3742363786138">
        <ele>48.2</ele>
        <time>2026-07-31T22:43:13Z</time>
        <extensions>
          <gpxtpx:TrackPointExtension>
            <gpxtpx:hr>145</gpxtpx:hr>
          </gpxtpx:TrackPointExtension>
        </extensions>
      </trkpt>
      <trkpt lat="36.11396680268724" lon="120.3742363786138">
        <ele>48.2</ele>
        <time>2026-07-31T22:43:14Z</time>
        <extensions>
          <gpxtpx:TrackPointExtension>
            <gpxtpx:hr>145</gpxtpx:hr>
          </gpxtpx:TrackPointExtension>
        </extensions>
      </trkpt>
      <trkpt lat="36.11396680268724" lon="120.3742363786138">
        <ele>48.2</ele>
        <time>2026-07-31T22:43:15Z</time>
        <extensions>
          <gpxtpx:TrackPointExtension>
            <gpxtpx:hr>145</gpxtpx:hr>
          </gpxtpx:TrackPointExtension>
        </extensions>
      </trkpt>
      <trkpt lat="36.11396680268724" lon="120.3742363786138">
        <ele>48.2</ele>
        <time>2026-07-31T22:43:16Z</time>
        <extensions>
          <gpxtpx:TrackPointExtension>
            <gpxtpx:hr>145</gpxtpx:hr>
          </gpxtpx:TrackPointExtension>
        </extensions>
      </trkpt>
      <trkpt lat="36.11396680268724" lon="120.3742363786138">
        <ele>48.2</ele>
        <time>2026-07-31T22:43:17Z</time>
        <extensions>
          <gpxtpx:TrackPointExtension>
            <gpxtpx:hr>145</gpxtpx:hr>
          </gpxtpx:TrackPointExtension>
        </extensions>
      </trkpt>
      <trkpt lat="36.11396680268724" lon="120.3742363786138">
        <ele>48.2</ele>
        <time>2026-07-31T22:43:18Z</time>
        <extensions>
          <gpxtpx:TrackPointExtension>
            <gpxtpx:hr>145</gpxtpx:hr>
          </gpxtpx:TrackPointExtension>
        </extensions>
      </trkpt>
      <trkpt lat="36.11396680268724" lon="120.3742363786138">
        <ele>48.0</ele>
        <time>2026-07-31T22:43:19Z</time>
        <extensions>
          <gpxtpx:TrackPointExtension>
            <gpxtpx:hr>145</gpxtpx:hr>
          </gpxtpx:TrackPointExtension>
        </extensions>
      </trkpt>
      <trkpt lat="36.11396680268724" lon="120.3742363786138">
        <ele>48.0</ele>
        <time>2026-07-31T22:43:20Z</time>
        <extensions>
          <gpxtpx:TrackPointExtension>
            <gpxtpx:hr>145</gpxtpx:hr>
          </gpxtpx:TrackPointExtension>
        </extensions>
      </trkpt>
      <trkpt lat="36.11396680268724" lon="120.3742363786138">
        <ele>48.0</ele>
        <time>2026-07-31T22:43:21Z</time>
        <extensions>
          <gpxtpx:TrackPointExtension>
            <gpxtpx:hr>145</gpxtpx:hr>
          </gpxtpx:TrackPointExtension>
        </extensions>
      </trkpt>
      <trkpt lat="36.114047866385995" lon="120.37414841642763">
        <ele>47.9</ele>
        <time>2026-07-31T22:43:30Z</time>
        <extensions>
          <gpxtpx:TrackPointExtension>
            <gpxtpx:hr>146</gpxtpx:hr>
          </gpxtpx:TrackPointExtension>
        </extensions>
      </trkpt>
      <trkpt lat="36.114047866385995" lon="120.37414841642763">
        <ele>47.9</ele>
        <time>2026-07-31T22:43:31Z</time>
        <extensions>
          <gpxtpx:TrackPointExtension>
            <gpxtpx:hr>146</gpxtpx:hr>
          </gpxtpx:TrackPointExtension>
        </extensions>
      </trkpt>
      <trkpt lat="36.114047866385995" lon="120.37414841642763">
        <ele>47.9</ele>
        <time>2026-07-31T22:43:32Z</time>
        <extensions>
          <gpxtpx:TrackPointExtension>
            <gpxtpx:hr>146</gpxtpx:hr>
          </gpxtpx:TrackPointExtension>
        </extensions>
      </trkpt>
      <trkpt lat="36.114047866385995" lon="120.37414841642763">
        <ele>47.9</ele>
        <time>2026-07-31T22:43:33Z</time>
        <extensions>
          <gpxtpx:TrackPointExtension>
            <gpxtpx:hr>146</gpxtpx:hr>
          </gpxtpx:TrackPointExtension>
        </extensions>
      </trkpt>
      <trkpt lat="36.114047866385995" lon="120.37414841642763">
        <ele>47.9</ele>
        <time>2026-07-31T22:43:34Z</time>
        <extensions>
          <gpxtpx:TrackPointExtension>
            <gpxtpx:hr>146</gpxtpx:hr>
          </gpxtpx:TrackPointExtension>
        </extensions>
      </trkpt>
      <trkpt lat="36.114047866385995" lon="120.37414841642763">
        <ele>47.9</ele>
        <time>2026-07-31T22:43:35Z</time>
        <extensions>
          <gpxtpx:TrackPointExtension>
            <gpxtpx:hr>146</gpxtpx:hr>
          </gpxtpx:TrackPointExtension>
        </extensions>
      </trkpt>
      <trkpt lat="36.114047866385995" lon="120.37414841642763">
        <ele>47.9</ele>
        <time>2026-07-31T22:43:36Z</time>
        <extensions>
          <gpxtpx:TrackPointExtension>
            <gpxtpx:hr>146</gpxtpx:hr>
          </gpxtpx:TrackPointExtension>
        </extensions>
      </trkpt>
      <trkpt lat="36.113966996101894" lon="120.37403048744912">
        <ele>48.0</ele>
        <time>2026-07-31T22:43:46Z</time>
        <extensions>
          <gpxtpx:TrackPointExtension>
            <gpxtpx:hr>145</gpxtpx:hr>
          </gpxtpx:TrackPointExtension>
        </extensions>
      </trkpt>
      <trkpt lat="36.11394600001746" lon="120.3740314891092">
        <ele>48.0</ele>
        <time>2026-07-31T22:43:48Z</time>
        <extensions>
          <gpxtpx:TrackPointExtension>
            <gpxtpx:hr>145</gpxtpx:hr>
          </gpxtpx:TrackPointExtension>
        </extensions>
      </trkpt>
      <trkpt lat="36.11394600001746" lon="120.3740314891092">
        <ele>48.5</ele>
        <time>2026-07-31T22:43:49Z</time>
        <extensions>
          <gpxtpx:TrackPointExtension>
            <gpxtpx:hr>145</gpxtpx:hr>
          </gpxtpx:TrackPointExtension>
        </extensions>
      </trkpt>
      <trkpt lat="36.11393701812808" lon="120.37401449911042">
        <ele>48.5</ele>
        <time>2026-07-31T22:43:50Z</time>
        <extensions>
          <gpxtpx:TrackPointExtension>
            <gpxtpx:hr>145</gpxtpx:hr>
          </gpxtpx:TrackPointExtension>
        </extensions>
      </trkpt>
      <trkpt lat="36.11393203154887" lon="120.37400150657017">
        <ele>48.5</ele>
        <time>2026-07-31T22:43:51Z</time>
        <extensions>
          <gpxtpx:TrackPointExtension>
            <gpxtpx:hr>145</gpxtpx:hr>
          </gpxtpx:TrackPointExtension>
        </extensions>
      </trkpt>
      <trkpt lat="36.1139280438003" lon="120.37398951339821">
        <ele>48.5</ele>
        <time>2026-07-31T22:43:52Z</time>
        <extensions>
          <gpxtpx:TrackPointExtension>
            <gpxtpx:hr>145</gpxtpx:hr>
          </gpxtpx:TrackPointExtension>
        </extensions>
      </trkpt>
      <trkpt lat="36.11392205557507" lon="120.37397851990626">
        <ele>48.5</ele>
        <time>2026-07-31T22:43:53Z</time>
        <extensions>
          <gpxtpx:TrackPointExtension>
            <gpxtpx:hr>145</gpxtpx:hr>
          </gpxtpx:TrackPointExtension>
        </extensions>
      </trkpt>
      <trkpt lat="36.11391407254146" lon="120.37396252930574">
        <ele>48.5</ele>
        <time>2026-07-31T22:43:54Z</time>
        <extensions>
          <gpxtpx:TrackPointExtension>
            <gpxtpx:hr>145</gpxtpx:hr>
          </gpxtpx:TrackPointExtension>
        </extensions>
      </trkpt>
      <trkpt lat="36.11390408808854" lon="120.37394853785246">
        <ele>48.5</ele>
        <time>2026-07-31T22:43:55Z</time>
        <extensions>
          <gpxtpx:TrackPointExtension>
            <gpxtpx:hr>145</gpxtpx:hr>
          </gpxtpx:TrackPointExtension>
        </extensions>
      </trkpt>
      <trkpt lat="36.11389610317993" lon="120.37393454619865">
        <ele>48.5</ele>
        <time>2026-07-31T22:43:56Z</time>
        <extensions>
          <gpxtpx:TrackPointExtension>
            <gpxtpx:hr>145</gpxtpx:hr>
          </gpxtpx:TrackPointExtension>
        </extensions>
      </trkpt>
      <trkpt lat="36.11388211398782" lon="120.37392655195615">
        <ele>48.5</ele>
        <time>2026-07-31T22:43:57Z</time>
        <extensions>
          <gpxtpx:TrackPointExtension>
            <gpxtpx:hr>145</gpxtpx:hr>
          </gpxtpx:TrackPointExtension>
        </extensions>
      </trkpt>
      <trkpt lat="36.11386912740657" lon="120.37391555922451">
        <ele>48.5</ele>
        <time>2026-07-31T22:43:58Z</time>
        <extensions>
          <gpxtpx:TrackPointExtension>
            <gpxtpx:hr>145</gpxtpx:hr>
          </gpxtpx:TrackPointExtension>
        </extensions>
      </trkpt>
      <trkpt lat="36.11386013990431" lon="120.37390456608037">
        <ele>48.1</ele>
        <time>2026-07-31T22:43:59Z</time>
        <extensions>
          <gpxtpx:TrackPointExtension>
            <gpxtpx:hr>145</gpxtpx:hr>
          </gpxtpx:TrackPointExtension>
        </extensions>
      </trkpt>
      <trkpt lat="36.113848153100314" lon="120.37389357325459">
        <ele>48.1</ele>
        <time>2026-07-31T22:44:00Z</time>
        <extensions>
          <gpxtpx:TrackPointExtension>
            <gpxtpx:hr>145</gpxtpx:hr>
          </gpxtpx:TrackPointExtension>
        </extensions>
      </trkpt>
      <trkpt lat="36.113840175804086" lon="120.3738715859478">
        <ele>48.1</ele>
        <time>2026-07-31T22:44:01Z</time>
        <extensions>
          <gpxtpx:TrackPointExtension>
            <gpxtpx:hr>145</gpxtpx:hr>
          </gpxtpx:TrackPointExtension>
        </extensions>
      </trkpt>
      <trkpt lat="36.11379923274592" lon="120.37382161725488">
        <ele>48.1</ele>
        <time>2026-07-31T22:44:02Z</time>
        <extensions>
          <gpxtpx:TrackPointExtension>
            <gpxtpx:hr>145</gpxtpx:hr>
          </gpxtpx:TrackPointExtension>
        </extensions>
      </trkpt>
      <trkpt lat="36.113758279308605" lon="120.37378264268975">
        <ele>48.1</ele>
        <time>2026-07-31T22:44:03Z</time>
        <extensions>
          <gpxtpx:TrackPointExtension>
            <gpxtpx:hr>145</gpxtpx:hr>
          </gpxtpx:TrackPointExtension>
        </extensions>
      </trkpt>
      <trkpt lat="36.113688353603614" lon="120.37372168321471">
        <ele>48.1</ele>
        <time>2026-07-31T22:44:04Z</time>
        <extensions>
          <gpxtpx:TrackPointExtension>
            <gpxtpx:hr>146</gpxtpx:hr>
          </gpxtpx:TrackPointExtension>
        </extensions>
      </trkpt>
      <trkpt lat="36.113633458034826" lon="120.37362574155065">
        <ele>48.1</ele>
        <time>2026-07-31T22:44:05Z</time>
        <extensions>
          <gpxtpx:TrackPointExtension>
            <gpxtpx:hr>146</gpxtpx:hr>
          </gpxtpx:TrackPointExtension>
        </extensions>
      </trkpt>
      <trkpt lat="36.11359753439902" lon="120.37355478445717">
        <ele>48.1</ele>
        <time>2026-07-31T22:44:06Z</time>
        <extensions>
          <gpxtpx:TrackPointExtension>
            <gpxtpx:hr>146</gpxtpx:hr>
          </gpxtpx:TrackPointExtension>
        </extensions>
      </trkpt>
      <trkpt lat="36.113548599521614" lon="120.37349882060047">
        <ele>48.1</ele>
        <time>2026-07-31T22:44:07Z</time>
        <extensions>
          <gpxtpx:TrackPointExtension>
            <gpxtpx:hr>146</gpxtpx:hr>
          </gpxtpx:TrackPointExtension>
        </extensions>
      </trkpt>
      <trkpt lat="36.113503620507814" lon="120.37348783140911">
        <ele>48.1</ele>
        <time>2026-07-31T22:44:08Z</time>
        <extensions>
          <gpxtpx:TrackPointExtension>
            <gpxtpx:hr>146</gpxtpx:hr>
          </gpxtpx:TrackPointExtension>
        </extensions>
      </trkpt>
      <trkpt lat="36.11345664003596" lon="120.3734788413194">
        <ele>47.7</ele>
        <time>2026-07-31T22:44:09Z</time>
        <extensions>
          <gpxtpx:TrackPointExtension>
            <gpxtpx:hr>145</gpxtpx:hr>
          </gpxtpx:TrackPointExtension>
        </extensions>
      </trkpt>
      <trkpt lat="36.113401659491636" lon="120.37347185095554">
        <ele>47.7</ele>
        <time>2026-07-31T22:44:10Z</time>
        <extensions>
          <gpxtpx:TrackPointExtension>
            <gpxtpx:hr>145</gpxtpx:hr>
          </gpxtpx:TrackPointExtension>
        </extensions>
      </trkpt>
      <trkpt lat="36.11336967170452" lon="120.37346685707905">
        <ele>47.7</ele>
        <time>2026-07-31T22:44:11Z</time>
        <extensions>
          <gpxtpx:TrackPointExtension>
            <gpxtpx:hr>145</gpxtpx:hr>
          </gpxtpx:TrackPointExtension>
        </extensions>
      </trkpt>
      <trkpt lat="36.113326703798634" lon="120.37344387438128">
        <ele>47.7</ele>
        <time>2026-07-31T22:44:12Z</time>
        <extensions>
          <gpxtpx:TrackPointExtension>
            <gpxtpx:hr>145</gpxtpx:hr>
          </gpxtpx:TrackPointExtension>
        </extensions>
      </trkpt>
      <trkpt lat="36.11329074007894" lon="120.37341489432684">
        <ele>47.7</ele>
        <time>2026-07-31T22:44:13Z</time>
        <extensions>
          <gpxtpx:TrackPointExtension>
            <gpxtpx:hr>145</gpxtpx:hr>
          </gpxtpx:TrackPointExtension>
        </extensions>
      </trkpt>
      <trkpt lat="36.11325676916853" lon="120.37339291018003">
        <ele>47.7</ele>
        <time>2026-07-31T22:44:14Z</time>
        <extensions>
          <gpxtpx:TrackPointExtension>
            <gpxtpx:hr>145</gpxtpx:hr>
          </gpxtpx:TrackPointExtension>
        </extensions>
      </trkpt>
      <trkpt lat="36.113221795608275" lon="120.3733739244763">
        <ele>47.7</ele>
        <time>2026-07-31T22:44:15Z</time>
        <extensions>
          <gpxtpx:TrackPointExtension>
            <gpxtpx:hr>145</gpxtpx:hr>
          </gpxtpx:TrackPointExtension>
        </extensions>
      </trkpt>
      <trkpt lat="36.11313892805839" lon="120.37325699900906">
        <ele>47.7</ele>
        <time>2026-07-31T22:44:16Z</time>
        <extensions>
          <gpxtpx:TrackPointExtension>
            <gpxtpx:hr>145</gpxtpx:hr>
          </gpxtpx:TrackPointExtension>
        </extensions>
      </trkpt>
      <trkpt lat="36.11314093632824" lon="120.37324800389077">
        <ele>47.7</ele>
        <time>2026-07-31T22:44:17Z</time>
        <extensions>
          <gpxtpx:TrackPointExtension>
            <gpxtpx:hr>145</gpxtpx:hr>
          </gpxtpx:TrackPointExtension>
        </extensions>
      </trkpt>
      <trkpt lat="36.113129956344714" lon="120.37323001523052">
        <ele>47.7</ele>
        <time>2026-07-31T22:44:18Z</time>
        <extensions>
          <gpxtpx:TrackPointExtension>
            <gpxtpx:hr>145</gpxtpx:hr>
          </gpxtpx:TrackPointExtension>
        </extensions>
      </trkpt>
      <trkpt lat="36.11304400926432" lon="120.37319604349676">
        <ele>47.2</ele>
        <time>2026-07-31T22:44:20Z</time>
        <extensions>
          <gpxtpx:TrackPointExtension>
            <gpxtpx:hr>147</gpxtpx:hr>
          </gpxtpx:TrackPointExtension>
        </extensions>
      </trkpt>
      <trkpt lat="36.113013016431374" lon="120.37319604673336">
        <ele>47.2</ele>
        <time>2026-07-31T22:44:21Z</time>
        <extensions>
          <gpxtpx:TrackPointExtension>
            <gpxtpx:hr>147</gpxtpx:hr>
          </gpxtpx:TrackPointExtension>
        </extensions>
      </trkpt>
      <trkpt lat="36.1129860246181" lon="120.37319405068837">
        <ele>47.2</ele>
        <time>2026-07-31T22:44:22Z</time>
        <extensions>
          <gpxtpx:TrackPointExtension>
            <gpxtpx:hr>147</gpxtpx:hr>
          </gpxtpx:TrackPointExtension>
        </extensions>
      </trkpt>
      <trkpt lat="36.11295703521207" lon="120.37319005598874">
        <ele>47.2</ele>
        <time>2026-07-31T22:44:23Z</time>
        <extensions>
          <gpxtpx:TrackPointExtension>
            <gpxtpx:hr>147</gpxtpx:hr>
          </gpxtpx:TrackPointExtension>
        </extensions>
      </trkpt>
      <trkpt lat="36.11292804483389" lon="120.3731870607214">
        <ele>47.2</ele>
        <time>2026-07-31T22:44:24Z</time>
        <extensions>
          <gpxtpx:TrackPointExtension>
            <gpxtpx:hr>144</gpxtpx:hr>
          </gpxtpx:TrackPointExtension>
        </extensions>
      </trkpt>
      <trkpt lat="36.11289804885168" lon="120.37319006214867">
        <ele>47.2</ele>
        <time>2026-07-31T22:44:25Z</time>
        <extensions>
          <gpxtpx:TrackPointExtension>
            <gpxtpx:hr>144</gpxtpx:hr>
          </gpxtpx:TrackPointExtension>
        </extensions>
      </trkpt>
      <trkpt lat="36.112866046526385" lon="120.37320005980935">
        <ele>47.2</ele>
        <time>2026-07-31T22:44:26Z</time>
        <extensions>
          <gpxtpx:TrackPointExtension>
            <gpxtpx:hr>144</gpxtpx:hr>
          </gpxtpx:TrackPointExtension>
        </extensions>
      </trkpt>
      <trkpt lat="36.11284003990236" lon="120.3732130551458">
        <ele>47.2</ele>
        <time>2026-07-31T22:44:27Z</time>
        <extensions>
          <gpxtpx:TrackPointExtension>
            <gpxtpx:hr>144</gpxtpx:hr>
          </gpxtpx:TrackPointExtension>
        </extensions>
      </trkpt>
      <trkpt lat="36.11281103106427" lon="120.37322904910258">
        <ele>47.2</ele>
        <time>2026-07-31T22:44:28Z</time>
        <extensions>
          <gpxtpx:TrackPointExtension>
            <gpxtpx:hr>144</gpxtpx:hr>
          </gpxtpx:TrackPointExtension>
        </extensions>
      </trkpt>
      <trkpt lat="36.11278402274333" lon="120.37324404342726">
        <ele>46.4</ele>
        <time>2026-07-31T22:44:29Z</time>
        <extensions>
          <gpxtpx:TrackPointExtension>
            <gpxtpx:hr>143</gpxtpx:hr>
          </gpxtpx:TrackPointExtension>
        </extensions>
      </trkpt>
      <trkpt lat="36.11258688547567" lon="120.37343295777852">
        <ele>46.4</ele>
        <time>2026-07-31T22:44:39Z</time>
        <extensions>
          <gpxtpx:TrackPointExtension>
            <gpxtpx:hr>144</gpxtpx:hr>
          </gpxtpx:TrackPointExtension>
        </extensions>
      </trkpt>
      <trkpt lat="36.11258688547567" lon="120.37343295777852">
        <ele>46.4</ele>
        <time>2026-07-31T22:44:40Z</time>
        <extensions>
          <gpxtpx:TrackPointExtension>
            <gpxtpx:hr>144</gpxtpx:hr>
          </gpxtpx:TrackPointExtension>
        </extensions>
      </trkpt>
      <trkpt lat="36.11258688547567" lon="120.37343295777852">
        <ele>46.4</ele>
        <time>2026-07-31T22:44:41Z</time>
        <extensions>
          <gpxtpx:TrackPointExtension>
            <gpxtpx:hr>144</gpxtpx:hr>
          </gpxtpx:TrackPointExtension>
        </extensions>
      </trkpt>
      <trkpt lat="36.11258688547567" lon="120.37343295777852">
        <ele>46.4</ele>
        <time>2026-07-31T22:44:42Z</time>
        <extensions>
          <gpxtpx:TrackPointExtension>
            <gpxtpx:hr>144</gpxtpx:hr>
          </gpxtpx:TrackPointExtension>
        </extensions>
      </trkpt>
      <trkpt lat="36.11258688547567" lon="120.37343295777852">
        <ele>46.4</ele>
        <time>2026-07-31T22:44:43Z</time>
        <extensions>
          <gpxtpx:TrackPointExtension>
            <gpxtpx:hr>144</gpxtpx:hr>
          </gpxtpx:TrackPointExtension>
        </extensions>
      </trkpt>
      <trkpt lat="36.11258688547567" lon="120.37343295777852">
        <ele>46.4</ele>
        <time>2026-07-31T22:44:44Z</time>
        <extensions>
          <gpxtpx:TrackPointExtension>
            <gpxtpx:hr>143</gpxtpx:hr>
          </gpxtpx:TrackPointExtension>
        </extensions>
      </trkpt>
      <trkpt lat="36.11258688547567" lon="120.37343295777852">
        <ele>46.4</ele>
        <time>2026-07-31T22:44:45Z</time>
        <extensions>
          <gpxtpx:TrackPointExtension>
            <gpxtpx:hr>143</gpxtpx:hr>
          </gpxtpx:TrackPointExtension>
        </extensions>
      </trkpt>
      <trkpt lat="36.11258688547567" lon="120.37343295777852">
        <ele>46.4</ele>
        <time>2026-07-31T22:44:46Z</time>
        <extensions>
          <gpxtpx:TrackPointExtension>
            <gpxtpx:hr>143</gpxtpx:hr>
          </gpxtpx:TrackPointExtension>
        </extensions>
      </trkpt>
      <trkpt lat="36.11258688547567" lon="120.37343295777852">
        <ele>46.4</ele>
        <time>2026-07-31T22:44:47Z</time>
        <extensions>
          <gpxtpx:TrackPointExtension>
            <gpxtpx:hr>143</gpxtpx:hr>
          </gpxtpx:TrackPointExtension>
        </extensions>
      </trkpt>
      <trkpt lat="36.11243371442509" lon="120.37364785475513">
        <ele>46.2</ele>
        <time>2026-07-31T22:44:55Z</time>
        <extensions>
          <gpxtpx:TrackPointExtension>
            <gpxtpx:hr>143</gpxtpx:hr>
          </gpxtpx:TrackPointExtension>
        </extensions>
      </trkpt>
      <trkpt lat="36.11243371442509" lon="120.37364785475513">
        <ele>46.2</ele>
        <time>2026-07-31T22:44:56Z</time>
        <extensions>
          <gpxtpx:TrackPointExtension>
            <gpxtpx:hr>143</gpxtpx:hr>
          </gpxtpx:TrackPointExtension>
        </extensions>
      </trkpt>
      <trkpt lat="36.11243371442509" lon="120.37364785475513">
        <ele>46.2</ele>
        <time>2026-07-31T22:44:57Z</time>
        <extensions>
          <gpxtpx:TrackPointExtension>
            <gpxtpx:hr>143</gpxtpx:hr>
          </gpxtpx:TrackPointExtension>
        </extensions>
      </trkpt>
      <trkpt lat="36.11243371442509" lon="120.37364785475513">
        <ele>46.2</ele>
        <time>2026-07-31T22:44:58Z</time>
        <extensions>
          <gpxtpx:TrackPointExtension>
            <gpxtpx:hr>143</gpxtpx:hr>
          </gpxtpx:TrackPointExtension>
        </extensions>
      </trkpt>
      <trkpt lat="36.11243371442509" lon="120.37364785475513">
        <ele>46.7</ele>
        <time>2026-07-31T22:44:59Z</time>
        <extensions>
          <gpxtpx:TrackPointExtension>
            <gpxtpx:hr>142</gpxtpx:hr>
          </gpxtpx:TrackPointExtension>
        </extensions>
      </trkpt>
      <trkpt lat="36.11243371442509" lon="120.37364785475513">
        <ele>46.7</ele>
        <time>2026-07-31T22:45:00Z</time>
        <extensions>
          <gpxtpx:TrackPointExtension>
            <gpxtpx:hr>142</gpxtpx:hr>
          </gpxtpx:TrackPointExtension>
        </extensions>
      </trkpt>
      <trkpt lat="36.11243371442509" lon="120.37364785475513">
        <ele>46.7</ele>
        <time>2026-07-31T22:45:01Z</time>
        <extensions>
          <gpxtpx:TrackPointExtension>
            <gpxtpx:hr>142</gpxtpx:hr>
          </gpxtpx:TrackPointExtension>
        </extensions>
      </trkpt>
      <trkpt lat="36.11243371442509" lon="120.37364785475513">
        <ele>46.7</ele>
        <time>2026-07-31T22:45:02Z</time>
        <extensions>
          <gpxtpx:TrackPointExtension>
            <gpxtpx:hr>142</gpxtpx:hr>
          </gpxtpx:TrackPointExtension>
        </extensions>
      </trkpt>
      <trkpt lat="36.11243371442509" lon="120.37364785475513">
        <ele>46.7</ele>
        <time>2026-07-31T22:45:03Z</time>
        <extensions>
          <gpxtpx:TrackPointExtension>
            <gpxtpx:hr>142</gpxtpx:hr>
          </gpxtpx:TrackPointExtension>
        </extensions>
      </trkpt>
      <trkpt lat="36.11232555549237" lon="120.37384076087469">
        <ele>46.9</ele>
        <time>2026-07-31T22:45:12Z</time>
        <extensions>
          <gpxtpx:TrackPointExtension>
            <gpxtpx:hr>140</gpxtpx:hr>
          </gpxtpx:TrackPointExtension>
        </extensions>
      </trkpt>
      <trkpt lat="36.11232555549237" lon="120.37384076087469">
        <ele>46.9</ele>
        <time>2026-07-31T22:45:13Z</time>
        <extensions>
          <gpxtpx:TrackPointExtension>
            <gpxtpx:hr>140</gpxtpx:hr>
          </gpxtpx:TrackPointExtension>
        </extensions>
      </trkpt>
      <trkpt lat="36.11232555549237" lon="120.37384076087469">
        <ele>46.9</ele>
        <time>2026-07-31T22:45:14Z</time>
        <extensions>
          <gpxtpx:TrackPointExtension>
            <gpxtpx:hr>140</gpxtpx:hr>
          </gpxtpx:TrackPointExtension>
        </extensions>
      </trkpt>
      <trkpt lat="36.11232555549237" lon="120.37384076087469">
        <ele>46.9</ele>
        <time>2026-07-31T22:45:15Z</time>
        <extensions>
          <gpxtpx:TrackPointExtension>
            <gpxtpx:hr>140</gpxtpx:hr>
          </gpxtpx:TrackPointExtension>
        </extensions>
      </trkpt>
      <trkpt lat="36.11232555549237" lon="120.37384076087469">
        <ele>46.9</ele>
        <time>2026-07-31T22:45:16Z</time>
        <extensions>
          <gpxtpx:TrackPointExtension>
            <gpxtpx:hr>140</gpxtpx:hr>
          </gpxtpx:TrackPointExtension>
        </extensions>
      </trkpt>
      <trkpt lat="36.11232555549237" lon="120.37384076087469">
        <ele>46.9</ele>
        <time>2026-07-31T22:45:17Z</time>
        <extensions>
          <gpxtpx:TrackPointExtension>
            <gpxtpx:hr>140</gpxtpx:hr>
          </gpxtpx:TrackPointExtension>
        </extensions>
      </trkpt>
      <trkpt lat="36.11232555549237" lon="120.37384076087469">
        <ele>46.9</ele>
        <time>2026-07-31T22:45:18Z</time>
        <extensions>
          <gpxtpx:TrackPointExtension>
            <gpxtpx:hr>140</gpxtpx:hr>
          </gpxtpx:TrackPointExtension>
        </extensions>
      </trkpt>
      <trkpt lat="36.11232555549237" lon="120.37384076087469">
        <ele>46.7</ele>
        <time>2026-07-31T22:45:19Z</time>
        <extensions>
          <gpxtpx:TrackPointExtension>
            <gpxtpx:hr>140</gpxtpx:hr>
          </gpxtpx:TrackPointExtension>
        </extensions>
      </trkpt>
      <trkpt lat="36.11232555549237" lon="120.37384076087469">
        <ele>46.7</ele>
        <time>2026-07-31T22:45:20Z</time>
        <extensions>
          <gpxtpx:TrackPointExtension>
            <gpxtpx:hr>140</gpxtpx:hr>
          </gpxtpx:TrackPointExtension>
        </extensions>
      </trkpt>
      <trkpt lat="36.11230353211128" lon="120.37387074696782">
        <ele>46.7</ele>
        <time>2026-07-31T22:45:21Z</time>
        <extensions>
          <gpxtpx:TrackPointExtension>
            <gpxtpx:hr>140</gpxtpx:hr>
          </gpxtpx:TrackPointExtension>
        </extensions>
      </trkpt>
      <trkpt lat="36.11226549162909" lon="120.37392272293914">
        <ele>46.7</ele>
        <time>2026-07-31T22:45:22Z</time>
        <extensions>
          <gpxtpx:TrackPointExtension>
            <gpxtpx:hr>140</gpxtpx:hr>
          </gpxtpx:TrackPointExtension>
        </extensions>
      </trkpt>
      <trkpt lat="36.11226549162909" lon="120.37392272293914">
        <ele>46.7</ele>
        <time>2026-07-31T22:45:23Z</time>
        <extensions>
          <gpxtpx:TrackPointExtension>
            <gpxtpx:hr>140</gpxtpx:hr>
          </gpxtpx:TrackPointExtension>
        </extensions>
      </trkpt>
      <trkpt lat="36.112246466696945" lon="120.37395370828747">
        <ele>46.7</ele>
        <time>2026-07-31T22:45:24Z</time>
        <extensions>
          <gpxtpx:TrackPointExtension>
            <gpxtpx:hr>140</gpxtpx:hr>
          </gpxtpx:TrackPointExtension>
        </extensions>
      </trkpt>
      <trkpt lat="36.112229438504365" lon="120.37398769186404">
        <ele>46.7</ele>
        <time>2026-07-31T22:45:25Z</time>
        <extensions>
          <gpxtpx:TrackPointExtension>
            <gpxtpx:hr>140</gpxtpx:hr>
          </gpxtpx:TrackPointExtension>
        </extensions>
      </trkpt>
      <trkpt lat="36.11221341295084" lon="120.37401867698475">
        <ele>46.7</ele>
        <time>2026-07-31T22:45:26Z</time>
        <extensions>
          <gpxtpx:TrackPointExtension>
            <gpxtpx:hr>140</gpxtpx:hr>
          </gpxtpx:TrackPointExtension>
        </extensions>
      </trkpt>
      <trkpt lat="36.11219739779477" lon="120.37403866799967">
        <ele>46.7</ele>
        <time>2026-07-31T22:45:27Z</time>
        <extensions>
          <gpxtpx:TrackPointExtension>
            <gpxtpx:hr>140</gpxtpx:hr>
          </gpxtpx:TrackPointExtension>
        </extensions>
      </trkpt>
      <trkpt lat="36.11218638055606" lon="120.37405965797805">
        <ele>46.7</ele>
        <time>2026-07-31T22:45:28Z</time>
        <extensions>
          <gpxtpx:TrackPointExtension>
            <gpxtpx:hr>140</gpxtpx:hr>
          </gpxtpx:TrackPointExtension>
        </extensions>
      </trkpt>
      <trkpt lat="36.11218235701205" lon="120.37408564459204">
        <ele>47.2</ele>
        <time>2026-07-31T22:45:29Z</time>
        <extensions>
          <gpxtpx:TrackPointExtension>
            <gpxtpx:hr>141</gpxtpx:hr>
          </gpxtpx:TrackPointExtension>
        </extensions>
      </trkpt>
      <trkpt lat="36.11218832836263" lon="120.37411462860311">
        <ele>47.2</ele>
        <time>2026-07-31T22:45:30Z</time>
        <extensions>
          <gpxtpx:TrackPointExtension>
            <gpxtpx:hr>141</gpxtpx:hr>
          </gpxtpx:TrackPointExtension>
        </extensions>
      </trkpt>
      <trkpt lat="36.112212272131494" lon="120.37416859758672">
        <ele>47.2</ele>
        <time>2026-07-31T22:45:31Z</time>
        <extensions>
          <gpxtpx:TrackPointExtension>
            <gpxtpx:hr>141</gpxtpx:hr>
          </gpxtpx:TrackPointExtension>
        </extensions>
      </trkpt>
      <trkpt lat="36.11223824269343" lon="120.37419358171476">
        <ele>47.2</ele>
        <time>2026-07-31T22:45:34Z</time>
        <extensions>
          <gpxtpx:TrackPointExtension>
            <gpxtpx:hr>139</gpxtpx:hr>
          </gpxtpx:TrackPointExtension>
        </extensions>
      </trkpt>
      <trkpt lat="36.11223824269343" lon="120.37419358171476">
        <ele>47.2</ele>
        <time>2026-07-31T22:45:35Z</time>
        <extensions>
          <gpxtpx:TrackPointExtension>
            <gpxtpx:hr>139</gpxtpx:hr>
          </gpxtpx:TrackPointExtension>
        </extensions>
      </trkpt>
      <trkpt lat="36.112291196746106" lon="120.3742295572813">
        <ele>47.2</ele>
        <time>2026-07-31T22:45:36Z</time>
        <extensions>
          <gpxtpx:TrackPointExtension>
            <gpxtpx:hr>139</gpxtpx:hr>
          </gpxtpx:TrackPointExtension>
        </extensions>
      </trkpt>
      <trkpt lat="36.11232615780712" lon="120.37426253635071">
        <ele>47.2</ele>
        <time>2026-07-31T22:45:37Z</time>
        <extensions>
          <gpxtpx:TrackPointExtension>
            <gpxtpx:hr>139</gpxtpx:hr>
          </gpxtpx:TrackPointExtension>
        </extensions>
      </trkpt>
      <trkpt lat="36.11235712076449" lon="120.37429451640563">
        <ele>47.2</ele>
        <time>2026-07-31T22:45:38Z</time>
        <extensions>
          <gpxtpx:TrackPointExtension>
            <gpxtpx:hr>139</gpxtpx:hr>
          </gpxtpx:TrackPointExtension>
        </extensions>
      </trkpt>
      <trkpt lat="36.11237909516001" lon="120.37431650264693">
        <ele>47.2</ele>
        <time>2026-07-31T22:45:39Z</time>
        <extensions>
          <gpxtpx:TrackPointExtension>
            <gpxtpx:hr>138</gpxtpx:hr>
          </gpxtpx:TrackPointExtension>
        </extensions>
      </trkpt>
      <trkpt lat="36.112399068171975" lon="120.37434048807866">
        <ele>47.2</ele>
        <time>2026-07-31T22:45:40Z</time>
        <extensions>
          <gpxtpx:TrackPointExtension>
            <gpxtpx:hr>138</gpxtpx:hr>
          </gpxtpx:TrackPointExtension>
        </extensions>
      </trkpt>
      <trkpt lat="36.11244201449421" lon="120.37438745922012">
        <ele>47.2</ele>
        <time>2026-07-31T22:45:41Z</time>
        <extensions>
          <gpxtpx:TrackPointExtension>
            <gpxtpx:hr>138</gpxtpx:hr>
          </gpxtpx:TrackPointExtension>
        </extensions>
      </trkpt>
      <trkpt lat="36.11245898918944" lon="120.37441044555433">
        <ele>47.2</ele>
        <time>2026-07-31T22:45:42Z</time>
        <extensions>
          <gpxtpx:TrackPointExtension>
            <gpxtpx:hr>138</gpxtpx:hr>
          </gpxtpx:TrackPointExtension>
        </extensions>
      </trkpt>
      <trkpt lat="36.11247796436957" lon="120.37443243221786">
        <ele>47.2</ele>
        <time>2026-07-31T22:45:43Z</time>
        <extensions>
          <gpxtpx:TrackPointExtension>
            <gpxtpx:hr>138</gpxtpx:hr>
          </gpxtpx:TrackPointExtension>
        </extensions>
      </trkpt>
      <trkpt lat="36.11249593887078" lon="120.37445541849189">
        <ele>47.2</ele>
        <time>2026-07-31T22:45:44Z</time>
        <extensions>
          <gpxtpx:TrackPointExtension>
            <gpxtpx:hr>137</gpxtpx:hr>
          </gpxtpx:TrackPointExtension>
        </extensions>
      </trkpt>
      <trkpt lat="36.112515914781845" lon="120.37447640560698">
        <ele>47.2</ele>
        <time>2026-07-31T22:45:45Z</time>
        <extensions>
          <gpxtpx:TrackPointExtension>
            <gpxtpx:hr>137</gpxtpx:hr>
          </gpxtpx:TrackPointExtension>
        </extensions>
      </trkpt>
      <trkpt lat="36.112534892791594" lon="120.37449539387099">
        <ele>47.2</ele>
        <time>2026-07-31T22:45:46Z</time>
        <extensions>
          <gpxtpx:TrackPointExtension>
            <gpxtpx:hr>137</gpxtpx:hr>
          </gpxtpx:TrackPointExtension>
        </extensions>
      </trkpt>
      <trkpt lat="36.112566865959245" lon="120.37451637976905">
        <ele>47.2</ele>
        <time>2026-07-31T22:45:47Z</time>
        <extensions>
          <gpxtpx:TrackPointExtension>
            <gpxtpx:hr>137</gpxtpx:hr>
          </gpxtpx:TrackPointExtension>
        </extensions>
      </trkpt>
      <trkpt lat="36.112584846076345" lon="120.37453336919236">
        <ele>47.2</ele>
        <time>2026-07-31T22:45:48Z</time>
        <extensions>
          <gpxtpx:TrackPointExtension>
            <gpxtpx:hr>137</gpxtpx:hr>
          </gpxtpx:TrackPointExtension>
        </extensions>
      </trkpt>
      <trkpt lat="36.11259982782115" lon="120.37454935945185">
        <ele>47.4</ele>
        <time>2026-07-31T22:45:49Z</time>
        <extensions>
          <gpxtpx:TrackPointExtension>
            <gpxtpx:hr>138</gpxtpx:hr>
          </gpxtpx:TrackPointExtension>
        </extensions>
      </trkpt>
      <trkpt lat="36.11260981165422" lon="120.37456435075423">
        <ele>47.4</ele>
        <time>2026-07-31T22:45:50Z</time>
        <extensions>
          <gpxtpx:TrackPointExtension>
            <gpxtpx:hr>138</gpxtpx:hr>
          </gpxtpx:TrackPointExtension>
        </extensions>
      </trkpt>
      <trkpt lat="36.112622792033434" lon="120.3745823402254">
        <ele>47.4</ele>
        <time>2026-07-31T22:45:51Z</time>
        <extensions>
          <gpxtpx:TrackPointExtension>
            <gpxtpx:hr>138</gpxtpx:hr>
          </gpxtpx:TrackPointExtension>
        </extensions>
      </trkpt>
      <trkpt lat="36.112634772655426" lon="120.3746003298149">
        <ele>47.4</ele>
        <time>2026-07-31T22:45:52Z</time>
        <extensions>
          <gpxtpx:TrackPointExtension>
            <gpxtpx:hr>138</gpxtpx:hr>
          </gpxtpx:TrackPointExtension>
        </extensions>
      </trkpt>
      <trkpt lat="36.11266274406252" lon="120.3746243147028">
        <ele>47.4</ele>
        <time>2026-07-31T22:45:53Z</time>
        <extensions>
          <gpxtpx:TrackPointExtension>
            <gpxtpx:hr>138</gpxtpx:hr>
          </gpxtpx:TrackPointExtension>
        </extensions>
      </trkpt>
      <trkpt lat="36.112665737842086" lon="120.3746303113463">
        <ele>47.4</ele>
        <time>2026-07-31T22:45:54Z</time>
        <extensions>
          <gpxtpx:TrackPointExtension>
            <gpxtpx:hr>139</gpxtpx:hr>
          </gpxtpx:TrackPointExtension>
        </extensions>
      </trkpt>
      <trkpt lat="36.112677721256524" lon="120.37464530249193">
        <ele>47.4</ele>
        <time>2026-07-31T22:45:55Z</time>
        <extensions>
          <gpxtpx:TrackPointExtension>
            <gpxtpx:hr>139</gpxtpx:hr>
          </gpxtpx:TrackPointExtension>
        </extensions>
      </trkpt>
      <trkpt lat="36.11270269339578" lon="120.37466928773937">
        <ele>47.4</ele>
        <time>2026-07-31T22:45:56Z</time>
        <extensions>
          <gpxtpx:TrackPointExtension>
            <gpxtpx:hr>139</gpxtpx:hr>
          </gpxtpx:TrackPointExtension>
        </extensions>
      </trkpt>
      <trkpt lat="36.112731660037625" lon="120.3746982700725">
        <ele>47.4</ele>
        <time>2026-07-31T22:45:57Z</time>
        <extensions>
          <gpxtpx:TrackPointExtension>
            <gpxtpx:hr>139</gpxtpx:hr>
          </gpxtpx:TrackPointExtension>
        </extensions>
      </trkpt>
      <trkpt lat="36.11275263314716" lon="120.37472225579218">
        <ele>47.4</ele>
        <time>2026-07-31T22:45:58Z</time>
        <extensions>
          <gpxtpx:TrackPointExtension>
            <gpxtpx:hr>139</gpxtpx:hr>
          </gpxtpx:TrackPointExtension>
        </extensions>
      </trkpt>
      <trkpt lat="36.112763612256785" lon="120.37474224458951">
        <ele>47.7</ele>
        <time>2026-07-31T22:45:59Z</time>
        <extensions>
          <gpxtpx:TrackPointExtension>
            <gpxtpx:hr>138</gpxtpx:hr>
          </gpxtpx:TrackPointExtension>
        </extensions>
      </trkpt>
      <trkpt lat="36.112777587022435" lon="120.37476623108545">
        <ele>47.7</ele>
        <time>2026-07-31T22:46:00Z</time>
        <extensions>
          <gpxtpx:TrackPointExtension>
            <gpxtpx:hr>138</gpxtpx:hr>
          </gpxtpx:TrackPointExtension>
        </extensions>
      </trkpt>
      <trkpt lat="36.11286657836182" lon="120.37475322831212">
        <ele>47.7</ele>
        <time>2026-07-31T22:46:01Z</time>
        <extensions>
          <gpxtpx:TrackPointExtension>
            <gpxtpx:hr>138</gpxtpx:hr>
          </gpxtpx:TrackPointExtension>
        </extensions>
      </trkpt>
      <trkpt lat="36.11287053256581" lon="120.37480220335766">
        <ele>47.7</ele>
        <time>2026-07-31T22:46:02Z</time>
        <extensions>
          <gpxtpx:TrackPointExtension>
            <gpxtpx:hr>138</gpxtpx:hr>
          </gpxtpx:TrackPointExtension>
        </extensions>
      </trkpt>
      <trkpt lat="36.11289051330924" lon="120.37481819327964">
        <ele>47.7</ele>
        <time>2026-07-31T22:46:03Z</time>
        <extensions>
          <gpxtpx:TrackPointExtension>
            <gpxtpx:hr>138</gpxtpx:hr>
          </gpxtpx:TrackPointExtension>
        </extensions>
      </trkpt>
      <trkpt lat="36.11284748762026" lon="120.37485717834095">
        <ele>47.7</ele>
        <time>2026-07-31T22:46:04Z</time>
        <extensions>
          <gpxtpx:TrackPointExtension>
            <gpxtpx:hr>139</gpxtpx:hr>
          </gpxtpx:TrackPointExtension>
        </extensions>
      </trkpt>
      <trkpt lat="36.11292346092407" lon="120.37486716543398">
        <ele>47.7</ele>
        <time>2026-07-31T22:46:05Z</time>
        <extensions>
          <gpxtpx:TrackPointExtension>
            <gpxtpx:hr>139</gpxtpx:hr>
          </gpxtpx:TrackPointExtension>
        </extensions>
      </trkpt>
      <trkpt lat="36.11288644303012" lon="120.3748961549054">
        <ele>47.7</ele>
        <time>2026-07-31T22:46:06Z</time>
        <extensions>
          <gpxtpx:TrackPointExtension>
            <gpxtpx:hr>139</gpxtpx:hr>
          </gpxtpx:TrackPointExtension>
        </extensions>
      </trkpt>
      <trkpt lat="36.11291142085028" lon="120.37491414338011">
        <ele>47.7</ele>
        <time>2026-07-31T22:46:07Z</time>
        <extensions>
          <gpxtpx:TrackPointExtension>
            <gpxtpx:hr>139</gpxtpx:hr>
          </gpxtpx:TrackPointExtension>
        </extensions>
      </trkpt>
      <trkpt lat="36.1129333920955" lon="120.37494012823059">
        <ele>47.7</ele>
        <time>2026-07-31T22:46:08Z</time>
        <extensions>
          <gpxtpx:TrackPointExtension>
            <gpxtpx:hr>139</gpxtpx:hr>
          </gpxtpx:TrackPointExtension>
        </extensions>
      </trkpt>
      <trkpt lat="36.11295935244435" lon="120.37497710727605">
        <ele>48.1</ele>
        <time>2026-07-31T22:46:10Z</time>
        <extensions>
          <gpxtpx:TrackPointExtension>
            <gpxtpx:hr>135</gpxtpx:hr>
          </gpxtpx:TrackPointExtension>
        </extensions>
      </trkpt>
      <trkpt lat="36.11300330505273" lon="120.37501808253897">
        <ele>48.1</ele>
        <time>2026-07-31T22:46:11Z</time>
        <extensions>
          <gpxtpx:TrackPointExtension>
            <gpxtpx:hr>135</gpxtpx:hr>
          </gpxtpx:TrackPointExtension>
        </extensions>
      </trkpt>
      <trkpt lat="36.11302028389511" lon="120.37503707145402">
        <ele>48.1</ele>
        <time>2026-07-31T22:46:12Z</time>
        <extensions>
          <gpxtpx:TrackPointExtension>
            <gpxtpx:hr>135</gpxtpx:hr>
          </gpxtpx:TrackPointExtension>
        </extensions>
      </trkpt>
      <trkpt lat="36.113044256604255" lon="120.37506105721042">
        <ele>48.1</ele>
        <time>2026-07-31T22:46:13Z</time>
        <extensions>
          <gpxtpx:TrackPointExtension>
            <gpxtpx:hr>135</gpxtpx:hr>
          </gpxtpx:TrackPointExtension>
        </extensions>
      </trkpt>
      <trkpt lat="36.11307223112338" lon="120.3750820440367">
        <ele>48.1</ele>
        <time>2026-07-31T22:46:14Z</time>
        <extensions>
          <gpxtpx:TrackPointExtension>
            <gpxtpx:hr>135</gpxtpx:hr>
          </gpxtpx:TrackPointExtension>
        </extensions>
      </trkpt>
      <trkpt lat="36.113089196453174" lon="120.37511602570676">
        <ele>48.1</ele>
        <time>2026-07-31T22:46:15Z</time>
        <extensions>
          <gpxtpx:TrackPointExtension>
            <gpxtpx:hr>135</gpxtpx:hr>
          </gpxtpx:TrackPointExtension>
        </extensions>
      </trkpt>
      <trkpt lat="36.11311516606067" lon="120.37514300988092">
        <ele>48.1</ele>
        <time>2026-07-31T22:46:16Z</time>
        <extensions>
          <gpxtpx:TrackPointExtension>
            <gpxtpx:hr>135</gpxtpx:hr>
          </gpxtpx:TrackPointExtension>
        </extensions>
      </trkpt>
      <trkpt lat="36.11315712117927" lon="120.37518198661282">
        <ele>48.1</ele>
        <time>2026-07-31T22:46:18Z</time>
        <extensions>
          <gpxtpx:TrackPointExtension>
            <gpxtpx:hr>135</gpxtpx:hr>
          </gpxtpx:TrackPointExtension>
        </extensions>
      </trkpt>
      <trkpt lat="36.113178096508314" lon="120.37520397379734">
        <ele>48.7</ele>
        <time>2026-07-31T22:46:19Z</time>
        <extensions>
          <gpxtpx:TrackPointExtension>
            <gpxtpx:hr>136</gpxtpx:hr>
          </gpxtpx:TrackPointExtension>
        </extensions>
      </trkpt>
      <trkpt lat="36.113196067152174" lon="120.37523195842832">
        <ele>48.7</ele>
        <time>2026-07-31T22:46:20Z</time>
        <extensions>
          <gpxtpx:TrackPointExtension>
            <gpxtpx:hr>136</gpxtpx:hr>
          </gpxtpx:TrackPointExtension>
        </extensions>
      </trkpt>
      <trkpt lat="36.11321804049291" lon="120.37525594459562">
        <ele>48.7</ele>
        <time>2026-07-31T22:46:21Z</time>
        <extensions>
          <gpxtpx:TrackPointExtension>
            <gpxtpx:hr>136</gpxtpx:hr>
          </gpxtpx:TrackPointExtension>
        </extensions>
      </trkpt>
      <trkpt lat="36.11323601836987" lon="120.37527593312223">
        <ele>48.7</ele>
        <time>2026-07-31T22:46:22Z</time>
        <extensions>
          <gpxtpx:TrackPointExtension>
            <gpxtpx:hr>136</gpxtpx:hr>
          </gpxtpx:TrackPointExtension>
        </extensions>
      </trkpt>
      <trkpt lat="36.113256993773774" lon="120.37529792039616">
        <ele>48.7</ele>
        <time>2026-07-31T22:46:23Z</time>
        <extensions>
          <gpxtpx:TrackPointExtension>
            <gpxtpx:hr>136</gpxtpx:hr>
          </gpxtpx:TrackPointExtension>
        </extensions>
      </trkpt>
      <trkpt lat="36.11327497168116" lon="120.37531790895909">
        <ele>48.7</ele>
        <time>2026-07-31T22:46:24Z</time>
        <extensions>
          <gpxtpx:TrackPointExtension>
            <gpxtpx:hr>137</gpxtpx:hr>
          </gpxtpx:TrackPointExtension>
        </extensions>
      </trkpt>
      <trkpt lat="36.11327296766329" lon="120.37532290678128">
        <ele>48.7</ele>
        <time>2026-07-31T22:46:25Z</time>
        <extensions>
          <gpxtpx:TrackPointExtension>
            <gpxtpx:hr>137</gpxtpx:hr>
          </gpxtpx:TrackPointExtension>
        </extensions>
      </trkpt>
      <trkpt lat="36.11327795217617" lon="120.37533889862914">
        <ele>48.7</ele>
        <time>2026-07-31T22:46:26Z</time>
        <extensions>
          <gpxtpx:TrackPointExtension>
            <gpxtpx:hr>137</gpxtpx:hr>
          </gpxtpx:TrackPointExtension>
        </extensions>
      </trkpt>
      <trkpt lat="36.113295922957164" lon="120.37536688342365">
        <ele>48.7</ele>
        <time>2026-07-31T22:46:28Z</time>
        <extensions>
          <gpxtpx:TrackPointExtension>
            <gpxtpx:hr>137</gpxtpx:hr>
          </gpxtpx:TrackPointExtension>
        </extensions>
      </trkpt>
      <trkpt lat="36.11335286956632" lon="120.37541185612606">
        <ele>48.5</ele>
        <time>2026-07-31T22:46:29Z</time>
        <extensions>
          <gpxtpx:TrackPointExtension>
            <gpxtpx:hr>139</gpxtpx:hr>
          </gpxtpx:TrackPointExtension>
        </extensions>
      </trkpt>
      <trkpt lat="36.11336985046384" lon="120.37542884630987">
        <ele>48.5</ele>
        <time>2026-07-31T22:46:30Z</time>
        <extensions>
          <gpxtpx:TrackPointExtension>
            <gpxtpx:hr>139</gpxtpx:hr>
          </gpxtpx:TrackPointExtension>
        </extensions>
      </trkpt>
      <trkpt lat="36.113384830051416" lon="120.37544783577134">
        <ele>48.5</ele>
        <time>2026-07-31T22:46:31Z</time>
        <extensions>
          <gpxtpx:TrackPointExtension>
            <gpxtpx:hr>139</gpxtpx:hr>
          </gpxtpx:TrackPointExtension>
        </extensions>
      </trkpt>
      <trkpt lat="36.11339780655198" lon="120.37547082357374">
        <ele>48.5</ele>
        <time>2026-07-31T22:46:32Z</time>
        <extensions>
          <gpxtpx:TrackPointExtension>
            <gpxtpx:hr>139</gpxtpx:hr>
          </gpxtpx:TrackPointExtension>
        </extensions>
      </trkpt>
      <trkpt lat="36.11341679058357" lon="120.37548381547282">
        <ele>48.5</ele>
        <time>2026-07-31T22:46:33Z</time>
        <extensions>
          <gpxtpx:TrackPointExtension>
            <gpxtpx:hr>139</gpxtpx:hr>
          </gpxtpx:TrackPointExtension>
        </extensions>
      </trkpt>
      <trkpt lat="36.113433783981996" lon="120.37548681228705">
        <ele>48.5</ele>
        <time>2026-07-31T22:46:34Z</time>
        <extensions>
          <gpxtpx:TrackPointExtension>
            <gpxtpx:hr>138</gpxtpx:hr>
          </gpxtpx:TrackPointExtension>
        </extensions>
      </trkpt>
      <trkpt lat="36.113444784998435" lon="120.37548281301918">
        <ele>48.5</ele>
        <time>2026-07-31T22:46:35Z</time>
        <extensions>
          <gpxtpx:TrackPointExtension>
            <gpxtpx:hr>138</gpxtpx:hr>
          </gpxtpx:TrackPointExtension>
        </extensions>
      </trkpt>
      <trkpt lat="36.11344478677881" lon="120.37548081395984">
        <ele>48.5</ele>
        <time>2026-07-31T22:46:36Z</time>
        <extensions>
          <gpxtpx:TrackPointExtension>
            <gpxtpx:hr>138</gpxtpx:hr>
          </gpxtpx:TrackPointExtension>
        </extensions>
      </trkpt>
      <trkpt lat="36.1134437896809" lon="120.37547781547559">
        <ele>48.5</ele>
        <time>2026-07-31T22:46:37Z</time>
        <extensions>
          <gpxtpx:TrackPointExtension>
            <gpxtpx:hr>138</gpxtpx:hr>
          </gpxtpx:TrackPointExtension>
        </extensions>
      </trkpt>
      <trkpt lat="36.11344379413302" lon="120.37547281782867">
        <ele>48.5</ele>
        <time>2026-07-31T22:46:38Z</time>
        <extensions>
          <gpxtpx:TrackPointExtension>
            <gpxtpx:hr>138</gpxtpx:hr>
          </gpxtpx:TrackPointExtension>
        </extensions>
      </trkpt>
      <trkpt lat="36.11344678275569" lon="120.37548481186984">
        <ele>49.0</ele>
        <time>2026-07-31T22:46:39Z</time>
        <extensions>
          <gpxtpx:TrackPointExtension>
            <gpxtpx:hr>138</gpxtpx:hr>
          </gpxtpx:TrackPointExtension>
        </extensions>
      </trkpt>
      <trkpt lat="36.11345976907097" lon="120.37549680487301">
        <ele>49.0</ele>
        <time>2026-07-31T22:46:40Z</time>
        <extensions>
          <gpxtpx:TrackPointExtension>
            <gpxtpx:hr>138</gpxtpx:hr>
          </gpxtpx:TrackPointExtension>
        </extensions>
      </trkpt>
      <trkpt lat="36.11347174406619" lon="120.37552179189143">
        <ele>49.0</ele>
        <time>2026-07-31T22:46:41Z</time>
        <extensions>
          <gpxtpx:TrackPointExtension>
            <gpxtpx:hr>138</gpxtpx:hr>
          </gpxtpx:TrackPointExtension>
        </extensions>
      </trkpt>
      <trkpt lat="36.11349071835314" lon="120.37554577867355">
        <ele>49.0</ele>
        <time>2026-07-31T22:46:42Z</time>
        <extensions>
          <gpxtpx:TrackPointExtension>
            <gpxtpx:hr>138</gpxtpx:hr>
          </gpxtpx:TrackPointExtension>
        </extensions>
      </trkpt>
      <trkpt lat="36.113509695322136" lon="120.3755667668804">
        <ele>49.0</ele>
        <time>2026-07-31T22:46:43Z</time>
        <extensions>
          <gpxtpx:TrackPointExtension>
            <gpxtpx:hr>138</gpxtpx:hr>
          </gpxtpx:TrackPointExtension>
        </extensions>
      </trkpt>
      <trkpt lat="36.113518686145156" lon="120.37557476220883">
        <ele>49.0</ele>
        <time>2026-07-31T22:46:44Z</time>
        <extensions>
          <gpxtpx:TrackPointExtension>
            <gpxtpx:hr>137</gpxtpx:hr>
          </gpxtpx:TrackPointExtension>
        </extensions>
      </trkpt>
      <trkpt lat="36.11353567866661" lon="120.37557875856875">
        <ele>49.0</ele>
        <time>2026-07-31T22:46:45Z</time>
        <extensions>
          <gpxtpx:TrackPointExtension>
            <gpxtpx:hr>137</gpxtpx:hr>
          </gpxtpx:TrackPointExtension>
        </extensions>
      </trkpt>
      <trkpt lat="36.113548675660006" lon="120.37557875721122">
        <ele>49.0</ele>
        <time>2026-07-31T22:46:46Z</time>
        <extensions>
          <gpxtpx:TrackPointExtension>
            <gpxtpx:hr>137</gpxtpx:hr>
          </gpxtpx:TrackPointExtension>
        </extensions>
      </trkpt>
      <trkpt lat="36.113558671574" lon="120.37558075523478">
        <ele>49.0</ele>
        <time>2026-07-31T22:46:47Z</time>
        <extensions>
          <gpxtpx:TrackPointExtension>
            <gpxtpx:hr>137</gpxtpx:hr>
          </gpxtpx:TrackPointExtension>
        </extensions>
      </trkpt>
      <trkpt lat="36.11356567261493" lon="120.37557775590209">
        <ele>49.0</ele>
        <time>2026-07-31T22:46:48Z</time>
        <extensions>
          <gpxtpx:TrackPointExtension>
            <gpxtpx:hr>137</gpxtpx:hr>
          </gpxtpx:TrackPointExtension>
        </extensions>
      </trkpt>
      <trkpt lat="36.1135956754322" lon="120.37556675789973">
        <ele>48.8</ele>
        <time>2026-07-31T22:46:50Z</time>
        <extensions>
          <gpxtpx:TrackPointExtension>
            <gpxtpx:hr>136</gpxtpx:hr>
          </gpxtpx:TrackPointExtension>
        </extensions>
      </trkpt>
      <trkpt lat="36.113617676554405" lon="120.37555975886991">
        <ele>48.8</ele>
        <time>2026-07-31T22:46:51Z</time>
        <extensions>
          <gpxtpx:TrackPointExtension>
            <gpxtpx:hr>136</gpxtpx:hr>
          </gpxtpx:TrackPointExtension>
        </extensions>
      </trkpt>
      <trkpt lat="36.11365267910995" lon="120.37554776082148">
        <ele>48.8</ele>
        <time>2026-07-31T22:46:52Z</time>
        <extensions>
          <gpxtpx:TrackPointExtension>
            <gpxtpx:hr>136</gpxtpx:hr>
          </gpxtpx:TrackPointExtension>
        </extensions>
      </trkpt>
      <trkpt lat="36.11367568355794" lon="120.37553676356444">
        <ele>48.8</ele>
        <time>2026-07-31T22:46:53Z</time>
        <extensions>
          <gpxtpx:TrackPointExtension>
            <gpxtpx:hr>136</gpxtpx:hr>
          </gpxtpx:TrackPointExtension>
        </extensions>
      </trkpt>
      <trkpt lat="36.1136966778125" lon="120.37553776090355">
        <ele>48.8</ele>
        <time>2026-07-31T22:46:54Z</time>
        <extensions>
          <gpxtpx:TrackPointExtension>
            <gpxtpx:hr>137</gpxtpx:hr>
          </gpxtpx:TrackPointExtension>
        </extensions>
      </trkpt>
      <trkpt lat="36.113715665425936" lon="120.37554675471009">
        <ele>48.8</ele>
        <time>2026-07-31T22:46:55Z</time>
        <extensions>
          <gpxtpx:TrackPointExtension>
            <gpxtpx:hr>137</gpxtpx:hr>
          </gpxtpx:TrackPointExtension>
        </extensions>
      </trkpt>
      <trkpt lat="36.11373564659943" lon="120.37556274514692">
        <ele>48.8</ele>
        <time>2026-07-31T22:46:56Z</time>
        <extensions>
          <gpxtpx:TrackPointExtension>
            <gpxtpx:hr>137</gpxtpx:hr>
          </gpxtpx:TrackPointExtension>
        </extensions>
      </trkpt>
      <trkpt lat="36.113756622231655" lon="120.37558473269448">
        <ele>48.8</ele>
        <time>2026-07-31T22:46:57Z</time>
        <extensions>
          <gpxtpx:TrackPointExtension>
            <gpxtpx:hr>137</gpxtpx:hr>
          </gpxtpx:TrackPointExtension>
        </extensions>
      </trkpt>
      <trkpt lat="36.1137775961103" lon="120.37560871933334">
        <ele>48.8</ele>
        <time>2026-07-31T22:46:58Z</time>
        <extensions>
          <gpxtpx:TrackPointExtension>
            <gpxtpx:hr>137</gpxtpx:hr>
          </gpxtpx:TrackPointExtension>
        </extensions>
      </trkpt>
      <trkpt lat="36.113796574011545" lon="120.37562870806154">
        <ele>49.5</ele>
        <time>2026-07-31T22:46:59Z</time>
        <extensions>
          <gpxtpx:TrackPointExtension>
            <gpxtpx:hr>139</gpxtpx:hr>
          </gpxtpx:TrackPointExtension>
        </extensions>
      </trkpt>
      <trkpt lat="36.11381655169601" lon="120.3756486967027">
        <ele>49.5</ele>
        <time>2026-07-31T22:47:00Z</time>
        <extensions>
          <gpxtpx:TrackPointExtension>
            <gpxtpx:hr>139</gpxtpx:hr>
          </gpxtpx:TrackPointExtension>
        </extensions>
      </trkpt>
      <trkpt lat="36.1138365267451" lon="120.37567168397482">
        <ele>49.5</ele>
        <time>2026-07-31T22:47:01Z</time>
        <extensions>
          <gpxtpx:TrackPointExtension>
            <gpxtpx:hr>139</gpxtpx:hr>
          </gpxtpx:TrackPointExtension>
        </extensions>
      </trkpt>
      <trkpt lat="36.11385749981737" lon="120.37569667024343">
        <ele>49.5</ele>
        <time>2026-07-31T22:47:02Z</time>
        <extensions>
          <gpxtpx:TrackPointExtension>
            <gpxtpx:hr>139</gpxtpx:hr>
          </gpxtpx:TrackPointExtension>
        </extensions>
      </trkpt>
      <trkpt lat="36.11387847467535" lon="120.37571965745914">
        <ele>49.5</ele>
        <time>2026-07-31T22:47:03Z</time>
        <extensions>
          <gpxtpx:TrackPointExtension>
            <gpxtpx:hr>139</gpxtpx:hr>
          </gpxtpx:TrackPointExtension>
        </extensions>
      </trkpt>
      <trkpt lat="36.11389645993604" lon="120.37573165006268">
        <ele>49.5</ele>
        <time>2026-07-31T22:47:04Z</time>
        <extensions>
          <gpxtpx:TrackPointExtension>
            <gpxtpx:hr>140</gpxtpx:hr>
          </gpxtpx:TrackPointExtension>
        </extensions>
      </trkpt>
      <trkpt lat="36.11390944459746" lon="120.3757456422768">
        <ele>49.5</ele>
        <time>2026-07-31T22:47:05Z</time>
        <extensions>
          <gpxtpx:TrackPointExtension>
            <gpxtpx:hr>140</gpxtpx:hr>
          </gpxtpx:TrackPointExtension>
        </extensions>
      </trkpt>
      <trkpt lat="36.113916434174456" lon="120.3757556369594">
        <ele>49.5</ele>
        <time>2026-07-31T22:47:06Z</time>
        <extensions>
          <gpxtpx:TrackPointExtension>
            <gpxtpx:hr>140</gpxtpx:hr>
          </gpxtpx:TrackPointExtension>
        </extensions>
      </trkpt>
      <trkpt lat="36.11392542241264" lon="120.37576663097951">
        <ele>49.5</ele>
        <time>2026-07-31T22:47:07Z</time>
        <extensions>
          <gpxtpx:TrackPointExtension>
            <gpxtpx:hr>140</gpxtpx:hr>
          </gpxtpx:TrackPointExtension>
        </extensions>
      </trkpt>
      <trkpt lat="36.11392342199556" lon="120.37576763073045">
        <ele>49.5</ele>
        <time>2026-07-31T22:47:08Z</time>
        <extensions>
          <gpxtpx:TrackPointExtension>
            <gpxtpx:hr>140</gpxtpx:hr>
          </gpxtpx:TrackPointExtension>
        </extensions>
      </trkpt>
      <trkpt lat="36.11392242134716" lon="120.375768630377">
        <ele>49.9</ele>
        <time>2026-07-31T22:47:09Z</time>
        <extensions>
          <gpxtpx:TrackPointExtension>
            <gpxtpx:hr>140</gpxtpx:hr>
          </gpxtpx:TrackPointExtension>
        </extensions>
      </trkpt>
      <trkpt lat="36.11392541713462" lon="120.37577262823264">
        <ele>49.9</ele>
        <time>2026-07-31T22:47:10Z</time>
        <extensions>
          <gpxtpx:TrackPointExtension>
            <gpxtpx:hr>140</gpxtpx:hr>
          </gpxtpx:TrackPointExtension>
        </extensions>
      </trkpt>
      <trkpt lat="36.11393640579613" lon="120.37578262250926">
        <ele>49.9</ele>
        <time>2026-07-31T22:47:11Z</time>
        <extensions>
          <gpxtpx:TrackPointExtension>
            <gpxtpx:hr>140</gpxtpx:hr>
          </gpxtpx:TrackPointExtension>
        </extensions>
      </trkpt>
      <trkpt lat="36.1139643712031" lon="120.37581460497564">
        <ele>49.9</ele>
        <time>2026-07-31T22:47:13Z</time>
        <extensions>
          <gpxtpx:TrackPointExtension>
            <gpxtpx:hr>140</gpxtpx:hr>
          </gpxtpx:TrackPointExtension>
        </extensions>
      </trkpt>
      <trkpt lat="36.113980350825756" lon="120.37583359465144">
        <ele>49.9</ele>
        <time>2026-07-31T22:47:14Z</time>
        <extensions>
          <gpxtpx:TrackPointExtension>
            <gpxtpx:hr>140</gpxtpx:hr>
          </gpxtpx:TrackPointExtension>
        </extensions>
      </trkpt>
      <trkpt lat="36.113995329816326" lon="120.37585358399322">
        <ele>49.9</ele>
        <time>2026-07-31T22:47:15Z</time>
        <extensions>
          <gpxtpx:TrackPointExtension>
            <gpxtpx:hr>140</gpxtpx:hr>
          </gpxtpx:TrackPointExtension>
        </extensions>
      </trkpt>
      <trkpt lat="36.11401330900334" lon="120.37587257349246">
        <ele>49.9</ele>
        <time>2026-07-31T22:47:16Z</time>
        <extensions>
          <gpxtpx:TrackPointExtension>
            <gpxtpx:hr>140</gpxtpx:hr>
          </gpxtpx:TrackPointExtension>
        </extensions>
      </trkpt>
      <trkpt lat="36.11403228972265" lon="120.37588956380809">
        <ele>49.9</ele>
        <time>2026-07-31T22:47:17Z</time>
        <extensions>
          <gpxtpx:TrackPointExtension>
            <gpxtpx:hr>140</gpxtpx:hr>
          </gpxtpx:TrackPointExtension>
        </extensions>
      </trkpt>
      <trkpt lat="36.114046271609276" lon="120.37590655465847">
        <ele>49.9</ele>
        <time>2026-07-31T22:47:18Z</time>
        <extensions>
          <gpxtpx:TrackPointExtension>
            <gpxtpx:hr>140</gpxtpx:hr>
          </gpxtpx:TrackPointExtension>
        </extensions>
      </trkpt>
      <trkpt lat="36.11406525234967" lon="120.37592354499931">
        <ele>50.6</ele>
        <time>2026-07-31T22:47:19Z</time>
        <extensions>
          <gpxtpx:TrackPointExtension>
            <gpxtpx:hr>141</gpxtpx:hr>
          </gpxtpx:TrackPointExtension>
        </extensions>
      </trkpt>
      <trkpt lat="36.11408223793082" lon="120.37593553781394">
        <ele>50.6</ele>
        <time>2026-07-31T22:47:20Z</time>
        <extensions>
          <gpxtpx:TrackPointExtension>
            <gpxtpx:hr>141</gpxtpx:hr>
          </gpxtpx:TrackPointExtension>
        </extensions>
      </trkpt>
      <trkpt lat="36.11408223793082" lon="120.37593553781394">
        <ele>50.6</ele>
        <time>2026-07-31T22:47:21Z</time>
        <extensions>
          <gpxtpx:TrackPointExtension>
            <gpxtpx:hr>141</gpxtpx:hr>
          </gpxtpx:TrackPointExtension>
        </extensions>
      </trkpt>
      <trkpt lat="36.114102213220676" lon="120.37595852537366">
        <ele>50.6</ele>
        <time>2026-07-31T22:47:23Z</time>
        <extensions>
          <gpxtpx:TrackPointExtension>
            <gpxtpx:hr>141</gpxtpx:hr>
          </gpxtpx:TrackPointExtension>
        </extensions>
      </trkpt>
      <trkpt lat="36.114122199867715" lon="120.37596851879151">
        <ele>50.6</ele>
        <time>2026-07-31T22:47:24Z</time>
        <extensions>
          <gpxtpx:TrackPointExtension>
            <gpxtpx:hr>140</gpxtpx:hr>
          </gpxtpx:TrackPointExtension>
        </extensions>
      </trkpt>
      <trkpt lat="36.114140180877904" lon="120.37598550928278">
        <ele>50.6</ele>
        <time>2026-07-31T22:47:25Z</time>
        <extensions>
          <gpxtpx:TrackPointExtension>
            <gpxtpx:hr>140</gpxtpx:hr>
          </gpxtpx:TrackPointExtension>
        </extensions>
      </trkpt>
      <trkpt lat="36.114141178031424" lon="120.37598850783337">
        <ele>50.6</ele>
        <time>2026-07-31T22:47:26Z</time>
        <extensions>
          <gpxtpx:TrackPointExtension>
            <gpxtpx:hr>140</gpxtpx:hr>
          </gpxtpx:TrackPointExtension>
        </extensions>
      </trkpt>
      <trkpt lat="36.114151165260594" lon="120.37600050141309">
        <ele>50.6</ele>
        <time>2026-07-31T22:47:27Z</time>
        <extensions>
          <gpxtpx:TrackPointExtension>
            <gpxtpx:hr>140</gpxtpx:hr>
          </gpxtpx:TrackPointExtension>
        </extensions>
      </trkpt>
      <trkpt lat="36.11417413555959" lon="120.37602848649168">
        <ele>50.6</ele>
        <time>2026-07-31T22:47:28Z</time>
        <extensions>
          <gpxtpx:TrackPointExtension>
            <gpxtpx:hr>140</gpxtpx:hr>
          </gpxtpx:TrackPointExtension>
        </extensions>
      </trkpt>
      <trkpt lat="36.114203096678125" lon="120.37606546697214">
        <ele>50.9</ele>
        <time>2026-07-31T22:47:29Z</time>
        <extensions>
          <gpxtpx:TrackPointExtension>
            <gpxtpx:hr>140</gpxtpx:hr>
          </gpxtpx:TrackPointExtension>
        </extensions>
      </trkpt>
      <trkpt lat="36.11423505802014" lon="120.37610144764244">
        <ele>50.9</ele>
        <time>2026-07-31T22:47:30Z</time>
        <extensions>
          <gpxtpx:TrackPointExtension>
            <gpxtpx:hr>140</gpxtpx:hr>
          </gpxtpx:TrackPointExtension>
        </extensions>
      </trkpt>
      <trkpt lat="36.11426202836362" lon="120.37612843286908">
        <ele>50.9</ele>
        <time>2026-07-31T22:47:31Z</time>
        <extensions>
          <gpxtpx:TrackPointExtension>
            <gpxtpx:hr>140</gpxtpx:hr>
          </gpxtpx:TrackPointExtension>
        </extensions>
      </trkpt>
      <trkpt lat="36.11428700179327" lon="120.37615241965956">
        <ele>50.9</ele>
        <time>2026-07-31T22:47:32Z</time>
        <extensions>
          <gpxtpx:TrackPointExtension>
            <gpxtpx:hr>140</gpxtpx:hr>
          </gpxtpx:TrackPointExtension>
        </extensions>
      </trkpt>
      <trkpt lat="36.11431397478121" lon="120.37617640626637">
        <ele>50.9</ele>
        <time>2026-07-31T22:47:33Z</time>
        <extensions>
          <gpxtpx:TrackPointExtension>
            <gpxtpx:hr>140</gpxtpx:hr>
          </gpxtpx:TrackPointExtension>
        </extensions>
      </trkpt>
      <trkpt lat="36.1143369495797" lon="120.37619939375514">
        <ele>50.9</ele>
        <time>2026-07-31T22:47:34Z</time>
        <extensions>
          <gpxtpx:TrackPointExtension>
            <gpxtpx:hr>141</gpxtpx:hr>
          </gpxtpx:TrackPointExtension>
        </extensions>
      </trkpt>
      <trkpt lat="36.11436291680014" lon="120.37623037745102">
        <ele>50.9</ele>
        <time>2026-07-31T22:47:35Z</time>
        <extensions>
          <gpxtpx:TrackPointExtension>
            <gpxtpx:hr>141</gpxtpx:hr>
          </gpxtpx:TrackPointExtension>
        </extensions>
      </trkpt>
      <trkpt lat="36.11441084797057" lon="120.37629734321266">
        <ele>50.9</ele>
        <time>2026-07-31T22:47:37Z</time>
        <extensions>
          <gpxtpx:TrackPointExtension>
            <gpxtpx:hr>141</gpxtpx:hr>
          </gpxtpx:TrackPointExtension>
        </extensions>
      </trkpt>
      <trkpt lat="36.11443482006159" lon="120.37632332941801">
        <ele>50.9</ele>
        <time>2026-07-31T22:47:38Z</time>
        <extensions>
          <gpxtpx:TrackPointExtension>
            <gpxtpx:hr>141</gpxtpx:hr>
          </gpxtpx:TrackPointExtension>
        </extensions>
      </trkpt>
      <trkpt lat="36.11445581348321" lon="120.37632532635777">
        <ele>51.2</ele>
        <time>2026-07-31T22:47:39Z</time>
        <extensions>
          <gpxtpx:TrackPointExtension>
            <gpxtpx:hr>141</gpxtpx:hr>
          </gpxtpx:TrackPointExtension>
        </extensions>
      </trkpt>
      <trkpt lat="36.114490828596736" lon="120.37629833442314">
        <ele>51.2</ele>
        <time>2026-07-31T22:47:41Z</time>
        <extensions>
          <gpxtpx:TrackPointExtension>
            <gpxtpx:hr>141</gpxtpx:hr>
          </gpxtpx:TrackPointExtension>
        </extensions>
      </trkpt>
      <trkpt lat="36.114492835017074" lon="120.37629033769319">
        <ele>51.2</ele>
        <time>2026-07-31T22:47:42Z</time>
        <extensions>
          <gpxtpx:TrackPointExtension>
            <gpxtpx:hr>141</gpxtpx:hr>
          </gpxtpx:TrackPointExtension>
        </extensions>
      </trkpt>
      <trkpt lat="36.114495835183355" lon="120.37628933781495">
        <ele>51.2</ele>
        <time>2026-07-31T22:47:43Z</time>
        <extensions>
          <gpxtpx:TrackPointExtension>
            <gpxtpx:hr>141</gpxtpx:hr>
          </gpxtpx:TrackPointExtension>
        </extensions>
      </trkpt>
      <trkpt lat="36.11450183379479" lon="120.37628933718834">
        <ele>51.2</ele>
        <time>2026-07-31T22:47:44Z</time>
        <extensions>
          <gpxtpx:TrackPointExtension>
            <gpxtpx:hr>141</gpxtpx:hr>
          </gpxtpx:TrackPointExtension>
        </extensions>
      </trkpt>
      <trkpt lat="36.11450782380225" lon="120.3762993322131">
        <ele>51.2</ele>
        <time>2026-07-31T22:47:45Z</time>
        <extensions>
          <gpxtpx:TrackPointExtension>
            <gpxtpx:hr>141</gpxtpx:hr>
          </gpxtpx:TrackPointExtension>
        </extensions>
      </trkpt>
      <trkpt lat="36.11451481874168" lon="120.3763033297438">
        <ele>51.2</ele>
        <time>2026-07-31T22:47:46Z</time>
        <extensions>
          <gpxtpx:TrackPointExtension>
            <gpxtpx:hr>141</gpxtpx:hr>
          </gpxtpx:TrackPointExtension>
        </extensions>
      </trkpt>
      <trkpt lat="36.114536771551165" lon="120.3763523062099">
        <ele>51.2</ele>
        <time>2026-07-31T22:47:47Z</time>
        <extensions>
          <gpxtpx:TrackPointExtension>
            <gpxtpx:hr>141</gpxtpx:hr>
          </gpxtpx:TrackPointExtension>
        </extensions>
      </trkpt>
      <trkpt lat="36.114538758218536" lon="120.37636729952118">
        <ele>51.2</ele>
        <time>2026-07-31T22:47:48Z</time>
        <extensions>
          <gpxtpx:TrackPointExtension>
            <gpxtpx:hr>141</gpxtpx:hr>
          </gpxtpx:TrackPointExtension>
        </extensions>
      </trkpt>
      <trkpt lat="36.11454574202279" lon="120.37638429145824">
        <ele>49.7</ele>
        <time>2026-07-31T22:47:49Z</time>
        <extensions>
          <gpxtpx:TrackPointExtension>
            <gpxtpx:hr>140</gpxtpx:hr>
          </gpxtpx:TrackPointExtension>
        </extensions>
      </trkpt>
      <trkpt lat="36.1145577203987" lon="120.37640628073554">
        <ele>49.7</ele>
        <time>2026-07-31T22:47:50Z</time>
        <extensions>
          <gpxtpx:TrackPointExtension>
            <gpxtpx:hr>140</gpxtpx:hr>
          </gpxtpx:TrackPointExtension>
        </extensions>
      </trkpt>
      <trkpt lat="36.114572698953616" lon="120.37642727014978">
        <ele>49.7</ele>
        <time>2026-07-31T22:47:51Z</time>
        <extensions>
          <gpxtpx:TrackPointExtension>
            <gpxtpx:hr>140</gpxtpx:hr>
          </gpxtpx:TrackPointExtension>
        </extensions>
      </trkpt>
      <trkpt lat="36.11458868156737" lon="120.37644326162003">
        <ele>49.7</ele>
        <time>2026-07-31T22:47:52Z</time>
        <extensions>
          <gpxtpx:TrackPointExtension>
            <gpxtpx:hr>140</gpxtpx:hr>
          </gpxtpx:TrackPointExtension>
        </extensions>
      </trkpt>
      <trkpt lat="36.114603662713435" lon="120.37646125235081">
        <ele>49.7</ele>
        <time>2026-07-31T22:47:53Z</time>
        <extensions>
          <gpxtpx:TrackPointExtension>
            <gpxtpx:hr>140</gpxtpx:hr>
          </gpxtpx:TrackPointExtension>
        </extensions>
      </trkpt>
      <trkpt lat="36.11461764495646" lon="120.37647824362702">
        <ele>49.7</ele>
        <time>2026-07-31T22:47:54Z</time>
        <extensions>
          <gpxtpx:TrackPointExtension>
            <gpxtpx:hr>141</gpxtpx:hr>
          </gpxtpx:TrackPointExtension>
        </extensions>
      </trkpt>
      <trkpt lat="36.11463462651577" lon="120.37649523460264">
        <ele>49.7</ele>
        <time>2026-07-31T22:47:55Z</time>
        <extensions>
          <gpxtpx:TrackPointExtension>
            <gpxtpx:hr>141</gpxtpx:hr>
          </gpxtpx:TrackPointExtension>
        </extensions>
      </trkpt>
      <trkpt lat="36.114653605065904" lon="120.37651522410644">
        <ele>49.7</ele>
        <time>2026-07-31T22:47:56Z</time>
        <extensions>
          <gpxtpx:TrackPointExtension>
            <gpxtpx:hr>141</gpxtpx:hr>
          </gpxtpx:TrackPointExtension>
        </extensions>
      </trkpt>
      <trkpt lat="36.11467258363076" lon="120.37653521362782">
        <ele>49.7</ele>
        <time>2026-07-31T22:47:58Z</time>
        <extensions>
          <gpxtpx:TrackPointExtension>
            <gpxtpx:hr>141</gpxtpx:hr>
          </gpxtpx:TrackPointExtension>
        </extensions>
      </trkpt>
      <trkpt lat="36.1147075380992" lon="120.37657919134699">
        <ele>49.9</ele>
        <time>2026-07-31T22:47:59Z</time>
        <extensions>
          <gpxtpx:TrackPointExtension>
            <gpxtpx:hr>141</gpxtpx:hr>
          </gpxtpx:TrackPointExtension>
        </extensions>
      </trkpt>
      <trkpt lat="36.11472851370101" lon="120.37660217945165">
        <ele>49.9</ele>
        <time>2026-07-31T22:48:00Z</time>
        <extensions>
          <gpxtpx:TrackPointExtension>
            <gpxtpx:hr>141</gpxtpx:hr>
          </gpxtpx:TrackPointExtension>
        </extensions>
      </trkpt>
      <trkpt lat="36.11474949017052" lon="120.37662416799995">
        <ele>49.9</ele>
        <time>2026-07-31T22:48:01Z</time>
        <extensions>
          <gpxtpx:TrackPointExtension>
            <gpxtpx:hr>141</gpxtpx:hr>
          </gpxtpx:TrackPointExtension>
        </extensions>
      </trkpt>
      <trkpt lat="36.114770466657845" lon="120.37664615656956">
        <ele>49.9</ele>
        <time>2026-07-31T22:48:02Z</time>
        <extensions>
          <gpxtpx:TrackPointExtension>
            <gpxtpx:hr>141</gpxtpx:hr>
          </gpxtpx:TrackPointExtension>
        </extensions>
      </trkpt>
      <trkpt lat="36.11479344354668" lon="120.37666714537006">
        <ele>49.9</ele>
        <time>2026-07-31T22:48:03Z</time>
        <extensions>
          <gpxtpx:TrackPointExtension>
            <gpxtpx:hr>141</gpxtpx:hr>
          </gpxtpx:TrackPointExtension>
        </extensions>
      </trkpt>
      <trkpt lat="36.11481342199205" lon="120.37668713492089">
        <ele>49.9</ele>
        <time>2026-07-31T22:48:04Z</time>
        <extensions>
          <gpxtpx:TrackPointExtension>
            <gpxtpx:hr>141</gpxtpx:hr>
          </gpxtpx:TrackPointExtension>
        </extensions>
      </trkpt>
      <trkpt lat="36.114832402374006" lon="120.37670512542725">
        <ele>49.9</ele>
        <time>2026-07-31T22:48:05Z</time>
        <extensions>
          <gpxtpx:TrackPointExtension>
            <gpxtpx:hr>141</gpxtpx:hr>
          </gpxtpx:TrackPointExtension>
        </extensions>
      </trkpt>
      <trkpt lat="36.11485038215485" lon="120.37672411563636">
        <ele>49.9</ele>
        <time>2026-07-31T22:48:06Z</time>
        <extensions>
          <gpxtpx:TrackPointExtension>
            <gpxtpx:hr>141</gpxtpx:hr>
          </gpxtpx:TrackPointExtension>
        </extensions>
      </trkpt>
      <trkpt lat="36.11486836279285" lon="120.37674210627654">
        <ele>49.9</ele>
        <time>2026-07-31T22:48:07Z</time>
        <extensions>
          <gpxtpx:TrackPointExtension>
            <gpxtpx:hr>141</gpxtpx:hr>
          </gpxtpx:TrackPointExtension>
        </extensions>
      </trkpt>
      <trkpt lat="36.11489033998746" lon="120.37676309527036">
        <ele>49.9</ele>
        <time>2026-07-31T22:48:08Z</time>
        <extensions>
          <gpxtpx:TrackPointExtension>
            <gpxtpx:hr>141</gpxtpx:hr>
          </gpxtpx:TrackPointExtension>
        </extensions>
      </trkpt>
      <trkpt lat="36.11493229825482" lon="120.37680107517514">
        <ele>50.6</ele>
        <time>2026-07-31T22:48:10Z</time>
        <extensions>
          <gpxtpx:TrackPointExtension>
            <gpxtpx:hr>141</gpxtpx:hr>
          </gpxtpx:TrackPointExtension>
        </extensions>
      </trkpt>
      <trkpt lat="36.114953276567526" lon="120.37682106473974">
        <ele>50.6</ele>
        <time>2026-07-31T22:48:11Z</time>
        <extensions>
          <gpxtpx:TrackPointExtension>
            <gpxtpx:hr>141</gpxtpx:hr>
          </gpxtpx:TrackPointExtension>
        </extensions>
      </trkpt>
      <trkpt lat="36.1149762527517" lon="120.37684305329165">
        <ele>50.6</ele>
        <time>2026-07-31T22:48:12Z</time>
        <extensions>
          <gpxtpx:TrackPointExtension>
            <gpxtpx:hr>141</gpxtpx:hr>
          </gpxtpx:TrackPointExtension>
        </extensions>
      </trkpt>
      <trkpt lat="36.11499822918526" lon="120.37686504196938">
        <ele>50.6</ele>
        <time>2026-07-31T22:48:13Z</time>
        <extensions>
          <gpxtpx:TrackPointExtension>
            <gpxtpx:hr>141</gpxtpx:hr>
          </gpxtpx:TrackPointExtension>
        </extensions>
      </trkpt>
      <trkpt lat="36.11502120372831" lon="120.37688902974664">
        <ele>50.6</ele>
        <time>2026-07-31T22:48:14Z</time>
        <extensions>
          <gpxtpx:TrackPointExtension>
            <gpxtpx:hr>141</gpxtpx:hr>
          </gpxtpx:TrackPointExtension>
        </extensions>
      </trkpt>
      <trkpt lat="36.11504018340672" lon="120.37690802000569">
        <ele>50.6</ele>
        <time>2026-07-31T22:48:15Z</time>
        <extensions>
          <gpxtpx:TrackPointExtension>
            <gpxtpx:hr>141</gpxtpx:hr>
          </gpxtpx:TrackPointExtension>
        </extensions>
      </trkpt>
      <trkpt lat="36.11507914257204" lon="120.37694600046721">
        <ele>50.6</ele>
        <time>2026-07-31T22:48:17Z</time>
        <extensions>
          <gpxtpx:TrackPointExtension>
            <gpxtpx:hr>141</gpxtpx:hr>
          </gpxtpx:TrackPointExtension>
        </extensions>
      </trkpt>
      <trkpt lat="36.115100120156356" lon="120.37696698975475">
        <ele>50.6</ele>
        <time>2026-07-31T22:48:18Z</time>
        <extensions>
          <gpxtpx:TrackPointExtension>
            <gpxtpx:hr>141</gpxtpx:hr>
          </gpxtpx:TrackPointExtension>
        </extensions>
      </trkpt>
      <trkpt lat="36.1151210994265" lon="120.37698597987045">
        <ele>50.2</ele>
        <time>2026-07-31T22:48:19Z</time>
        <extensions>
          <gpxtpx:TrackPointExtension>
            <gpxtpx:hr>143</gpxtpx:hr>
          </gpxtpx:TrackPointExtension>
        </extensions>
      </trkpt>
      <trkpt lat="36.11514307847846" lon="120.37700496989768">
        <ele>50.2</ele>
        <time>2026-07-31T22:48:20Z</time>
        <extensions>
          <gpxtpx:TrackPointExtension>
            <gpxtpx:hr>143</gpxtpx:hr>
          </gpxtpx:TrackPointExtension>
        </extensions>
      </trkpt>
      <trkpt lat="36.1151570635634" lon="120.37701896279044">
        <ele>50.2</ele>
        <time>2026-07-31T22:48:21Z</time>
        <extensions>
          <gpxtpx:TrackPointExtension>
            <gpxtpx:hr>143</gpxtpx:hr>
          </gpxtpx:TrackPointExtension>
        </extensions>
      </trkpt>
      <trkpt lat="36.11515905893296" lon="120.37702396056756">
        <ele>50.2</ele>
        <time>2026-07-31T22:48:22Z</time>
        <extensions>
          <gpxtpx:TrackPointExtension>
            <gpxtpx:hr>143</gpxtpx:hr>
          </gpxtpx:TrackPointExtension>
        </extensions>
      </trkpt>
      <trkpt lat="36.11518902367336" lon="120.3770579437685">
        <ele>50.2</ele>
        <time>2026-07-31T22:48:23Z</time>
        <extensions>
          <gpxtpx:TrackPointExtension>
            <gpxtpx:hr>143</gpxtpx:hr>
          </gpxtpx:TrackPointExtension>
        </extensions>
      </trkpt>
      <trkpt lat="36.115192019650564" lon="120.37706194185081">
        <ele>50.2</ele>
        <time>2026-07-31T22:48:24Z</time>
        <extensions>
          <gpxtpx:TrackPointExtension>
            <gpxtpx:hr>146</gpxtpx:hr>
          </gpxtpx:TrackPointExtension>
        </extensions>
      </trkpt>
      <trkpt lat="36.1152259868358" lon="120.37709192628958">
        <ele>50.2</ele>
        <time>2026-07-31T22:48:25Z</time>
        <extensions>
          <gpxtpx:TrackPointExtension>
            <gpxtpx:hr>146</gpxtpx:hr>
          </gpxtpx:TrackPointExtension>
        </extensions>
      </trkpt>
      <trkpt lat="36.11525596078961" lon="120.3771149139755">
        <ele>50.2</ele>
        <time>2026-07-31T22:48:26Z</time>
        <extensions>
          <gpxtpx:TrackPointExtension>
            <gpxtpx:hr>146</gpxtpx:hr>
          </gpxtpx:TrackPointExtension>
        </extensions>
      </trkpt>
      <trkpt lat="36.115280938408326" lon="120.37713490340018">
        <ele>50.2</ele>
        <time>2026-07-31T22:48:27Z</time>
        <extensions>
          <gpxtpx:TrackPointExtension>
            <gpxtpx:hr>146</gpxtpx:hr>
          </gpxtpx:TrackPointExtension>
        </extensions>
      </trkpt>
      <trkpt lat="36.11530391650494" lon="120.37715489305148">
        <ele>50.2</ele>
        <time>2026-07-31T22:48:28Z</time>
        <extensions>
          <gpxtpx:TrackPointExtension>
            <gpxtpx:hr>146</gpxtpx:hr>
          </gpxtpx:TrackPointExtension>
        </extensions>
      </trkpt>
      <trkpt lat="36.115327894384805" lon="120.37717488261607">
        <ele>50.6</ele>
        <time>2026-07-31T22:48:29Z</time>
        <extensions>
          <gpxtpx:TrackPointExtension>
            <gpxtpx:hr>145</gpxtpx:hr>
          </gpxtpx:TrackPointExtension>
        </extensions>
      </trkpt>
      <trkpt lat="36.11535287039395" lon="120.37719687130387">
        <ele>50.6</ele>
        <time>2026-07-31T22:48:30Z</time>
        <extensions>
          <gpxtpx:TrackPointExtension>
            <gpxtpx:hr>145</gpxtpx:hr>
          </gpxtpx:TrackPointExtension>
        </extensions>
      </trkpt>
      <trkpt lat="36.11537585101525" lon="120.37721386219276">
        <ele>50.6</ele>
        <time>2026-07-31T22:48:31Z</time>
        <extensions>
          <gpxtpx:TrackPointExtension>
            <gpxtpx:hr>145</gpxtpx:hr>
          </gpxtpx:TrackPointExtension>
        </extensions>
      </trkpt>
      <trkpt lat="36.115399838848276" lon="120.37722185653342">
        <ele>50.6</ele>
        <time>2026-07-31T22:48:32Z</time>
        <extensions>
          <gpxtpx:TrackPointExtension>
            <gpxtpx:hr>145</gpxtpx:hr>
          </gpxtpx:TrackPointExtension>
        </extensions>
      </trkpt>
      <trkpt lat="36.115423837421034" lon="120.37721685599682">
        <ele>50.6</ele>
        <time>2026-07-31T22:48:34Z</time>
        <extensions>
          <gpxtpx:TrackPointExtension>
            <gpxtpx:hr>145</gpxtpx:hr>
          </gpxtpx:TrackPointExtension>
        </extensions>
      </trkpt>
      <trkpt lat="36.11547283681738" lon="120.37720385600645">
        <ele>50.6</ele>
        <time>2026-07-31T22:48:35Z</time>
        <extensions>
          <gpxtpx:TrackPointExtension>
            <gpxtpx:hr>145</gpxtpx:hr>
          </gpxtpx:TrackPointExtension>
        </extensions>
      </trkpt>
      <trkpt lat="36.11549783516163" lon="120.37719885536941">
        <ele>50.6</ele>
        <time>2026-07-31T22:48:36Z</time>
        <extensions>
          <gpxtpx:TrackPointExtension>
            <gpxtpx:hr>145</gpxtpx:hr>
          </gpxtpx:TrackPointExtension>
        </extensions>
      </trkpt>
      <trkpt lat="36.115525829503994" lon="120.37719785283988">
        <ele>50.6</ele>
        <time>2026-07-31T22:48:37Z</time>
        <extensions>
          <gpxtpx:TrackPointExtension>
            <gpxtpx:hr>145</gpxtpx:hr>
          </gpxtpx:TrackPointExtension>
        </extensions>
      </trkpt>
      <trkpt lat="36.11556181703249" lon="120.37720284710554">
        <ele>50.4</ele>
        <time>2026-07-31T22:48:39Z</time>
        <extensions>
          <gpxtpx:TrackPointExtension>
            <gpxtpx:hr>145</gpxtpx:hr>
          </gpxtpx:TrackPointExtension>
        </extensions>
      </trkpt>
      <trkpt lat="36.115581809093925" lon="120.37720684343797">
        <ele>50.4</ele>
        <time>2026-07-31T22:48:40Z</time>
        <extensions>
          <gpxtpx:TrackPointExtension>
            <gpxtpx:hr>145</gpxtpx:hr>
          </gpxtpx:TrackPointExtension>
        </extensions>
      </trkpt>
      <trkpt lat="36.11563077791826" lon="120.37723082886313">
        <ele>50.4</ele>
        <time>2026-07-31T22:48:41Z</time>
        <extensions>
          <gpxtpx:TrackPointExtension>
            <gpxtpx:hr>145</gpxtpx:hr>
          </gpxtpx:TrackPointExtension>
        </extensions>
      </trkpt>
      <trkpt lat="36.11563775649145" lon="120.37725481870059">
        <ele>50.4</ele>
        <time>2026-07-31T22:48:42Z</time>
        <extensions>
          <gpxtpx:TrackPointExtension>
            <gpxtpx:hr>145</gpxtpx:hr>
          </gpxtpx:TrackPointExtension>
        </extensions>
      </trkpt>
      <trkpt lat="36.11564974052037" lon="120.37727081117384">
        <ele>50.4</ele>
        <time>2026-07-31T22:48:43Z</time>
        <extensions>
          <gpxtpx:TrackPointExtension>
            <gpxtpx:hr>145</gpxtpx:hr>
          </gpxtpx:TrackPointExtension>
        </extensions>
      </trkpt>
      <trkpt lat="36.1156647255112" lon="120.37728480412726">
        <ele>50.4</ele>
        <time>2026-07-31T22:48:44Z</time>
        <extensions>
          <gpxtpx:TrackPointExtension>
            <gpxtpx:hr>145</gpxtpx:hr>
          </gpxtpx:TrackPointExtension>
        </extensions>
      </trkpt>
      <trkpt lat="36.11566971447184" lon="120.37729679891491">
        <ele>50.4</ele>
        <time>2026-07-31T22:48:45Z</time>
        <extensions>
          <gpxtpx:TrackPointExtension>
            <gpxtpx:hr>145</gpxtpx:hr>
          </gpxtpx:TrackPointExtension>
        </extensions>
      </trkpt>
      <trkpt lat="36.115668713880254" lon="120.3772977986288">
        <ele>50.4</ele>
        <time>2026-07-31T22:48:46Z</time>
        <extensions>
          <gpxtpx:TrackPointExtension>
            <gpxtpx:hr>145</gpxtpx:hr>
          </gpxtpx:TrackPointExtension>
        </extensions>
      </trkpt>
      <trkpt lat="36.115666710228055" lon="120.37730279688559">
        <ele>50.4</ele>
        <time>2026-07-31T22:48:47Z</time>
        <extensions>
          <gpxtpx:TrackPointExtension>
            <gpxtpx:hr>145</gpxtpx:hr>
          </gpxtpx:TrackPointExtension>
        </extensions>
      </trkpt>
      <trkpt lat="36.11566770012321" lon="120.37731479210062">
        <ele>50.4</ele>
        <time>2026-07-31T22:48:48Z</time>
        <extensions>
          <gpxtpx:TrackPointExtension>
            <gpxtpx:hr>145</gpxtpx:hr>
          </gpxtpx:TrackPointExtension>
        </extensions>
      </trkpt>
      <trkpt lat="36.115682682671086" lon="120.37733178391414">
        <ele>49.9</ele>
        <time>2026-07-31T22:48:49Z</time>
        <extensions>
          <gpxtpx:TrackPointExtension>
            <gpxtpx:hr>144</gpxtpx:hr>
          </gpxtpx:TrackPointExtension>
        </extensions>
      </trkpt>
      <trkpt lat="36.11570866678873" lon="120.37734377653348">
        <ele>49.9</ele>
        <time>2026-07-31T22:48:50Z</time>
        <extensions>
          <gpxtpx:TrackPointExtension>
            <gpxtpx:hr>144</gpxtpx:hr>
          </gpxtpx:TrackPointExtension>
        </extensions>
      </trkpt>
      <trkpt lat="36.11573665044838" lon="120.37735576895032">
        <ele>49.9</ele>
        <time>2026-07-31T22:48:52Z</time>
        <extensions>
          <gpxtpx:TrackPointExtension>
            <gpxtpx:hr>144</gpxtpx:hr>
          </gpxtpx:TrackPointExtension>
        </extensions>
      </trkpt>
      <trkpt lat="36.115788619530115" lon="120.3773787546079">
        <ele>49.9</ele>
        <time>2026-07-31T22:48:53Z</time>
        <extensions>
          <gpxtpx:TrackPointExtension>
            <gpxtpx:hr>144</gpxtpx:hr>
          </gpxtpx:TrackPointExtension>
        </extensions>
      </trkpt>
      <trkpt lat="36.11581559606086" lon="120.37739974367209">
        <ele>49.9</ele>
        <time>2026-07-31T22:48:54Z</time>
        <extensions>
          <gpxtpx:TrackPointExtension>
            <gpxtpx:hr>145</gpxtpx:hr>
          </gpxtpx:TrackPointExtension>
        </extensions>
      </trkpt>
      <trkpt lat="36.11582359174979" lon="120.37740274167872">
        <ele>49.9</ele>
        <time>2026-07-31T22:48:55Z</time>
        <extensions>
          <gpxtpx:TrackPointExtension>
            <gpxtpx:hr>145</gpxtpx:hr>
          </gpxtpx:TrackPointExtension>
        </extensions>
      </trkpt>
      <trkpt lat="36.11585856562759" lon="120.37742472954484">
        <ele>49.9</ele>
        <time>2026-07-31T22:48:56Z</time>
        <extensions>
          <gpxtpx:TrackPointExtension>
            <gpxtpx:hr>145</gpxtpx:hr>
          </gpxtpx:TrackPointExtension>
        </extensions>
      </trkpt>
      <trkpt lat="36.115876539373716" lon="120.37745171728913">
        <ele>49.9</ele>
        <time>2026-07-31T22:48:57Z</time>
        <extensions>
          <gpxtpx:TrackPointExtension>
            <gpxtpx:hr>145</gpxtpx:hr>
          </gpxtpx:TrackPointExtension>
        </extensions>
      </trkpt>
      <trkpt lat="36.115897510819316" lon="120.37748070398771">
        <ele>49.9</ele>
        <time>2026-07-31T22:48:58Z</time>
        <extensions>
          <gpxtpx:TrackPointExtension>
            <gpxtpx:hr>145</gpxtpx:hr>
          </gpxtpx:TrackPointExtension>
        </extensions>
      </trkpt>
      <trkpt lat="36.11591448240767" lon="120.37751069076045">
        <ele>51.7</ele>
        <time>2026-07-31T22:48:59Z</time>
        <extensions>
          <gpxtpx:TrackPointExtension>
            <gpxtpx:hr>146</gpxtpx:hr>
          </gpxtpx:TrackPointExtension>
        </extensions>
      </trkpt>
      <trkpt lat="36.11592545134955" lon="120.37754567630196">
        <ele>51.7</ele>
        <time>2026-07-31T22:49:00Z</time>
        <extensions>
          <gpxtpx:TrackPointExtension>
            <gpxtpx:hr>146</gpxtpx:hr>
          </gpxtpx:TrackPointExtension>
        </extensions>
      </trkpt>
      <trkpt lat="36.115939416392145" lon="120.3775846600734">
        <ele>51.7</ele>
        <time>2026-07-31T22:49:01Z</time>
        <extensions>
          <gpxtpx:TrackPointExtension>
            <gpxtpx:hr>146</gpxtpx:hr>
          </gpxtpx:TrackPointExtension>
        </extensions>
      </trkpt>
      <trkpt lat="36.11595238415646" lon="120.37762064514536">
        <ele>51.7</ele>
        <time>2026-07-31T22:49:02Z</time>
        <extensions>
          <gpxtpx:TrackPointExtension>
            <gpxtpx:hr>146</gpxtpx:hr>
          </gpxtpx:TrackPointExtension>
        </extensions>
      </trkpt>
      <trkpt lat="36.11596735555523" lon="120.37765163193951">
        <ele>51.7</ele>
        <time>2026-07-31T22:49:03Z</time>
        <extensions>
          <gpxtpx:TrackPointExtension>
            <gpxtpx:hr>146</gpxtpx:hr>
          </gpxtpx:TrackPointExtension>
        </extensions>
      </trkpt>
      <trkpt lat="36.11598533114833" lon="120.37767662070429">
        <ele>51.7</ele>
        <time>2026-07-31T22:49:04Z</time>
        <extensions>
          <gpxtpx:TrackPointExtension>
            <gpxtpx:hr>146</gpxtpx:hr>
          </gpxtpx:TrackPointExtension>
        </extensions>
      </trkpt>
      <trkpt lat="36.11600531276723" lon="120.37769361226975">
        <ele>51.7</ele>
        <time>2026-07-31T22:49:05Z</time>
        <extensions>
          <gpxtpx:TrackPointExtension>
            <gpxtpx:hr>146</gpxtpx:hr>
          </gpxtpx:TrackPointExtension>
        </extensions>
      </trkpt>
      <trkpt lat="36.116029295085745" lon="120.37770860417467">
        <ele>51.7</ele>
        <time>2026-07-31T22:49:06Z</time>
        <extensions>
          <gpxtpx:TrackPointExtension>
            <gpxtpx:hr>146</gpxtpx:hr>
          </gpxtpx:TrackPointExtension>
        </extensions>
      </trkpt>
      <trkpt lat="36.11604527603733" lon="120.37772759543941">
        <ele>51.7</ele>
        <time>2026-07-31T22:49:07Z</time>
        <extensions>
          <gpxtpx:TrackPointExtension>
            <gpxtpx:hr>146</gpxtpx:hr>
          </gpxtpx:TrackPointExtension>
        </extensions>
      </trkpt>
      <trkpt lat="36.11606525768855" lon="120.3777445870436">
        <ele>51.7</ele>
        <time>2026-07-31T22:49:08Z</time>
        <extensions>
          <gpxtpx:TrackPointExtension>
            <gpxtpx:hr>146</gpxtpx:hr>
          </gpxtpx:TrackPointExtension>
        </extensions>
      </trkpt>
      <trkpt lat="36.11608923358955" lon="120.3777675760246">
        <ele>50.2</ele>
        <time>2026-07-31T22:49:10Z</time>
        <extensions>
          <gpxtpx:TrackPointExtension>
            <gpxtpx:hr>145</gpxtpx:hr>
          </gpxtpx:TrackPointExtension>
        </extensions>
      </trkpt>
      <trkpt lat="36.116144159729785" lon="120.37784354232085">
        <ele>50.2</ele>
        <time>2026-07-31T22:49:11Z</time>
        <extensions>
          <gpxtpx:TrackPointExtension>
            <gpxtpx:hr>145</gpxtpx:hr>
          </gpxtpx:TrackPointExtension>
        </extensions>
      </trkpt>
      <trkpt lat="36.11617912515035" lon="120.37787652660545">
        <ele>50.2</ele>
        <time>2026-07-31T22:49:12Z</time>
        <extensions>
          <gpxtpx:TrackPointExtension>
            <gpxtpx:hr>145</gpxtpx:hr>
          </gpxtpx:TrackPointExtension>
        </extensions>
      </trkpt>
      <trkpt lat="36.1162140994168" lon="120.37789851493697">
        <ele>50.2</ele>
        <time>2026-07-31T22:49:13Z</time>
        <extensions>
          <gpxtpx:TrackPointExtension>
            <gpxtpx:hr>145</gpxtpx:hr>
          </gpxtpx:TrackPointExtension>
        </extensions>
      </trkpt>
      <trkpt lat="36.11625207620581" lon="120.3779165044281">
        <ele>50.2</ele>
        <time>2026-07-31T22:49:14Z</time>
        <extensions>
          <gpxtpx:TrackPointExtension>
            <gpxtpx:hr>146</gpxtpx:hr>
          </gpxtpx:TrackPointExtension>
        </extensions>
      </trkpt>
      <trkpt lat="36.116290057003845" lon="120.37792949574482">
        <ele>50.2</ele>
        <time>2026-07-31T22:49:15Z</time>
        <extensions>
          <gpxtpx:TrackPointExtension>
            <gpxtpx:hr>146</gpxtpx:hr>
          </gpxtpx:TrackPointExtension>
        </extensions>
      </trkpt>
      <trkpt lat="36.11631904948448" lon="120.37793049235339">
        <ele>50.2</ele>
        <time>2026-07-31T22:49:16Z</time>
        <extensions>
          <gpxtpx:TrackPointExtension>
            <gpxtpx:hr>146</gpxtpx:hr>
          </gpxtpx:TrackPointExtension>
        </extensions>
      </trkpt>
      <trkpt lat="36.11634504985664" lon="120.37792249253732">
        <ele>50.2</ele>
        <time>2026-07-31T22:49:17Z</time>
        <extensions>
          <gpxtpx:TrackPointExtension>
            <gpxtpx:hr>146</gpxtpx:hr>
          </gpxtpx:TrackPointExtension>
        </extensions>
      </trkpt>
      <trkpt lat="36.11636006478549" lon="120.37789949932318">
        <ele>50.2</ele>
        <time>2026-07-31T22:49:18Z</time>
        <extensions>
          <gpxtpx:TrackPointExtension>
            <gpxtpx:hr>146</gpxtpx:hr>
          </gpxtpx:TrackPointExtension>
        </extensions>
      </trkpt>
      <trkpt lat="36.11635608253411" lon="120.37787850738803">
        <ele>50.4</ele>
        <time>2026-07-31T22:49:20Z</time>
        <extensions>
          <gpxtpx:TrackPointExtension>
            <gpxtpx:hr>146</gpxtpx:hr>
          </gpxtpx:TrackPointExtension>
        </extensions>
      </trkpt>
      <trkpt lat="36.116333110318536" lon="120.3778505200172">
        <ele>50.4</ele>
        <time>2026-07-31T22:49:21Z</time>
        <extensions>
          <gpxtpx:TrackPointExtension>
            <gpxtpx:hr>146</gpxtpx:hr>
          </gpxtpx:TrackPointExtension>
        </extensions>
      </trkpt>
      <trkpt lat="36.11629914148478" lon="120.37782153419758">
        <ele>50.4</ele>
        <time>2026-07-31T22:49:22Z</time>
        <extensions>
          <gpxtpx:TrackPointExtension>
            <gpxtpx:hr>146</gpxtpx:hr>
          </gpxtpx:TrackPointExtension>
        </extensions>
      </trkpt>
      <trkpt lat="36.11625617396318" lon="120.3777935489872">
        <ele>50.4</ele>
        <time>2026-07-31T22:49:23Z</time>
        <extensions>
          <gpxtpx:TrackPointExtension>
            <gpxtpx:hr>146</gpxtpx:hr>
          </gpxtpx:TrackPointExtension>
        </extensions>
      </trkpt>
      <trkpt lat="36.116226197819756" lon="120.3777725598674">
        <ele>50.4</ele>
        <time>2026-07-31T22:49:24Z</time>
        <extensions>
          <gpxtpx:TrackPointExtension>
            <gpxtpx:hr>146</gpxtpx:hr>
          </gpxtpx:TrackPointExtension>
        </extensions>
      </trkpt>
      <trkpt lat="36.116198222035536" lon="120.37775057092874">
        <ele>50.4</ele>
        <time>2026-07-31T22:49:25Z</time>
        <extensions>
          <gpxtpx:TrackPointExtension>
            <gpxtpx:hr>146</gpxtpx:hr>
          </gpxtpx:TrackPointExtension>
        </extensions>
      </trkpt>
      <trkpt lat="36.11617324557425" lon="120.37772858169834">
        <ele>50.4</ele>
        <time>2026-07-31T22:49:26Z</time>
        <extensions>
          <gpxtpx:TrackPointExtension>
            <gpxtpx:hr>146</gpxtpx:hr>
          </gpxtpx:TrackPointExtension>
        </extensions>
      </trkpt>
      <trkpt lat="36.11614826751533" lon="120.37770859174502">
        <ele>50.4</ele>
        <time>2026-07-31T22:49:28Z</time>
        <extensions>
          <gpxtpx:TrackPointExtension>
            <gpxtpx:hr>146</gpxtpx:hr>
          </gpxtpx:TrackPointExtension>
        </extensions>
      </trkpt>
      <trkpt lat="36.11609631028698" lon="120.37767061135298">
        <ele>50.5</ele>
        <time>2026-07-31T22:49:29Z</time>
        <extensions>
          <gpxtpx:TrackPointExtension>
            <gpxtpx:hr>147</gpxtpx:hr>
          </gpxtpx:TrackPointExtension>
        </extensions>
      </trkpt>
      <trkpt lat="36.11607033088301" lon="120.3776526208064">
        <ele>50.5</ele>
        <time>2026-07-31T22:49:30Z</time>
        <extensions>
          <gpxtpx:TrackPointExtension>
            <gpxtpx:hr>147</gpxtpx:hr>
          </gpxtpx:TrackPointExtension>
        </extensions>
      </trkpt>
      <trkpt lat="36.116042351143854" lon="120.37763563010768">
        <ele>50.5</ele>
        <time>2026-07-31T22:49:31Z</time>
        <extensions>
          <gpxtpx:TrackPointExtension>
            <gpxtpx:hr>147</gpxtpx:hr>
          </gpxtpx:TrackPointExtension>
        </extensions>
      </trkpt>
      <trkpt lat="36.11601437466042" lon="120.37761464092715">
        <ele>50.5</ele>
        <time>2026-07-31T22:49:32Z</time>
        <extensions>
          <gpxtpx:TrackPointExtension>
            <gpxtpx:hr>147</gpxtpx:hr>
          </gpxtpx:TrackPointExtension>
        </extensions>
      </trkpt>
      <trkpt lat="36.11598840097882" lon="120.37758965306716">
        <ele>50.5</ele>
        <time>2026-07-31T22:49:33Z</time>
        <extensions>
          <gpxtpx:TrackPointExtension>
            <gpxtpx:hr>147</gpxtpx:hr>
          </gpxtpx:TrackPointExtension>
        </extensions>
      </trkpt>
      <trkpt lat="36.11596343034194" lon="120.37756066664554">
        <ele>50.5</ele>
        <time>2026-07-31T22:49:34Z</time>
        <extensions>
          <gpxtpx:TrackPointExtension>
            <gpxtpx:hr>146</gpxtpx:hr>
          </gpxtpx:TrackPointExtension>
        </extensions>
      </trkpt>
      <trkpt lat="36.11594445508903" lon="120.37753567811458">
        <ele>50.5</ele>
        <time>2026-07-31T22:49:35Z</time>
        <extensions>
          <gpxtpx:TrackPointExtension>
            <gpxtpx:hr>146</gpxtpx:hr>
          </gpxtpx:TrackPointExtension>
        </extensions>
      </trkpt>
      <trkpt lat="36.11592248055442" lon="120.37751068992486">
        <ele>50.5</ele>
        <time>2026-07-31T22:49:36Z</time>
        <extensions>
          <gpxtpx:TrackPointExtension>
            <gpxtpx:hr>146</gpxtpx:hr>
          </gpxtpx:TrackPointExtension>
        </extensions>
      </trkpt>
      <trkpt lat="36.11590150907637" lon="120.37748170318754">
        <ele>50.5</ele>
        <time>2026-07-31T22:49:37Z</time>
        <extensions>
          <gpxtpx:TrackPointExtension>
            <gpxtpx:hr>146</gpxtpx:hr>
          </gpxtpx:TrackPointExtension>
        </extensions>
      </trkpt>
      <trkpt lat="36.115878537275634" lon="120.37745371631298">
        <ele>50.5</ele>
        <time>2026-07-31T22:49:38Z</time>
        <extensions>
          <gpxtpx:TrackPointExtension>
            <gpxtpx:hr>146</gpxtpx:hr>
          </gpxtpx:TrackPointExtension>
        </extensions>
      </trkpt>
      <trkpt lat="36.11585456000786" lon="120.37743272688499">
        <ele>50.6</ele>
        <time>2026-07-31T22:49:39Z</time>
        <extensions>
          <gpxtpx:TrackPointExtension>
            <gpxtpx:hr>147</gpxtpx:hr>
          </gpxtpx:TrackPointExtension>
        </extensions>
      </trkpt>
      <trkpt lat="36.115830586032466" lon="120.37740773901884">
        <ele>50.6</ele>
        <time>2026-07-31T22:49:40Z</time>
        <extensions>
          <gpxtpx:TrackPointExtension>
            <gpxtpx:hr>147</gpxtpx:hr>
          </gpxtpx:TrackPointExtension>
        </extensions>
      </trkpt>
      <trkpt lat="36.11580761102871" lon="120.37738375068929">
        <ele>50.6</ele>
        <time>2026-07-31T22:49:41Z</time>
        <extensions>
          <gpxtpx:TrackPointExtension>
            <gpxtpx:hr>147</gpxtpx:hr>
          </gpxtpx:TrackPointExtension>
        </extensions>
      </trkpt>
      <trkpt lat="36.115784635225516" lon="120.37736076199764">
        <ele>50.6</ele>
        <time>2026-07-31T22:49:42Z</time>
        <extensions>
          <gpxtpx:TrackPointExtension>
            <gpxtpx:hr>147</gpxtpx:hr>
          </gpxtpx:TrackPointExtension>
        </extensions>
      </trkpt>
      <trkpt lat="36.115758658493576" lon="120.37733977286544">
        <ele>50.6</ele>
        <time>2026-07-31T22:49:43Z</time>
        <extensions>
          <gpxtpx:TrackPointExtension>
            <gpxtpx:hr>147</gpxtpx:hr>
          </gpxtpx:TrackPointExtension>
        </extensions>
      </trkpt>
      <trkpt lat="36.115736680029116" lon="120.37731978294546">
        <ele>50.6</ele>
        <time>2026-07-31T22:49:44Z</time>
        <extensions>
          <gpxtpx:TrackPointExtension>
            <gpxtpx:hr>146</gpxtpx:hr>
          </gpxtpx:TrackPointExtension>
        </extensions>
      </trkpt>
      <trkpt lat="36.11571270451222" lon="120.3772967944237">
        <ele>50.6</ele>
        <time>2026-07-31T22:49:46Z</time>
        <extensions>
          <gpxtpx:TrackPointExtension>
            <gpxtpx:hr>146</gpxtpx:hr>
          </gpxtpx:TrackPointExtension>
        </extensions>
      </trkpt>
      <trkpt lat="36.115668747661964" lon="120.37725681467796">
        <ele>50.6</ele>
        <time>2026-07-31T22:49:47Z</time>
        <extensions>
          <gpxtpx:TrackPointExtension>
            <gpxtpx:hr>146</gpxtpx:hr>
          </gpxtpx:TrackPointExtension>
        </extensions>
      </trkpt>
      <trkpt lat="36.11564776902748" lon="120.37723682472729">
        <ele>50.6</ele>
        <time>2026-07-31T22:49:48Z</time>
        <extensions>
          <gpxtpx:TrackPointExtension>
            <gpxtpx:hr>146</gpxtpx:hr>
          </gpxtpx:TrackPointExtension>
        </extensions>
      </trkpt>
      <trkpt lat="36.115625788987124" lon="120.37721883411066">
        <ele>50.3</ele>
        <time>2026-07-31T22:49:49Z</time>
        <extensions>
          <gpxtpx:TrackPointExtension>
            <gpxtpx:hr>146</gpxtpx:hr>
          </gpxtpx:TrackPointExtension>
        </extensions>
      </trkpt>
      <trkpt lat="36.115604807900375" lon="120.37720184300915">
        <ele>50.3</ele>
        <time>2026-07-31T22:49:50Z</time>
        <extensions>
          <gpxtpx:TrackPointExtension>
            <gpxtpx:hr>146</gpxtpx:hr>
          </gpxtpx:TrackPointExtension>
        </extensions>
      </trkpt>
      <trkpt lat="36.115578823018645" lon="120.37719085007018">
        <ele>50.3</ele>
        <time>2026-07-31T22:49:51Z</time>
        <extensions>
          <gpxtpx:TrackPointExtension>
            <gpxtpx:hr>146</gpxtpx:hr>
          </gpxtpx:TrackPointExtension>
        </extensions>
      </trkpt>
      <trkpt lat="36.11555183423549" lon="120.37718485526271">
        <ele>50.3</ele>
        <time>2026-07-31T22:49:52Z</time>
        <extensions>
          <gpxtpx:TrackPointExtension>
            <gpxtpx:hr>146</gpxtpx:hr>
          </gpxtpx:TrackPointExtension>
        </extensions>
      </trkpt>
      <trkpt lat="36.11553083330814" lon="120.37719185468829">
        <ele>50.3</ele>
        <time>2026-07-31T22:49:53Z</time>
        <extensions>
          <gpxtpx:TrackPointExtension>
            <gpxtpx:hr>146</gpxtpx:hr>
          </gpxtpx:TrackPointExtension>
        </extensions>
      </trkpt>
      <trkpt lat="36.11553081759938" lon="120.37721084718676">
        <ele>50.3</ele>
        <time>2026-07-31T22:49:54Z</time>
        <extensions>
          <gpxtpx:TrackPointExtension>
            <gpxtpx:hr>146</gpxtpx:hr>
          </gpxtpx:TrackPointExtension>
        </extensions>
      </trkpt>
      <trkpt lat="36.115537801108644" lon="120.3772288393637">
        <ele>50.3</ele>
        <time>2026-07-31T22:49:55Z</time>
        <extensions>
          <gpxtpx:TrackPointExtension>
            <gpxtpx:hr>146</gpxtpx:hr>
          </gpxtpx:TrackPointExtension>
        </extensions>
      </trkpt>
      <trkpt lat="36.11555278112712" lon="120.37724882993395">
        <ele>50.3</ele>
        <time>2026-07-31T22:49:56Z</time>
        <extensions>
          <gpxtpx:TrackPointExtension>
            <gpxtpx:hr>146</gpxtpx:hr>
          </gpxtpx:TrackPointExtension>
        </extensions>
      </trkpt>
      <trkpt lat="36.11556976399462" lon="120.37726482188071">
        <ele>50.3</ele>
        <time>2026-07-31T22:49:57Z</time>
        <extensions>
          <gpxtpx:TrackPointExtension>
            <gpxtpx:hr>146</gpxtpx:hr>
          </gpxtpx:TrackPointExtension>
        </extensions>
      </trkpt>
      <trkpt lat="36.11558974700064" lon="120.37727981391683">
        <ele>50.3</ele>
        <time>2026-07-31T22:49:58Z</time>
        <extensions>
          <gpxtpx:TrackPointExtension>
            <gpxtpx:hr>146</gpxtpx:hr>
          </gpxtpx:TrackPointExtension>
        </extensions>
      </trkpt>
      <trkpt lat="36.11561173202182" lon="120.37729180692624">
        <ele>50.2</ele>
        <time>2026-07-31T22:49:59Z</time>
        <extensions>
          <gpxtpx:TrackPointExtension>
            <gpxtpx:hr>145</gpxtpx:hr>
          </gpxtpx:TrackPointExtension>
        </extensions>
      </trkpt>
      <trkpt lat="36.115640714604076" lon="120.37730479882066">
        <ele>50.2</ele>
        <time>2026-07-31T22:50:00Z</time>
        <extensions>
          <gpxtpx:TrackPointExtension>
            <gpxtpx:hr>145</gpxtpx:hr>
          </gpxtpx:TrackPointExtension>
        </extensions>
      </trkpt>
      <trkpt lat="36.11566869824658" lon="120.37731679121671">
        <ele>50.2</ele>
        <time>2026-07-31T22:50:01Z</time>
        <extensions>
          <gpxtpx:TrackPointExtension>
            <gpxtpx:hr>145</gpxtpx:hr>
          </gpxtpx:TrackPointExtension>
        </extensions>
      </trkpt>
      <trkpt lat="36.11569467824792" lon="120.37733378188284">
        <ele>50.2</ele>
        <time>2026-07-31T22:50:02Z</time>
        <extensions>
          <gpxtpx:TrackPointExtension>
            <gpxtpx:hr>145</gpxtpx:hr>
          </gpxtpx:TrackPointExtension>
        </extensions>
      </trkpt>
      <trkpt lat="36.11572065579649" lon="120.37735377139748">
        <ele>50.2</ele>
        <time>2026-07-31T22:50:04Z</time>
        <extensions>
          <gpxtpx:TrackPointExtension>
            <gpxtpx:hr>146</gpxtpx:hr>
          </gpxtpx:TrackPointExtension>
        </extensions>
      </trkpt>
      <trkpt lat="36.11576560354623" lon="120.37740474696506">
        <ele>50.2</ele>
        <time>2026-07-31T22:50:05Z</time>
        <extensions>
          <gpxtpx:TrackPointExtension>
            <gpxtpx:hr>146</gpxtpx:hr>
          </gpxtpx:TrackPointExtension>
        </extensions>
      </trkpt>
      <trkpt lat="36.11578958734078" lon="120.37741773944701">
        <ele>50.2</ele>
        <time>2026-07-31T22:50:06Z</time>
        <extensions>
          <gpxtpx:TrackPointExtension>
            <gpxtpx:hr>146</gpxtpx:hr>
          </gpxtpx:TrackPointExtension>
        </extensions>
      </trkpt>
      <trkpt lat="36.11581957629862" lon="120.37742273438816">
        <ele>50.2</ele>
        <time>2026-07-31T22:50:07Z</time>
        <extensions>
          <gpxtpx:TrackPointExtension>
            <gpxtpx:hr>146</gpxtpx:hr>
          </gpxtpx:TrackPointExtension>
        </extensions>
      </trkpt>
      <trkpt lat="36.115868551038744" lon="120.3774397227321">
        <ele>51.6</ele>
        <time>2026-07-31T22:50:09Z</time>
        <extensions>
          <gpxtpx:TrackPointExtension>
            <gpxtpx:hr>147</gpxtpx:hr>
          </gpxtpx:TrackPointExtension>
        </extensions>
      </trkpt>
      <trkpt lat="36.11589052795818" lon="120.37746171199228">
        <ele>51.6</ele>
        <time>2026-07-31T22:50:10Z</time>
        <extensions>
          <gpxtpx:TrackPointExtension>
            <gpxtpx:hr>147</gpxtpx:hr>
          </gpxtpx:TrackPointExtension>
        </extensions>
      </trkpt>
      <trkpt lat="36.115907498709326" lon="120.37749269835776">
        <ele>51.6</ele>
        <time>2026-07-31T22:50:11Z</time>
        <extensions>
          <gpxtpx:TrackPointExtension>
            <gpxtpx:hr>147</gpxtpx:hr>
          </gpxtpx:TrackPointExtension>
        </extensions>
      </trkpt>
      <trkpt lat="36.115923468098615" lon="120.37752568410964">
        <ele>51.6</ele>
        <time>2026-07-31T22:50:12Z</time>
        <extensions>
          <gpxtpx:TrackPointExtension>
            <gpxtpx:hr>147</gpxtpx:hr>
          </gpxtpx:TrackPointExtension>
        </extensions>
      </trkpt>
      <trkpt lat="36.11595739760413" lon="120.37760265140098">
        <ele>51.6</ele>
        <time>2026-07-31T22:50:14Z</time>
        <extensions>
          <gpxtpx:TrackPointExtension>
            <gpxtpx:hr>146</gpxtpx:hr>
          </gpxtpx:TrackPointExtension>
        </extensions>
      </trkpt>
      <trkpt lat="36.11597536990829" lon="120.3776316386081">
        <ele>51.6</ele>
        <time>2026-07-31T22:50:15Z</time>
        <extensions>
          <gpxtpx:TrackPointExtension>
            <gpxtpx:hr>146</gpxtpx:hr>
          </gpxtpx:TrackPointExtension>
        </extensions>
      </trkpt>
      <trkpt lat="36.11599134756557" lon="120.37765462830863">
        <ele>51.6</ele>
        <time>2026-07-31T22:50:16Z</time>
        <extensions>
          <gpxtpx:TrackPointExtension>
            <gpxtpx:hr>146</gpxtpx:hr>
          </gpxtpx:TrackPointExtension>
        </extensions>
      </trkpt>
      <trkpt lat="36.1160143268571" lon="120.3776736187964">
        <ele>51.6</ele>
        <time>2026-07-31T22:50:17Z</time>
        <extensions>
          <gpxtpx:TrackPointExtension>
            <gpxtpx:hr>146</gpxtpx:hr>
          </gpxtpx:TrackPointExtension>
        </extensions>
      </trkpt>
      <trkpt lat="36.1160343092825" lon="120.37768961073262">
        <ele>51.6</ele>
        <time>2026-07-31T22:50:18Z</time>
        <extensions>
          <gpxtpx:TrackPointExtension>
            <gpxtpx:hr>146</gpxtpx:hr>
          </gpxtpx:TrackPointExtension>
        </extensions>
      </trkpt>
      <trkpt lat="36.116056296102265" lon="120.37769960470628">
        <ele>50.0</ele>
        <time>2026-07-31T22:50:19Z</time>
        <extensions>
          <gpxtpx:TrackPointExtension>
            <gpxtpx:hr>146</gpxtpx:hr>
          </gpxtpx:TrackPointExtension>
        </extensions>
      </trkpt>
      <trkpt lat="36.11608128223066" lon="120.37770959837104">
        <ele>50.0</ele>
        <time>2026-07-31T22:50:20Z</time>
        <extensions>
          <gpxtpx:TrackPointExtension>
            <gpxtpx:hr>146</gpxtpx:hr>
          </gpxtpx:TrackPointExtension>
        </extensions>
      </trkpt>
      <trkpt lat="36.11610526455787" lon="120.37772459028666">
        <ele>50.0</ele>
        <time>2026-07-31T22:50:22Z</time>
        <extensions>
          <gpxtpx:TrackPointExtension>
            <gpxtpx:hr>146</gpxtpx:hr>
          </gpxtpx:TrackPointExtension>
        </extensions>
      </trkpt>
      <trkpt lat="36.116154220946676" lon="120.3777645703442">
        <ele>50.0</ele>
        <time>2026-07-31T22:50:23Z</time>
        <extensions>
          <gpxtpx:TrackPointExtension>
            <gpxtpx:hr>146</gpxtpx:hr>
          </gpxtpx:TrackPointExtension>
        </extensions>
      </trkpt>
      <trkpt lat="36.116181197779255" lon="120.37778555976986">
        <ele>50.0</ele>
        <time>2026-07-31T22:50:24Z</time>
        <extensions>
          <gpxtpx:TrackPointExtension>
            <gpxtpx:hr>146</gpxtpx:hr>
          </gpxtpx:TrackPointExtension>
        </extensions>
      </trkpt>
      <trkpt lat="36.11620616624849" lon="120.37781754538064">
        <ele>50.0</ele>
        <time>2026-07-31T22:50:25Z</time>
        <extensions>
          <gpxtpx:TrackPointExtension>
            <gpxtpx:hr>146</gpxtpx:hr>
          </gpxtpx:TrackPointExtension>
        </extensions>
      </trkpt>
      <trkpt lat="36.1162361384133" lon="120.37784353271125">
        <ele>50.0</ele>
        <time>2026-07-31T22:50:26Z</time>
        <extensions>
          <gpxtpx:TrackPointExtension>
            <gpxtpx:hr>146</gpxtpx:hr>
          </gpxtpx:TrackPointExtension>
        </extensions>
      </trkpt>
      <trkpt lat="36.116266112206965" lon="120.37786752080223">
        <ele>50.0</ele>
        <time>2026-07-31T22:50:27Z</time>
        <extensions>
          <gpxtpx:TrackPointExtension>
            <gpxtpx:hr>146</gpxtpx:hr>
          </gpxtpx:TrackPointExtension>
        </extensions>
      </trkpt>
      <trkpt lat="36.116294096900944" lon="120.37787851386409">
        <ele>50.0</ele>
        <time>2026-07-31T22:50:28Z</time>
        <extensions>
          <gpxtpx:TrackPointExtension>
            <gpxtpx:hr>146</gpxtpx:hr>
          </gpxtpx:TrackPointExtension>
        </extensions>
      </trkpt>
      <trkpt lat="36.1163200884721" lon="120.37788151005469">
        <ele>50.5</ele>
        <time>2026-07-31T22:50:29Z</time>
        <extensions>
          <gpxtpx:TrackPointExtension>
            <gpxtpx:hr>146</gpxtpx:hr>
          </gpxtpx:TrackPointExtension>
        </extensions>
      </trkpt>
      <trkpt lat="36.11634508909072" lon="120.37787351036064">
        <ele>50.5</ele>
        <time>2026-07-31T22:50:30Z</time>
        <extensions>
          <gpxtpx:TrackPointExtension>
            <gpxtpx:hr>146</gpxtpx:hr>
          </gpxtpx:TrackPointExtension>
        </extensions>
      </trkpt>
      <trkpt lat="36.11635410625478" lon="120.37784951818959">
        <ele>50.5</ele>
        <time>2026-07-31T22:50:31Z</time>
        <extensions>
          <gpxtpx:TrackPointExtension>
            <gpxtpx:hr>146</gpxtpx:hr>
          </gpxtpx:TrackPointExtension>
        </extensions>
      </trkpt>
      <trkpt lat="36.116336130500535" lon="120.37782452923155">
        <ele>50.5</ele>
        <time>2026-07-31T22:50:32Z</time>
        <extensions>
          <gpxtpx:TrackPointExtension>
            <gpxtpx:hr>146</gpxtpx:hr>
          </gpxtpx:TrackPointExtension>
        </extensions>
      </trkpt>
      <trkpt lat="36.116305154564785" lon="120.3778035401871">
        <ele>50.5</ele>
        <time>2026-07-31T22:50:33Z</time>
        <extensions>
          <gpxtpx:TrackPointExtension>
            <gpxtpx:hr>146</gpxtpx:hr>
          </gpxtpx:TrackPointExtension>
        </extensions>
      </trkpt>
      <trkpt lat="36.11627317726715" lon="120.3777845505291">
        <ele>50.5</ele>
        <time>2026-07-31T22:50:34Z</time>
        <extensions>
          <gpxtpx:TrackPointExtension>
            <gpxtpx:hr>146</gpxtpx:hr>
          </gpxtpx:TrackPointExtension>
        </extensions>
      </trkpt>
      <trkpt lat="36.11624020102031" lon="120.37776456136137">
        <ele>50.5</ele>
        <time>2026-07-31T22:50:35Z</time>
        <extensions>
          <gpxtpx:TrackPointExtension>
            <gpxtpx:hr>146</gpxtpx:hr>
          </gpxtpx:TrackPointExtension>
        </extensions>
      </trkpt>
      <trkpt lat="36.11620722156275" lon="120.37774857072944">
        <ele>50.5</ele>
        <time>2026-07-31T22:50:36Z</time>
        <extensions>
          <gpxtpx:TrackPointExtension>
            <gpxtpx:hr>146</gpxtpx:hr>
          </gpxtpx:TrackPointExtension>
        </extensions>
      </trkpt>
      <trkpt lat="36.116185236338595" lon="120.37773657747574">
        <ele>50.5</ele>
        <time>2026-07-31T22:50:37Z</time>
        <extensions>
          <gpxtpx:TrackPointExtension>
            <gpxtpx:hr>146</gpxtpx:hr>
          </gpxtpx:TrackPointExtension>
        </extensions>
      </trkpt>
      <trkpt lat="36.11616824996128" lon="120.37772458370624">
        <ele>50.5</ele>
        <time>2026-07-31T22:50:38Z</time>
        <extensions>
          <gpxtpx:TrackPointExtension>
            <gpxtpx:hr>146</gpxtpx:hr>
          </gpxtpx:TrackPointExtension>
        </extensions>
      </trkpt>
      <trkpt lat="36.116150265436396" lon="120.37771059079178">
        <ele>50.2</ele>
        <time>2026-07-31T22:50:40Z</time>
        <extensions>
          <gpxtpx:TrackPointExtension>
            <gpxtpx:hr>147</gpxtpx:hr>
          </gpxtpx:TrackPointExtension>
        </extensions>
      </trkpt>
      <trkpt lat="36.11610530092023" lon="120.37767960704952">
        <ele>50.2</ele>
        <time>2026-07-31T22:50:41Z</time>
        <extensions>
          <gpxtpx:TrackPointExtension>
            <gpxtpx:hr>147</gpxtpx:hr>
          </gpxtpx:TrackPointExtension>
        </extensions>
      </trkpt>
      <trkpt lat="36.116080319659474" lon="120.3776636156427">
        <ele>50.2</ele>
        <time>2026-07-31T22:50:42Z</time>
        <extensions>
          <gpxtpx:TrackPointExtension>
            <gpxtpx:hr>147</gpxtpx:hr>
          </gpxtpx:TrackPointExtension>
        </extensions>
      </trkpt>
      <trkpt lat="36.11605534002848" lon="120.37764562499729">
        <ele>50.2</ele>
        <time>2026-07-31T22:50:43Z</time>
        <extensions>
          <gpxtpx:TrackPointExtension>
            <gpxtpx:hr>147</gpxtpx:hr>
          </gpxtpx:TrackPointExtension>
        </extensions>
      </trkpt>
      <trkpt lat="36.11603136017784" lon="120.37762763426188">
        <ele>50.2</ele>
        <time>2026-07-31T22:50:44Z</time>
        <extensions>
          <gpxtpx:TrackPointExtension>
            <gpxtpx:hr>147</gpxtpx:hr>
          </gpxtpx:TrackPointExtension>
        </extensions>
      </trkpt>
      <trkpt lat="36.11600738196236" lon="120.3776076442943">
        <ele>50.2</ele>
        <time>2026-07-31T22:50:45Z</time>
        <extensions>
          <gpxtpx:TrackPointExtension>
            <gpxtpx:hr>147</gpxtpx:hr>
          </gpxtpx:TrackPointExtension>
        </extensions>
      </trkpt>
      <trkpt lat="36.11598240561819" lon="120.37758565520433">
        <ele>50.2</ele>
        <time>2026-07-31T22:50:46Z</time>
        <extensions>
          <gpxtpx:TrackPointExtension>
            <gpxtpx:hr>147</gpxtpx:hr>
          </gpxtpx:TrackPointExtension>
        </extensions>
      </trkpt>
      <trkpt lat="36.115964430923654" lon="120.37755966691992">
        <ele>50.2</ele>
        <time>2026-07-31T22:50:47Z</time>
        <extensions>
          <gpxtpx:TrackPointExtension>
            <gpxtpx:hr>147</gpxtpx:hr>
          </gpxtpx:TrackPointExtension>
        </extensions>
      </trkpt>
      <trkpt lat="36.11594445346053" lon="120.37753767735481">
        <ele>50.2</ele>
        <time>2026-07-31T22:50:48Z</time>
        <extensions>
          <gpxtpx:TrackPointExtension>
            <gpxtpx:hr>147</gpxtpx:hr>
          </gpxtpx:TrackPointExtension>
        </extensions>
      </trkpt>
      <trkpt lat="36.11592548067469" lon="120.37750968999258">
        <ele>50.9</ele>
        <time>2026-07-31T22:50:49Z</time>
        <extensions>
          <gpxtpx:TrackPointExtension>
            <gpxtpx:hr>148</gpxtpx:hr>
          </gpxtpx:TrackPointExtension>
        </extensions>
      </trkpt>
      <trkpt lat="36.1159085074548" lon="120.37748170245641">
        <ele>50.9</ele>
        <time>2026-07-31T22:50:50Z</time>
        <extensions>
          <gpxtpx:TrackPointExtension>
            <gpxtpx:hr>148</gpxtpx:hr>
          </gpxtpx:TrackPointExtension>
        </extensions>
      </trkpt>
      <trkpt lat="36.11588353448275" lon="120.37745571502364">
        <ele>50.9</ele>
        <time>2026-07-31T22:50:51Z</time>
        <extensions>
          <gpxtpx:TrackPointExtension>
            <gpxtpx:hr>148</gpxtpx:hr>
          </gpxtpx:TrackPointExtension>
        </extensions>
      </trkpt>
      <trkpt lat="36.11585756094928" lon="120.3774307273408">
        <ele>50.9</ele>
        <time>2026-07-31T22:50:52Z</time>
        <extensions>
          <gpxtpx:TrackPointExtension>
            <gpxtpx:hr>148</gpxtpx:hr>
          </gpxtpx:TrackPointExtension>
        </extensions>
      </trkpt>
      <trkpt lat="36.11580460844404" lon="120.37738774945616">
        <ele>50.9</ele>
        <time>2026-07-31T22:50:54Z</time>
        <extensions>
          <gpxtpx:TrackPointExtension>
            <gpxtpx:hr>147</gpxtpx:hr>
          </gpxtpx:TrackPointExtension>
        </extensions>
      </trkpt>
      <trkpt lat="36.11577362464501" lon="120.37737675694856">
        <ele>50.9</ele>
        <time>2026-07-31T22:50:55Z</time>
        <extensions>
          <gpxtpx:TrackPointExtension>
            <gpxtpx:hr>147</gpxtpx:hr>
          </gpxtpx:TrackPointExtension>
        </extensions>
      </trkpt>
      <trkpt lat="36.11574764461672" lon="120.37735976624995">
        <ele>50.9</ele>
        <time>2026-07-31T22:50:56Z</time>
        <extensions>
          <gpxtpx:TrackPointExtension>
            <gpxtpx:hr>147</gpxtpx:hr>
          </gpxtpx:TrackPointExtension>
        </extensions>
      </trkpt>
      <trkpt lat="36.11572666426251" lon="120.37734177543051">
        <ele>50.9</ele>
        <time>2026-07-31T22:50:58Z</time>
        <extensions>
          <gpxtpx:TrackPointExtension>
            <gpxtpx:hr>147</gpxtpx:hr>
          </gpxtpx:TrackPointExtension>
        </extensions>
      </trkpt>
      <trkpt lat="36.11568970737002" lon="120.37729979565444">
        <ele>50.6</ele>
        <time>2026-07-31T22:50:59Z</time>
        <extensions>
          <gpxtpx:TrackPointExtension>
            <gpxtpx:hr>146</gpxtpx:hr>
          </gpxtpx:TrackPointExtension>
        </extensions>
      </trkpt>
      <trkpt lat="36.115672731896794" lon="120.37727480720501">
        <ele>50.6</ele>
        <time>2026-07-31T22:51:00Z</time>
        <extensions>
          <gpxtpx:TrackPointExtension>
            <gpxtpx:hr>146</gpxtpx:hr>
          </gpxtpx:TrackPointExtension>
        </extensions>
      </trkpt>
      <trkpt lat="36.11565575562188" lon="120.37725081839069">
        <ele>50.6</ele>
        <time>2026-07-31T22:51:01Z</time>
        <extensions>
          <gpxtpx:TrackPointExtension>
            <gpxtpx:hr>146</gpxtpx:hr>
          </gpxtpx:TrackPointExtension>
        </extensions>
      </trkpt>
      <trkpt lat="36.11563477699182" lon="120.37723082844535">
        <ele>50.6</ele>
        <time>2026-07-31T22:51:02Z</time>
        <extensions>
          <gpxtpx:TrackPointExtension>
            <gpxtpx:hr>146</gpxtpx:hr>
          </gpxtpx:TrackPointExtension>
        </extensions>
      </trkpt>
      <trkpt lat="36.11561079824502" lon="120.37721183843674">
        <ele>50.6</ele>
        <time>2026-07-31T22:51:03Z</time>
        <extensions>
          <gpxtpx:TrackPointExtension>
            <gpxtpx:hr>146</gpxtpx:hr>
          </gpxtpx:TrackPointExtension>
        </extensions>
      </trkpt>
      <trkpt lat="36.11555381888528" lon="120.3772028479411">
        <ele>50.6</ele>
        <time>2026-07-31T22:51:05Z</time>
        <extensions>
          <gpxtpx:TrackPointExtension>
            <gpxtpx:hr>147</gpxtpx:hr>
          </gpxtpx:TrackPointExtension>
        </extensions>
      </trkpt>
      <trkpt lat="36.11555381888528" lon="120.3772028479411">
        <ele>50.6</ele>
        <time>2026-07-31T22:51:06Z</time>
        <extensions>
          <gpxtpx:TrackPointExtension>
            <gpxtpx:hr>147</gpxtpx:hr>
          </gpxtpx:TrackPointExtension>
        </extensions>
      </trkpt>
      <trkpt lat="36.11555281415721" lon="120.37720884567783">
        <ele>50.6</ele>
        <time>2026-07-31T22:51:07Z</time>
        <extensions>
          <gpxtpx:TrackPointExtension>
            <gpxtpx:hr>147</gpxtpx:hr>
          </gpxtpx:TrackPointExtension>
        </extensions>
      </trkpt>
      <trkpt lat="36.11555879872255" lon="120.37722583835132">
        <ele>50.6</ele>
        <time>2026-07-31T22:51:08Z</time>
        <extensions>
          <gpxtpx:TrackPointExtension>
            <gpxtpx:hr>147</gpxtpx:hr>
          </gpxtpx:TrackPointExtension>
        </extensions>
      </trkpt>
      <trkpt lat="36.11557477438202" lon="120.37725082685083">
        <ele>49.9</ele>
        <time>2026-07-31T22:51:09Z</time>
        <extensions>
          <gpxtpx:TrackPointExtension>
            <gpxtpx:hr>147</gpxtpx:hr>
          </gpxtpx:TrackPointExtension>
        </extensions>
      </trkpt>
      <trkpt lat="36.11559775009159" lon="120.37727381543006">
        <ele>49.9</ele>
        <time>2026-07-31T22:51:10Z</time>
        <extensions>
          <gpxtpx:TrackPointExtension>
            <gpxtpx:hr>147</gpxtpx:hr>
          </gpxtpx:TrackPointExtension>
        </extensions>
      </trkpt>
      <trkpt lat="36.1156267285477" lon="120.37729180535955">
        <ele>49.9</ele>
        <time>2026-07-31T22:51:11Z</time>
        <extensions>
          <gpxtpx:TrackPointExtension>
            <gpxtpx:hr>147</gpxtpx:hr>
          </gpxtpx:TrackPointExtension>
        </extensions>
      </trkpt>
      <trkpt lat="36.11569969271144" lon="120.37731478875833">
        <ele>49.9</ele>
        <time>2026-07-31T22:51:13Z</time>
        <extensions>
          <gpxtpx:TrackPointExtension>
            <gpxtpx:hr>147</gpxtpx:hr>
          </gpxtpx:TrackPointExtension>
        </extensions>
      </trkpt>
      <trkpt lat="36.11573167378753" lon="120.37732877996352">
        <ele>49.9</ele>
        <time>2026-07-31T22:51:14Z</time>
        <extensions>
          <gpxtpx:TrackPointExtension>
            <gpxtpx:hr>148</gpxtpx:hr>
          </gpxtpx:TrackPointExtension>
        </extensions>
      </trkpt>
      <trkpt lat="36.115762655102394" lon="120.37734277128185">
        <ele>49.9</ele>
        <time>2026-07-31T22:51:15Z</time>
        <extensions>
          <gpxtpx:TrackPointExtension>
            <gpxtpx:hr>148</gpxtpx:hr>
          </gpxtpx:TrackPointExtension>
        </extensions>
      </trkpt>
      <trkpt lat="36.115807629077075" lon="120.37736175920764">
        <ele>49.9</ele>
        <time>2026-07-31T22:51:17Z</time>
        <extensions>
          <gpxtpx:TrackPointExtension>
            <gpxtpx:hr>148</gpxtpx:hr>
          </gpxtpx:TrackPointExtension>
        </extensions>
      </trkpt>
      <trkpt lat="36.11582761295686" lon="120.37737575169544">
        <ele>49.9</ele>
        <time>2026-07-31T22:51:18Z</time>
        <extensions>
          <gpxtpx:TrackPointExtension>
            <gpxtpx:hr>148</gpxtpx:hr>
          </gpxtpx:TrackPointExtension>
        </extensions>
      </trkpt>
      <trkpt lat="36.11584759520449" lon="120.37739174341915">
        <ele>49.0</ele>
        <time>2026-07-31T22:51:19Z</time>
        <extensions>
          <gpxtpx:TrackPointExtension>
            <gpxtpx:hr>147</gpxtpx:hr>
          </gpxtpx:TrackPointExtension>
        </extensions>
      </trkpt>
      <trkpt lat="36.11586757254784" lon="120.37741373284122">
        <ele>49.0</ele>
        <time>2026-07-31T22:51:20Z</time>
        <extensions>
          <gpxtpx:TrackPointExtension>
            <gpxtpx:hr>147</gpxtpx:hr>
          </gpxtpx:TrackPointExtension>
        </extensions>
      </trkpt>
      <trkpt lat="36.11588655095891" lon="120.37743472277367">
        <ele>49.0</ele>
        <time>2026-07-31T22:51:21Z</time>
        <extensions>
          <gpxtpx:TrackPointExtension>
            <gpxtpx:hr>147</gpxtpx:hr>
          </gpxtpx:TrackPointExtension>
        </extensions>
      </trkpt>
      <trkpt lat="36.11590951947196" lon="120.37746670809214">
        <ele>49.0</ele>
        <time>2026-07-31T22:51:22Z</time>
        <extensions>
          <gpxtpx:TrackPointExtension>
            <gpxtpx:hr>147</gpxtpx:hr>
          </gpxtpx:TrackPointExtension>
        </extensions>
      </trkpt>
      <trkpt lat="36.11592849058126" lon="120.37749669463726">
        <ele>49.0</ele>
        <time>2026-07-31T22:51:23Z</time>
        <extensions>
          <gpxtpx:TrackPointExtension>
            <gpxtpx:hr>147</gpxtpx:hr>
          </gpxtpx:TrackPointExtension>
        </extensions>
      </trkpt>
      <trkpt lat="36.11594546463152" lon="120.3775236825726">
        <ele>49.0</ele>
        <time>2026-07-31T22:51:25Z</time>
        <extensions>
          <gpxtpx:TrackPointExtension>
            <gpxtpx:hr>148</gpxtpx:hr>
          </gpxtpx:TrackPointExtension>
        </extensions>
      </trkpt>
      <trkpt lat="36.115967432669" lon="120.37755666774338">
        <ele>49.0</ele>
        <time>2026-07-31T22:51:26Z</time>
        <extensions>
          <gpxtpx:TrackPointExtension>
            <gpxtpx:hr>148</gpxtpx:hr>
          </gpxtpx:TrackPointExtension>
        </extensions>
      </trkpt>
      <trkpt lat="36.11599539773268" lon="120.37759165158104">
        <ele>49.0</ele>
        <time>2026-07-31T22:51:27Z</time>
        <extensions>
          <gpxtpx:TrackPointExtension>
            <gpxtpx:hr>148</gpxtpx:hr>
          </gpxtpx:TrackPointExtension>
        </extensions>
      </trkpt>
      <trkpt lat="36.11602637025777" lon="120.37761663892101">
        <ele>49.0</ele>
        <time>2026-07-31T22:51:28Z</time>
        <extensions>
          <gpxtpx:TrackPointExtension>
            <gpxtpx:hr>148</gpxtpx:hr>
          </gpxtpx:TrackPointExtension>
        </extensions>
      </trkpt>
      <trkpt lat="36.116048352185594" lon="120.37763263060762">
        <ele>49.0</ele>
        <time>2026-07-31T22:51:29Z</time>
        <extensions>
          <gpxtpx:TrackPointExtension>
            <gpxtpx:hr>122</gpxtpx:hr>
          </gpxtpx:TrackPointExtension>
        </extensions>
      </trkpt>
      <trkpt lat="36.11607233690011" lon="120.3776446235967">
        <ele>49.0</ele>
        <time>2026-07-31T22:51:30Z</time>
        <extensions>
          <gpxtpx:TrackPointExtension>
            <gpxtpx:hr>122</gpxtpx:hr>
          </gpxtpx:TrackPointExtension>
        </extensions>
      </trkpt>
      <trkpt lat="36.11609331988586" lon="120.37765961578211">
        <ele>49.0</ele>
        <time>2026-07-31T22:51:31Z</time>
        <extensions>
          <gpxtpx:TrackPointExtension>
            <gpxtpx:hr>122</gpxtpx:hr>
          </gpxtpx:TrackPointExtension>
        </extensions>
      </trkpt>
      <trkpt lat="36.116115299412265" lon="120.37767860637854">
        <ele>49.0</ele>
        <time>2026-07-31T22:51:32Z</time>
        <extensions>
          <gpxtpx:TrackPointExtension>
            <gpxtpx:hr>122</gpxtpx:hr>
          </gpxtpx:TrackPointExtension>
        </extensions>
      </trkpt>
      <trkpt lat="36.116140278257035" lon="120.37769759667773">
        <ele>49.0</ele>
        <time>2026-07-31T22:51:33Z</time>
        <extensions>
          <gpxtpx:TrackPointExtension>
            <gpxtpx:hr>122</gpxtpx:hr>
          </gpxtpx:TrackPointExtension>
        </extensions>
      </trkpt>
      <trkpt lat="36.11619423263984" lon="120.37773857579384">
        <ele>49.0</ele>
        <time>2026-07-31T22:51:35Z</time>
        <extensions>
          <gpxtpx:TrackPointExtension>
            <gpxtpx:hr>126</gpxtpx:hr>
          </gpxtpx:TrackPointExtension>
        </extensions>
      </trkpt>
      <trkpt lat="36.11626017866959" lon="120.37778655114943">
        <ele>49.0</ele>
        <time>2026-07-31T22:51:37Z</time>
        <extensions>
          <gpxtpx:TrackPointExtension>
            <gpxtpx:hr>126</gpxtpx:hr>
          </gpxtpx:TrackPointExtension>
        </extensions>
      </trkpt>
      <trkpt lat="36.11629014919614" lon="120.37781453770891">
        <ele>49.0</ele>
        <time>2026-07-31T22:51:38Z</time>
        <extensions>
          <gpxtpx:TrackPointExtension>
            <gpxtpx:hr>126</gpxtpx:hr>
          </gpxtpx:TrackPointExtension>
        </extensions>
      </trkpt>
      <trkpt lat="36.116316123890286" lon="120.37783852618654">
        <ele>47.7</ele>
        <time>2026-07-31T22:51:39Z</time>
        <extensions>
          <gpxtpx:TrackPointExtension>
            <gpxtpx:hr>130</gpxtpx:hr>
          </gpxtpx:TrackPointExtension>
        </extensions>
      </trkpt>
      <trkpt lat="36.116341102848295" lon="120.3778575166216">
        <ele>47.7</ele>
        <time>2026-07-31T22:51:40Z</time>
        <extensions>
          <gpxtpx:TrackPointExtension>
            <gpxtpx:hr>130</gpxtpx:hr>
          </gpxtpx:TrackPointExtension>
        </extensions>
      </trkpt>
      <trkpt lat="36.11636608422443" lon="120.37787350816713">
        <ele>47.7</ele>
        <time>2026-07-31T22:51:41Z</time>
        <extensions>
          <gpxtpx:TrackPointExtension>
            <gpxtpx:hr>130</gpxtpx:hr>
          </gpxtpx:TrackPointExtension>
        </extensions>
      </trkpt>
      <trkpt lat="36.11638806710632" lon="120.37788850040162">
        <ele>47.7</ele>
        <time>2026-07-31T22:51:42Z</time>
        <extensions>
          <gpxtpx:TrackPointExtension>
            <gpxtpx:hr>130</gpxtpx:hr>
          </gpxtpx:TrackPointExtension>
        </extensions>
      </trkpt>
      <trkpt lat="36.116408051260564" lon="120.37790249321861">
        <ele>47.7</ele>
        <time>2026-07-31T22:51:43Z</time>
        <extensions>
          <gpxtpx:TrackPointExtension>
            <gpxtpx:hr>130</gpxtpx:hr>
          </gpxtpx:TrackPointExtension>
        </extensions>
      </trkpt>
      <trkpt lat="36.11642803382218" lon="120.37791848531863">
        <ele>47.7</ele>
        <time>2026-07-31T22:51:44Z</time>
        <extensions>
          <gpxtpx:TrackPointExtension>
            <gpxtpx:hr>130</gpxtpx:hr>
          </gpxtpx:TrackPointExtension>
        </extensions>
      </trkpt>
      <trkpt lat="36.116459019440356" lon="120.37792747881697">
        <ele>47.7</ele>
        <time>2026-07-31T22:51:45Z</time>
        <extensions>
          <gpxtpx:TrackPointExtension>
            <gpxtpx:hr>130</gpxtpx:hr>
          </gpxtpx:TrackPointExtension>
        </extensions>
      </trkpt>
      <trkpt lat="36.116483004286096" lon="120.37793947196427">
        <ele>47.7</ele>
        <time>2026-07-31T22:51:46Z</time>
        <extensions>
          <gpxtpx:TrackPointExtension>
            <gpxtpx:hr>130</gpxtpx:hr>
          </gpxtpx:TrackPointExtension>
        </extensions>
      </trkpt>
      <trkpt lat="36.11650797373718" lon="120.37797045815608">
        <ele>47.7</ele>
        <time>2026-07-31T22:51:47Z</time>
        <extensions>
          <gpxtpx:TrackPointExtension>
            <gpxtpx:hr>130</gpxtpx:hr>
          </gpxtpx:TrackPointExtension>
        </extensions>
      </trkpt>
      <trkpt lat="36.11653094368782" lon="120.37800144459987">
        <ele>47.7</ele>
        <time>2026-07-31T22:51:48Z</time>
        <extensions>
          <gpxtpx:TrackPointExtension>
            <gpxtpx:hr>130</gpxtpx:hr>
          </gpxtpx:TrackPointExtension>
        </extensions>
      </trkpt>
      <trkpt lat="36.11655092153207" lon="120.37802343462135">
        <ele>47.7</ele>
        <time>2026-07-31T22:51:49Z</time>
        <extensions>
          <gpxtpx:TrackPointExtension>
            <gpxtpx:hr>130</gpxtpx:hr>
          </gpxtpx:TrackPointExtension>
        </extensions>
      </trkpt>
      <trkpt lat="36.11655891649438" lon="120.37802743235362">
        <ele>47.7</ele>
        <time>2026-07-31T22:51:50Z</time>
        <extensions>
          <gpxtpx:TrackPointExtension>
            <gpxtpx:hr>130</gpxtpx:hr>
          </gpxtpx:TrackPointExtension>
        </extensions>
      </trkpt>
      <trkpt lat="36.11657990048948" lon="120.37804142515333">
        <ele>47.7</ele>
        <time>2026-07-31T22:51:52Z</time>
      </trkpt>
      <trkpt lat="36.1166508355906" lon="120.37810239602462">
        <ele>47.7</ele>
        <time>2026-07-31T22:51:53Z</time>
      </trkpt>
      <trkpt lat="36.11667381519946" lon="120.37812138689338">
        <ele>47.7</ele>
        <time>2026-07-31T22:51:54Z</time>
      </trkpt>
      <trkpt lat="36.11669479766029" lon="120.37813737904605">
        <ele>47.7</ele>
        <time>2026-07-31T22:51:55Z</time>
      </trkpt>
      <trkpt lat="36.11672077659868" lon="120.3781563696313">
        <ele>47.7</ele>
        <time>2026-07-31T22:51:56Z</time>
      </trkpt>
      <trkpt lat="36.116747758480074" lon="120.37817136153383">
        <ele>47.7</ele>
        <time>2026-07-31T22:51:57Z</time>
      </trkpt>
      <trkpt lat="36.11677274162328" lon="120.37818535400622">
        <ele>47.7</ele>
        <time>2026-07-31T22:51:58Z</time>
      </trkpt>
      <trkpt lat="36.116793720965596" lon="120.37820534480473">
        <ele>47.7</ele>
        <time>2026-07-31T22:51:59Z</time>
      </trkpt>
      <trkpt lat="36.116818694666186" lon="120.37823133310995">
        <ele>47.7</ele>
        <time>2026-07-31T22:52:00Z</time>
      </trkpt>
      <trkpt lat="36.11683767135743" lon="120.3782553227676">
        <ele>47.7</ele>
        <time>2026-07-31T22:52:01Z</time>
      </trkpt>
      <trkpt lat="36.116860652648306" lon="120.37827231446074">
        <ele>47.7</ele>
        <time>2026-07-31T22:52:02Z</time>
      </trkpt>
      <trkpt lat="36.116885633486376" lon="120.37828930595798">
        <ele>47.7</ele>
        <time>2026-07-31T22:52:03Z</time>
      </trkpt>
      <trkpt lat="36.11691261387161" lon="120.37830629725929">
        <ele>47.7</ele>
        <time>2026-07-31T22:52:04Z</time>
      </trkpt>
      <trkpt lat="36.11694160008251" lon="120.37831529112323">
        <ele>47.7</ele>
        <time>2026-07-31T22:52:05Z</time>
      </trkpt>
      <trkpt lat="36.11696958495899" lon="120.37832628440617">
        <ele>47.7</ele>
        <time>2026-07-31T22:52:06Z</time>
      </trkpt>
      <trkpt lat="36.11700254439067" lon="120.37836826652969">
        <ele>47.7</ele>
        <time>2026-07-31T22:52:07Z</time>
      </trkpt>
      <trkpt lat="36.11703952250771" lon="120.37838525684687">
        <ele>47.7</ele>
        <time>2026-07-31T22:52:08Z</time>
      </trkpt>
      <trkpt lat="36.1170725054717" lon="120.37839724930085">
        <ele>47.7</ele>
        <time>2026-07-31T22:52:09Z</time>
      </trkpt>
      <trkpt lat="36.117140466266655" lon="120.37842723197879">
        <ele>47.7</ele>
        <time>2026-07-31T22:52:11Z</time>
      </trkpt>
      <trkpt lat="36.11717244870074" lon="120.37844022422053">
        <ele>47.7</ele>
        <time>2026-07-31T22:52:12Z</time>
      </trkpt>
      <trkpt lat="36.11720443192083" lon="120.37845221680867">
        <ele>47.7</ele>
        <time>2026-07-31T22:52:13Z</time>
      </trkpt>
      <trkpt lat="36.117233418179985" lon="120.37846121073174">
        <ele>47.7</ele>
        <time>2026-07-31T22:52:14Z</time>
      </trkpt>
      <trkpt lat="36.11726140389485" lon="120.37847120442493">
        <ele>47.7</ele>
        <time>2026-07-31T22:52:15Z</time>
      </trkpt>
      <trkpt lat="36.11728139614126" lon="120.37847520098421">
        <ele>47.7</ele>
        <time>2026-07-31T22:52:16Z</time>
      </trkpt>
      <trkpt lat="36.11730039563053" lon="120.37847020068898">
        <ele>47.7</ele>
        <time>2026-07-31T22:52:17Z</time>
      </trkpt>
      <trkpt lat="36.11731040032517" lon="120.37846120268833">
        <ele>47.7</ele>
        <time>2026-07-31T22:52:18Z</time>
      </trkpt>
      <trkpt lat="36.11731940993415" lon="120.37844620682955">
        <ele>47.7</ele>
        <time>2026-07-31T22:52:19Z</time>
      </trkpt>
      <trkpt lat="36.11732742056412" lon="120.37843021142517">
        <ele>47.7</ele>
        <time>2026-07-31T22:52:20Z</time>
      </trkpt>
      <trkpt lat="36.11734042379572" lon="120.37842221278719">
        <ele>47.7</ele>
        <time>2026-07-31T22:52:21Z</time>
      </trkpt>
      <trkpt lat="36.11736142751838" lon="120.37841121433821">
        <ele>47.7</ele>
        <time>2026-07-31T22:52:22Z</time>
      </trkpt>
      <trkpt lat="36.11738242186722" lon="120.37841221180389">
        <ele>47.7</ele>
        <time>2026-07-31T22:52:23Z</time>
      </trkpt>
      <trkpt lat="36.117410417718055" lon="120.37840920990111">
        <ele>47.7</ele>
        <time>2026-07-31T22:52:24Z</time>
      </trkpt>
      <trkpt lat="36.11743641794102" lon="120.3784012099127">
        <ele>47.7</ele>
        <time>2026-07-31T22:52:25Z</time>
      </trkpt>
      <trkpt lat="36.11746543546701" lon="120.3783702174799">
        <ele>47.7</ele>
        <time>2026-07-31T22:52:26Z</time>
      </trkpt>
      <trkpt lat="36.1174864588053" lon="120.37833422764622">
        <ele>47.7</ele>
        <time>2026-07-31T22:52:27Z</time>
      </trkpt>
      <trkpt lat="36.117502517955415" lon="120.37825425365045">
        <ele>47.7</ele>
        <time>2026-07-31T22:54:46Z</time>
        <extensions>
          <gpxtpx:TrackPointExtension>
            <gpxtpx:hr>129</gpxtpx:hr>
          </gpxtpx:TrackPointExtension>
        </extensions>
      </trkpt>
      <trkpt lat="36.117504519066195" lon="120.37825225413712">
        <ele>47.7</ele>
        <time>2026-07-31T22:54:47Z</time>
        <extensions>
          <gpxtpx:TrackPointExtension>
            <gpxtpx:hr>129</gpxtpx:hr>
          </gpxtpx:TrackPointExtension>
        </extensions>
      </trkpt>
      <trkpt lat="36.117506526477705" lon="120.3782422574088">
        <ele>47.7</ele>
        <time>2026-07-31T22:54:48Z</time>
        <extensions>
          <gpxtpx:TrackPointExtension>
            <gpxtpx:hr>129</gpxtpx:hr>
          </gpxtpx:TrackPointExtension>
        </extensions>
      </trkpt>
      <trkpt lat="36.11751453723074" lon="120.37822626215143">
        <ele>47.7</ele>
        <time>2026-07-31T22:54:49Z</time>
        <extensions>
          <gpxtpx:TrackPointExtension>
            <gpxtpx:hr>129</gpxtpx:hr>
          </gpxtpx:TrackPointExtension>
        </extensions>
      </trkpt>
      <trkpt lat="36.11752555124278" lon="120.37820526834139">
        <ele>47.7</ele>
        <time>2026-07-31T22:54:50Z</time>
        <extensions>
          <gpxtpx:TrackPointExtension>
            <gpxtpx:hr>129</gpxtpx:hr>
          </gpxtpx:TrackPointExtension>
        </extensions>
      </trkpt>
      <trkpt lat="36.11753856480758" lon="120.37818427434226">
        <ele>47.7</ele>
        <time>2026-07-31T22:54:51Z</time>
        <extensions>
          <gpxtpx:TrackPointExtension>
            <gpxtpx:hr>130</gpxtpx:hr>
          </gpxtpx:TrackPointExtension>
        </extensions>
      </trkpt>
      <trkpt lat="36.11756758970829" lon="120.37814428538462">
        <ele>47.7</ele>
        <time>2026-07-31T22:54:53Z</time>
        <extensions>
          <gpxtpx:TrackPointExtension>
            <gpxtpx:hr>130</gpxtpx:hr>
          </gpxtpx:TrackPointExtension>
        </extensions>
      </trkpt>
      <trkpt lat="36.11758060490579" lon="120.37812129215041">
        <ele>47.7</ele>
        <time>2026-07-31T22:54:54Z</time>
        <extensions>
          <gpxtpx:TrackPointExtension>
            <gpxtpx:hr>130</gpxtpx:hr>
          </gpxtpx:TrackPointExtension>
        </extensions>
      </trkpt>
      <trkpt lat="36.1175966226003" lon="120.37809430004597">
        <ele>47.7</ele>
        <time>2026-07-31T22:54:55Z</time>
        <extensions>
          <gpxtpx:TrackPointExtension>
            <gpxtpx:hr>130</gpxtpx:hr>
          </gpxtpx:TrackPointExtension>
        </extensions>
      </trkpt>
      <trkpt lat="36.11761463906406" lon="120.37806830740924">
        <ele>46.1</ele>
        <time>2026-07-31T22:54:56Z</time>
        <extensions>
          <gpxtpx:TrackPointExtension>
            <gpxtpx:hr>128</gpxtpx:hr>
          </gpxtpx:TrackPointExtension>
        </extensions>
      </trkpt>
      <trkpt lat="36.11762865648098" lon="120.37804231522067">
        <ele>46.1</ele>
        <time>2026-07-31T22:54:57Z</time>
        <extensions>
          <gpxtpx:TrackPointExtension>
            <gpxtpx:hr>128</gpxtpx:hr>
          </gpxtpx:TrackPointExtension>
        </extensions>
      </trkpt>
      <trkpt lat="36.117639680193754" lon="120.378009325886">
        <ele>46.1</ele>
        <time>2026-07-31T22:54:58Z</time>
        <extensions>
          <gpxtpx:TrackPointExtension>
            <gpxtpx:hr>128</gpxtpx:hr>
          </gpxtpx:TrackPointExtension>
        </extensions>
      </trkpt>
      <trkpt lat="36.11765070873463" lon="120.37797033876235">
        <ele>46.1</ele>
        <time>2026-07-31T22:54:59Z</time>
        <extensions>
          <gpxtpx:TrackPointExtension>
            <gpxtpx:hr>128</gpxtpx:hr>
          </gpxtpx:TrackPointExtension>
        </extensions>
      </trkpt>
      <trkpt lat="36.117661739731176" lon="120.37792835279383">
        <ele>46.1</ele>
        <time>2026-07-31T22:55:00Z</time>
        <extensions>
          <gpxtpx:TrackPointExtension>
            <gpxtpx:hr>128</gpxtpx:hr>
          </gpxtpx:TrackPointExtension>
        </extensions>
      </trkpt>
      <trkpt lat="36.117669765082034" lon="120.37789436430506">
        <ele>46.1</ele>
        <time>2026-07-31T22:55:01Z</time>
        <extensions>
          <gpxtpx:TrackPointExtension>
            <gpxtpx:hr>128</gpxtpx:hr>
          </gpxtpx:TrackPointExtension>
        </extensions>
      </trkpt>
      <trkpt lat="36.11767679231256" lon="120.37785837670349">
        <ele>46.1</ele>
        <time>2026-07-31T22:55:02Z</time>
        <extensions>
          <gpxtpx:TrackPointExtension>
            <gpxtpx:hr>128</gpxtpx:hr>
          </gpxtpx:TrackPointExtension>
        </extensions>
      </trkpt>
      <trkpt lat="36.11768382039531" lon="120.37782138952707">
        <ele>46.1</ele>
        <time>2026-07-31T22:55:03Z</time>
        <extensions>
          <gpxtpx:TrackPointExtension>
            <gpxtpx:hr>128</gpxtpx:hr>
          </gpxtpx:TrackPointExtension>
        </extensions>
      </trkpt>
      <trkpt lat="36.117686855092884" lon="120.37777740541266">
        <ele>46.1</ele>
        <time>2026-07-31T22:55:04Z</time>
        <extensions>
          <gpxtpx:TrackPointExtension>
            <gpxtpx:hr>128</gpxtpx:hr>
          </gpxtpx:TrackPointExtension>
        </extensions>
      </trkpt>
      <trkpt lat="36.117684886988954" lon="120.37773842005213">
        <ele>46.1</ele>
        <time>2026-07-31T22:55:05Z</time>
        <extensions>
          <gpxtpx:TrackPointExtension>
            <gpxtpx:hr>128</gpxtpx:hr>
          </gpxtpx:TrackPointExtension>
        </extensions>
      </trkpt>
      <trkpt lat="36.11767391698935" lon="120.37770443383711">
        <ele>45.1</ele>
        <time>2026-07-31T22:55:06Z</time>
        <extensions>
          <gpxtpx:TrackPointExtension>
            <gpxtpx:hr>128</gpxtpx:hr>
          </gpxtpx:TrackPointExtension>
        </extensions>
      </trkpt>
      <trkpt lat="36.1176709378959" lon="120.37767944347458">
        <ele>45.1</ele>
        <time>2026-07-31T22:55:07Z</time>
        <extensions>
          <gpxtpx:TrackPointExtension>
            <gpxtpx:hr>128</gpxtpx:hr>
          </gpxtpx:TrackPointExtension>
        </extensions>
      </trkpt>
      <trkpt lat="36.117670953271706" lon="120.37766045057957">
        <ele>45.1</ele>
        <time>2026-07-31T22:55:08Z</time>
        <extensions>
          <gpxtpx:TrackPointExtension>
            <gpxtpx:hr>128</gpxtpx:hr>
          </gpxtpx:TrackPointExtension>
        </extensions>
      </trkpt>
      <trkpt lat="36.11767696402837" lon="120.37764545557341">
        <ele>45.1</ele>
        <time>2026-07-31T22:55:09Z</time>
        <extensions>
          <gpxtpx:TrackPointExtension>
            <gpxtpx:hr>128</gpxtpx:hr>
          </gpxtpx:TrackPointExtension>
        </extensions>
      </trkpt>
      <trkpt lat="36.11767998927718" lon="120.37761346728419">
        <ele>45.1</ele>
        <time>2026-07-31T22:55:11Z</time>
        <extensions>
          <gpxtpx:TrackPointExtension>
            <gpxtpx:hr>130</gpxtpx:hr>
          </gpxtpx:TrackPointExtension>
        </extensions>
      </trkpt>
      <trkpt lat="36.11770099089838" lon="120.37760546810378">
        <ele>45.1</ele>
        <time>2026-07-31T22:55:12Z</time>
        <extensions>
          <gpxtpx:TrackPointExtension>
            <gpxtpx:hr>130</gpxtpx:hr>
          </gpxtpx:TrackPointExtension>
        </extensions>
      </trkpt>
      <trkpt lat="36.11771499252173" lon="120.37759946890314">
        <ele>45.1</ele>
        <time>2026-07-31T22:55:13Z</time>
        <extensions>
          <gpxtpx:TrackPointExtension>
            <gpxtpx:hr>130</gpxtpx:hr>
          </gpxtpx:TrackPointExtension>
        </extensions>
      </trkpt>
      <trkpt lat="36.11771499252173" lon="120.37759946890314">
        <ele>45.1</ele>
        <time>2026-07-31T22:55:14Z</time>
        <extensions>
          <gpxtpx:TrackPointExtension>
            <gpxtpx:hr>130</gpxtpx:hr>
          </gpxtpx:TrackPointExtension>
        </extensions>
      </trkpt>
      <trkpt lat="36.11771499252173" lon="120.37759946890314">
        <ele>45.1</ele>
        <time>2026-07-31T22:55:15Z</time>
        <extensions>
          <gpxtpx:TrackPointExtension>
            <gpxtpx:hr>130</gpxtpx:hr>
          </gpxtpx:TrackPointExtension>
        </extensions>
      </trkpt>
      <trkpt lat="36.117723992869976" lon="120.37759646909451">
        <ele>44.7</ele>
        <time>2026-07-31T22:55:16Z</time>
        <extensions>
          <gpxtpx:TrackPointExtension>
            <gpxtpx:hr>130</gpxtpx:hr>
          </gpxtpx:TrackPointExtension>
        </extensions>
      </trkpt>
      <trkpt lat="36.11772999553874" lon="120.37759147035446">
        <ele>44.7</ele>
        <time>2026-07-31T22:55:17Z</time>
        <extensions>
          <gpxtpx:TrackPointExtension>
            <gpxtpx:hr>130</gpxtpx:hr>
          </gpxtpx:TrackPointExtension>
        </extensions>
      </trkpt>
      <trkpt lat="36.11775499217651" lon="120.3775884688756">
        <ele>44.7</ele>
        <time>2026-07-31T22:55:18Z</time>
        <extensions>
          <gpxtpx:TrackPointExtension>
            <gpxtpx:hr>130</gpxtpx:hr>
          </gpxtpx:TrackPointExtension>
        </extensions>
      </trkpt>
      <trkpt lat="36.117765996937194" lon="120.37757947112664">
        <ele>44.7</ele>
        <time>2026-07-31T22:55:19Z</time>
        <extensions>
          <gpxtpx:TrackPointExtension>
            <gpxtpx:hr>86</gpxtpx:hr>
          </gpxtpx:TrackPointExtension>
        </extensions>
      </trkpt>
      <trkpt lat="36.117787994272064" lon="120.37757646996275">
        <ele>44.7</ele>
        <time>2026-07-31T22:55:20Z</time>
        <extensions>
          <gpxtpx:TrackPointExtension>
            <gpxtpx:hr>86</gpxtpx:hr>
          </gpxtpx:TrackPointExtension>
        </extensions>
      </trkpt>
      <trkpt lat="36.11780799288401" lon="120.37757246938645">
        <ele>44.7</ele>
        <time>2026-07-31T22:55:21Z</time>
        <extensions>
          <gpxtpx:TrackPointExtension>
            <gpxtpx:hr>86</gpxtpx:hr>
          </gpxtpx:TrackPointExtension>
        </extensions>
      </trkpt>
      <trkpt lat="36.11782699172847" lon="120.3775684689153">
        <ele>44.7</ele>
        <time>2026-07-31T22:55:22Z</time>
        <extensions>
          <gpxtpx:TrackPointExtension>
            <gpxtpx:hr>86</gpxtpx:hr>
          </gpxtpx:TrackPointExtension>
        </extensions>
      </trkpt>
      <trkpt lat="36.11788792156613" lon="120.37763743653464">
        <ele>44.7</ele>
        <time>2026-07-31T22:55:23Z</time>
        <extensions>
          <gpxtpx:TrackPointExtension>
            <gpxtpx:hr>86</gpxtpx:hr>
          </gpxtpx:TrackPointExtension>
        </extensions>
      </trkpt>
      <trkpt lat="36.11782699172847" lon="120.3775684689153">
        <ele>44.7</ele>
        <time>2026-07-31T22:55:24Z</time>
        <extensions>
          <gpxtpx:TrackPointExtension>
            <gpxtpx:hr>86</gpxtpx:hr>
          </gpxtpx:TrackPointExtension>
        </extensions>
      </trkpt>
      <trkpt lat="36.117891934421614" lon="120.37762044250502">
        <ele>44.7</ele>
        <time>2026-07-31T22:55:25Z</time>
        <extensions>
          <gpxtpx:TrackPointExtension>
            <gpxtpx:hr>86</gpxtpx:hr>
          </gpxtpx:TrackPointExtension>
        </extensions>
      </trkpt>
      <trkpt lat="36.11789593349367" lon="120.37762044208719">
        <ele>47.9</ele>
        <time>2026-07-31T22:55:26Z</time>
        <extensions>
          <gpxtpx:TrackPointExtension>
            <gpxtpx:hr>88</gpxtpx:hr>
          </gpxtpx:TrackPointExtension>
        </extensions>
      </trkpt>
      <trkpt lat="36.11785298976284" lon="120.37756346809236">
        <ele>47.9</ele>
        <time>2026-07-31T22:55:27Z</time>
        <extensions>
          <gpxtpx:TrackPointExtension>
            <gpxtpx:hr>88</gpxtpx:hr>
          </gpxtpx:TrackPointExtension>
        </extensions>
      </trkpt>
      <trkpt lat="36.117873004651834" lon="120.37753947510488">
        <ele>47.9</ele>
        <time>2026-07-31T22:55:29Z</time>
        <extensions>
          <gpxtpx:TrackPointExtension>
            <gpxtpx:hr>88</gpxtpx:hr>
          </gpxtpx:TrackPointExtension>
        </extensions>
      </trkpt>
      <trkpt lat="36.117873004651834" lon="120.37753947510488">
        <ele>47.9</ele>
        <time>2026-07-31T22:55:30Z</time>
        <extensions>
          <gpxtpx:TrackPointExtension>
            <gpxtpx:hr>88</gpxtpx:hr>
          </gpxtpx:TrackPointExtension>
        </extensions>
      </trkpt>
      <trkpt lat="36.117873004651834" lon="120.37753947510488">
        <ele>47.9</ele>
        <time>2026-07-31T22:55:31Z</time>
        <extensions>
          <gpxtpx:TrackPointExtension>
            <gpxtpx:hr>88</gpxtpx:hr>
          </gpxtpx:TrackPointExtension>
        </extensions>
      </trkpt>
      <trkpt lat="36.11788100442433" lon="120.37753747502886">
        <ele>47.9</ele>
        <time>2026-07-31T22:55:32Z</time>
        <extensions>
          <gpxtpx:TrackPointExtension>
            <gpxtpx:hr>88</gpxtpx:hr>
          </gpxtpx:TrackPointExtension>
        </extensions>
      </trkpt>
      <trkpt lat="36.117891007804914" lon="120.37753047664441">
        <ele>47.9</ele>
        <time>2026-07-31T22:55:33Z</time>
        <extensions>
          <gpxtpx:TrackPointExtension>
            <gpxtpx:hr>88</gpxtpx:hr>
          </gpxtpx:TrackPointExtension>
        </extensions>
      </trkpt>
      <trkpt lat="36.11794500097977" lon="120.377523473666">
        <ele>47.9</ele>
        <time>2026-07-31T22:55:34Z</time>
        <extensions>
          <gpxtpx:TrackPointExtension>
            <gpxtpx:hr>88</gpxtpx:hr>
          </gpxtpx:TrackPointExtension>
        </extensions>
      </trkpt>
      <trkpt lat="36.11791604440862" lon="120.37747849386223">
        <ele>47.9</ele>
        <time>2026-07-31T22:55:35Z</time>
        <extensions>
          <gpxtpx:TrackPointExtension>
            <gpxtpx:hr>88</gpxtpx:hr>
          </gpxtpx:TrackPointExtension>
        </extensions>
      </trkpt>
      <trkpt lat="36.11793606591344" lon="120.3774465040356">
        <ele>48.1</ele>
        <time>2026-07-31T22:55:36Z</time>
        <extensions>
          <gpxtpx:TrackPointExtension>
            <gpxtpx:hr>121</gpxtpx:hr>
          </gpxtpx:TrackPointExtension>
        </extensions>
      </trkpt>
      <trkpt lat="36.11795308569618" lon="120.37741751341211">
        <ele>48.1</ele>
        <time>2026-07-31T22:55:37Z</time>
        <extensions>
          <gpxtpx:TrackPointExtension>
            <gpxtpx:hr>121</gpxtpx:hr>
          </gpxtpx:TrackPointExtension>
        </extensions>
      </trkpt>
      <trkpt lat="36.117965110769674" lon="120.37738352528142">
        <ele>48.1</ele>
        <time>2026-07-31T22:55:38Z</time>
        <extensions>
          <gpxtpx:TrackPointExtension>
            <gpxtpx:hr>121</gpxtpx:hr>
          </gpxtpx:TrackPointExtension>
        </extensions>
      </trkpt>
      <trkpt lat="36.117981132494755" lon="120.37735253561985">
        <ele>48.1</ele>
        <time>2026-07-31T22:55:39Z</time>
        <extensions>
          <gpxtpx:TrackPointExtension>
            <gpxtpx:hr>121</gpxtpx:hr>
          </gpxtpx:TrackPointExtension>
        </extensions>
      </trkpt>
      <trkpt lat="36.11799415495168" lon="120.37732154631439">
        <ele>48.1</ele>
        <time>2026-07-31T22:55:40Z</time>
        <extensions>
          <gpxtpx:TrackPointExtension>
            <gpxtpx:hr>121</gpxtpx:hr>
          </gpxtpx:TrackPointExtension>
        </extensions>
      </trkpt>
      <trkpt lat="36.11800717744444" lon="120.37729055705168">
        <ele>48.1</ele>
        <time>2026-07-31T22:55:41Z</time>
        <extensions>
          <gpxtpx:TrackPointExtension>
            <gpxtpx:hr>125</gpxtpx:hr>
          </gpxtpx:TrackPointExtension>
        </extensions>
      </trkpt>
      <trkpt lat="36.11801920102963" lon="120.37725856832839">
        <ele>48.1</ele>
        <time>2026-07-31T22:55:42Z</time>
        <extensions>
          <gpxtpx:TrackPointExtension>
            <gpxtpx:hr>125</gpxtpx:hr>
          </gpxtpx:TrackPointExtension>
        </extensions>
      </trkpt>
      <trkpt lat="36.11803122630472" lon="120.3772245804381">
        <ele>48.1</ele>
        <time>2026-07-31T22:55:43Z</time>
        <extensions>
          <gpxtpx:TrackPointExtension>
            <gpxtpx:hr>125</gpxtpx:hr>
          </gpxtpx:TrackPointExtension>
        </extensions>
      </trkpt>
      <trkpt lat="36.11804124877851" lon="120.37719459122721">
        <ele>48.1</ele>
        <time>2026-07-31T22:55:44Z</time>
        <extensions>
          <gpxtpx:TrackPointExtension>
            <gpxtpx:hr>125</gpxtpx:hr>
          </gpxtpx:TrackPointExtension>
        </extensions>
      </trkpt>
      <trkpt lat="36.11805427224613" lon="120.37716260253592">
        <ele>48.1</ele>
        <time>2026-07-31T22:55:45Z</time>
        <extensions>
          <gpxtpx:TrackPointExtension>
            <gpxtpx:hr>125</gpxtpx:hr>
          </gpxtpx:TrackPointExtension>
        </extensions>
      </trkpt>
      <trkpt lat="36.118086313751064" lon="120.37710362266655">
        <ele>48.2</ele>
        <time>2026-07-31T22:55:47Z</time>
        <extensions>
          <gpxtpx:TrackPointExtension>
            <gpxtpx:hr>118</gpxtpx:hr>
          </gpxtpx:TrackPointExtension>
        </extensions>
      </trkpt>
      <trkpt lat="36.11810032794962" lon="120.3770826295963">
        <ele>48.2</ele>
        <time>2026-07-31T22:55:48Z</time>
        <extensions>
          <gpxtpx:TrackPointExtension>
            <gpxtpx:hr>118</gpxtpx:hr>
          </gpxtpx:TrackPointExtension>
        </extensions>
      </trkpt>
      <trkpt lat="36.11810734129295" lon="120.37706463607394">
        <ele>48.2</ele>
        <time>2026-07-31T22:55:49Z</time>
        <extensions>
          <gpxtpx:TrackPointExtension>
            <gpxtpx:hr>118</gpxtpx:hr>
          </gpxtpx:TrackPointExtension>
        </extensions>
      </trkpt>
      <trkpt lat="36.11811435548087" lon="120.37704564296763">
        <ele>48.2</ele>
        <time>2026-07-31T22:55:50Z</time>
        <extensions>
          <gpxtpx:TrackPointExtension>
            <gpxtpx:hr>118</gpxtpx:hr>
          </gpxtpx:TrackPointExtension>
        </extensions>
      </trkpt>
      <trkpt lat="36.1181293569966" lon="120.37703964381198">
        <ele>48.2</ele>
        <time>2026-07-31T22:55:51Z</time>
        <extensions>
          <gpxtpx:TrackPointExtension>
            <gpxtpx:hr>116</gpxtpx:hr>
          </gpxtpx:TrackPointExtension>
        </extensions>
      </trkpt>
      <trkpt lat="36.11818937141121" lon="120.37700565123816">
        <ele>48.2</ele>
        <time>2026-07-31T22:55:52Z</time>
        <extensions>
          <gpxtpx:TrackPointExtension>
            <gpxtpx:hr>116</gpxtpx:hr>
          </gpxtpx:TrackPointExtension>
        </extensions>
      </trkpt>
      <trkpt lat="36.11822736759878" lon="120.37699964969067">
        <ele>48.2</ele>
        <time>2026-07-31T22:55:53Z</time>
        <extensions>
          <gpxtpx:TrackPointExtension>
            <gpxtpx:hr>116</gpxtpx:hr>
          </gpxtpx:TrackPointExtension>
        </extensions>
      </trkpt>
      <trkpt lat="36.11825836040543" lon="120.37699964645255">
        <ele>48.2</ele>
        <time>2026-07-31T22:55:54Z</time>
        <extensions>
          <gpxtpx:TrackPointExtension>
            <gpxtpx:hr>116</gpxtpx:hr>
          </gpxtpx:TrackPointExtension>
        </extensions>
      </trkpt>
      <trkpt lat="36.11829634658254" lon="120.37700564006141">
        <ele>48.2</ele>
        <time>2026-07-31T22:55:55Z</time>
        <extensions>
          <gpxtpx:TrackPointExtension>
            <gpxtpx:hr>116</gpxtpx:hr>
          </gpxtpx:TrackPointExtension>
        </extensions>
      </trkpt>
      <trkpt lat="36.11833633313048" lon="120.3770106338662">
        <ele>48.2</ele>
        <time>2026-07-31T22:55:56Z</time>
        <extensions>
          <gpxtpx:TrackPointExtension>
            <gpxtpx:hr>114</gpxtpx:hr>
          </gpxtpx:TrackPointExtension>
        </extensions>
      </trkpt>
      <trkpt lat="36.118362319593565" lon="120.3770196275226">
        <ele>48.2</ele>
        <time>2026-07-31T22:55:57Z</time>
        <extensions>
          <gpxtpx:TrackPointExtension>
            <gpxtpx:hr>114</gpxtpx:hr>
          </gpxtpx:TrackPointExtension>
        </extensions>
      </trkpt>
      <trkpt lat="36.118391305363325" lon="120.3770286208692">
        <ele>48.2</ele>
        <time>2026-07-31T22:55:58Z</time>
        <extensions>
          <gpxtpx:TrackPointExtension>
            <gpxtpx:hr>114</gpxtpx:hr>
          </gpxtpx:TrackPointExtension>
        </extensions>
      </trkpt>
      <trkpt lat="36.11841728683566" lon="120.37704361212103">
        <ele>48.2</ele>
        <time>2026-07-31T22:55:59Z</time>
        <extensions>
          <gpxtpx:TrackPointExtension>
            <gpxtpx:hr>114</gpxtpx:hr>
          </gpxtpx:TrackPointExtension>
        </extensions>
      </trkpt>
      <trkpt lat="36.11844026485251" lon="120.37706360169096">
        <ele>48.2</ele>
        <time>2026-07-31T22:56:00Z</time>
        <extensions>
          <gpxtpx:TrackPointExtension>
            <gpxtpx:hr>114</gpxtpx:hr>
          </gpxtpx:TrackPointExtension>
        </extensions>
      </trkpt>
      <trkpt lat="36.118465240757764" lon="120.37708559026969">
        <ele>48.2</ele>
        <time>2026-07-31T22:56:01Z</time>
        <extensions>
          <gpxtpx:TrackPointExtension>
            <gpxtpx:hr>116</gpxtpx:hr>
          </gpxtpx:TrackPointExtension>
        </extensions>
      </trkpt>
      <trkpt lat="36.11848921359225" lon="120.37711157737874">
        <ele>48.2</ele>
        <time>2026-07-31T22:56:02Z</time>
        <extensions>
          <gpxtpx:TrackPointExtension>
            <gpxtpx:hr>116</gpxtpx:hr>
          </gpxtpx:TrackPointExtension>
        </extensions>
      </trkpt>
      <trkpt lat="36.11851219331824" lon="120.37712956780486">
        <ele>48.2</ele>
        <time>2026-07-31T22:56:03Z</time>
        <extensions>
          <gpxtpx:TrackPointExtension>
            <gpxtpx:hr>116</gpxtpx:hr>
          </gpxtpx:TrackPointExtension>
        </extensions>
      </trkpt>
      <trkpt lat="36.11855914346715" lon="120.37717654423791">
        <ele>48.2</ele>
        <time>2026-07-31T22:56:05Z</time>
        <extensions>
          <gpxtpx:TrackPointExtension>
            <gpxtpx:hr>116</gpxtpx:hr>
          </gpxtpx:TrackPointExtension>
        </extensions>
      </trkpt>
      <trkpt lat="36.118584122772226" lon="120.37719453450701">
        <ele>48.0</ele>
        <time>2026-07-31T22:56:06Z</time>
        <extensions>
          <gpxtpx:TrackPointExtension>
            <gpxtpx:hr>120</gpxtpx:hr>
          </gpxtpx:TrackPointExtension>
        </extensions>
      </trkpt>
      <trkpt lat="36.11861010433637" lon="120.3772095258692">
        <ele>48.0</ele>
        <time>2026-07-31T22:56:07Z</time>
        <extensions>
          <gpxtpx:TrackPointExtension>
            <gpxtpx:hr>120</gpxtpx:hr>
          </gpxtpx:TrackPointExtension>
        </extensions>
      </trkpt>
      <trkpt lat="36.118637085676674" lon="120.37722451713694">
        <ele>48.0</ele>
        <time>2026-07-31T22:56:08Z</time>
        <extensions>
          <gpxtpx:TrackPointExtension>
            <gpxtpx:hr>120</gpxtpx:hr>
          </gpxtpx:TrackPointExtension>
        </extensions>
      </trkpt>
      <trkpt lat="36.11866106937235" lon="120.37723750951436">
        <ele>48.0</ele>
        <time>2026-07-31T22:56:09Z</time>
        <extensions>
          <gpxtpx:TrackPointExtension>
            <gpxtpx:hr>120</gpxtpx:hr>
          </gpxtpx:TrackPointExtension>
        </extensions>
      </trkpt>
      <trkpt lat="36.11868705343494" lon="120.37724950208303">
        <ele>48.0</ele>
        <time>2026-07-31T22:56:10Z</time>
        <extensions>
          <gpxtpx:TrackPointExtension>
            <gpxtpx:hr>120</gpxtpx:hr>
          </gpxtpx:TrackPointExtension>
        </extensions>
      </trkpt>
      <trkpt lat="36.11871403479726" lon="120.37726449337738">
        <ele>48.0</ele>
        <time>2026-07-31T22:56:11Z</time>
        <extensions>
          <gpxtpx:TrackPointExtension>
            <gpxtpx:hr>123</gpxtpx:hr>
          </gpxtpx:TrackPointExtension>
        </extensions>
      </trkpt>
      <trkpt lat="36.118740013928566" lon="120.37728248361232">
        <ele>48.0</ele>
        <time>2026-07-31T22:56:12Z</time>
        <extensions>
          <gpxtpx:TrackPointExtension>
            <gpxtpx:hr>123</gpxtpx:hr>
          </gpxtpx:TrackPointExtension>
        </extensions>
      </trkpt>
      <trkpt lat="36.11878398066458" lon="120.37731046807943">
        <ele>48.0</ele>
        <time>2026-07-31T22:56:14Z</time>
        <extensions>
          <gpxtpx:TrackPointExtension>
            <gpxtpx:hr>123</gpxtpx:hr>
          </gpxtpx:TrackPointExtension>
        </extensions>
      </trkpt>
      <trkpt lat="36.118806958878906" lon="120.37733045788629">
        <ele>48.0</ele>
        <time>2026-07-31T22:56:15Z</time>
        <extensions>
          <gpxtpx:TrackPointExtension>
            <gpxtpx:hr>123</gpxtpx:hr>
          </gpxtpx:TrackPointExtension>
        </extensions>
      </trkpt>
      <trkpt lat="36.1188239360375" lon="120.3773534471733">
        <ele>48.4</ele>
        <time>2026-07-31T22:56:16Z</time>
        <extensions>
          <gpxtpx:TrackPointExtension>
            <gpxtpx:hr>123</gpxtpx:hr>
          </gpxtpx:TrackPointExtension>
        </extensions>
      </trkpt>
      <trkpt lat="36.1188399159088" lon="120.37737343774963">
        <ele>48.4</ele>
        <time>2026-07-31T22:56:17Z</time>
        <extensions>
          <gpxtpx:TrackPointExtension>
            <gpxtpx:hr>123</gpxtpx:hr>
          </gpxtpx:TrackPointExtension>
        </extensions>
      </trkpt>
      <trkpt lat="36.11953757831767" lon="120.37758828262189">
        <ele>46.8</ele>
        <time>2026-07-31T23:01:34Z</time>
      </trkpt>
      <trkpt lat="36.11956347587929" lon="120.37770723528797">
        <ele>46.8</ele>
        <time>2026-07-31T23:01:36Z</time>
      </trkpt>
      <trkpt lat="36.11956347587929" lon="120.37770723528797">
        <ele>46.8</ele>
        <time>2026-07-31T23:01:37Z</time>
      </trkpt>
      <trkpt lat="36.11956547703051" lon="120.3777052358237">
        <ele>46.8</ele>
        <time>2026-07-31T23:01:38Z</time>
      </trkpt>
      <trkpt lat="36.119541604215115" lon="120.37755529468897">
        <ele>46.8</ele>
        <time>2026-07-31T23:01:39Z</time>
      </trkpt>
      <trkpt lat="36.11956161259117" lon="120.37753929867047">
        <ele>46.8</ele>
        <time>2026-07-31T23:01:40Z</time>
      </trkpt>
      <trkpt lat="36.119573490529646" lon="120.37768624207109">
        <ele>46.8</ele>
        <time>2026-07-31T23:01:41Z</time>
      </trkpt>
      <trkpt lat="36.1195784974565" lon="120.3776762452832">
        <ele>46.8</ele>
        <time>2026-07-31T23:01:42Z</time>
      </trkpt>
      <trkpt lat="36.11958450820223" lon="120.37766125026646">
        <ele>46.8</ele>
        <time>2026-07-31T23:01:43Z</time>
      </trkpt>
      <trkpt lat="36.11959451397706" lon="120.37765125296741">
        <ele>46.8</ele>
        <time>2026-07-31T23:01:44Z</time>
      </trkpt>
      <trkpt lat="36.11959852033899" lon="120.3776422559244">
        <ele>46.8</ele>
        <time>2026-07-31T23:01:45Z</time>
      </trkpt>
      <trkpt lat="36.119608532607394" lon="120.37762426164034">
        <ele>46.8</ele>
        <time>2026-07-31T23:01:47Z</time>
      </trkpt>
      <trkpt lat="36.119615543961565" lon="120.37760826693062">
        <ele>46.8</ele>
        <time>2026-07-31T23:01:48Z</time>
      </trkpt>
      <trkpt lat="36.11962754847972" lon="120.3775992690692">
        <ele>46.8</ele>
        <time>2026-07-31T23:01:49Z</time>
      </trkpt>
      <trkpt lat="36.119634556599166" lon="120.3775872728664">
        <ele>46.8</ele>
        <time>2026-07-31T23:01:50Z</time>
      </trkpt>
      <trkpt lat="36.11963758028949" lon="120.3775572839023">
        <ele>46.8</ele>
        <time>2026-07-31T23:01:51Z</time>
      </trkpt>
      <trkpt lat="36.11965261752535" lon="120.37750730134003">
        <ele>46.8</ele>
        <time>2026-07-31T23:01:52Z</time>
      </trkpt>
      <trkpt lat="36.11966464574774" lon="120.37746931460457">
        <ele>46.8</ele>
        <time>2026-07-31T23:01:53Z</time>
      </trkpt>
      <trkpt lat="36.119696691482666" lon="120.37740433624442">
        <ele>46.8</ele>
        <time>2026-07-31T23:01:55Z</time>
      </trkpt>
      <trkpt lat="36.11972471941717" lon="120.37736234956216">
        <ele>46.8</ele>
        <time>2026-07-31T23:01:56Z</time>
      </trkpt>
      <trkpt lat="36.11974074444969" lon="120.37732736148628">
        <ele>46.8</ele>
        <time>2026-07-31T23:01:57Z</time>
      </trkpt>
      <trkpt lat="36.119757771765855" lon="120.37728937453298">
        <ele>46.8</ele>
        <time>2026-07-31T23:01:58Z</time>
      </trkpt>
      <trkpt lat="36.11976980689775" lon="120.3772433913084">
        <ele>46.8</ele>
        <time>2026-07-31T23:01:59Z</time>
      </trkpt>
      <trkpt lat="36.11978084151392" lon="120.37719840788732">
        <ele>46.8</ele>
        <time>2026-07-31T23:02:00Z</time>
      </trkpt>
      <trkpt lat="36.11979986275098" lon="120.37716741816745">
        <ele>46.8</ele>
        <time>2026-07-31T23:02:01Z</time>
      </trkpt>
      <trkpt lat="36.11981988296228" lon="120.37713742798809">
        <ele>46.8</ele>
        <time>2026-07-31T23:02:02Z</time>
      </trkpt>
      <trkpt lat="36.11983590247585" lon="120.37710943746862">
        <ele>46.8</ele>
        <time>2026-07-31T23:02:03Z</time>
      </trkpt>
      <trkpt lat="36.1198589445136" lon="120.37705245787556">
        <ele>46.8</ele>
        <time>2026-07-31T23:02:05Z</time>
      </trkpt>
      <trkpt lat="36.11987496494898" lon="120.37702346786429">
        <ele>46.8</ele>
        <time>2026-07-31T23:02:06Z</time>
      </trkpt>
      <trkpt lat="36.11988297809735" lon="120.37700547428466">
        <ele>46.8</ele>
        <time>2026-07-31T23:02:07Z</time>
      </trkpt>
      <trkpt lat="36.119888982542676" lon="120.37699847648356">
        <ele>46.8</ele>
        <time>2026-07-31T23:02:08Z</time>
      </trkpt>
      <trkpt lat="36.11989598175071" lon="120.37699747615618">
        <ele>46.8</ele>
        <time>2026-07-31T23:02:09Z</time>
      </trkpt>
      <trkpt lat="36.11989198518325" lon="120.37699447778583">
        <ele>46.8</ele>
        <time>2026-07-31T23:02:10Z</time>
      </trkpt>
      <trkpt lat="36.11988699051769" lon="120.37698948032869">
        <ele>46.8</ele>
        <time>2026-07-31T23:02:11Z</time>
      </trkpt>
      <trkpt lat="36.11988299645557" lon="120.37698348317268">
        <ele>46.8</ele>
        <time>2026-07-31T23:02:12Z</time>
      </trkpt>
      <trkpt lat="36.11988299645557" lon="120.37698348317268">
        <ele>46.8</ele>
        <time>2026-07-31T23:02:13Z</time>
      </trkpt>
      <trkpt lat="36.119895999280324" lon="120.37697648464717">
        <ele>46.8</ele>
        <time>2026-07-31T23:02:14Z</time>
      </trkpt>
      <trkpt lat="36.11990999686283" lon="120.37697548358952">
        <ele>46.8</ele>
        <time>2026-07-31T23:02:16Z</time>
      </trkpt>
      <trkpt lat="36.11991499653635" lon="120.37697448347207">
        <ele>46.8</ele>
        <time>2026-07-31T23:02:17Z</time>
      </trkpt>
      <trkpt lat="36.11992099597757" lon="120.37697348325021">
        <ele>46.8</ele>
        <time>2026-07-31T23:02:18Z</time>
      </trkpt>
      <trkpt lat="36.11992599648646" lon="120.37697148353783">
        <ele>46.8</ele>
        <time>2026-07-31T23:02:19Z</time>
      </trkpt>
      <trkpt lat="36.119930997830906" lon="120.37696848423079">
        <ele>46.8</ele>
        <time>2026-07-31T23:02:20Z</time>
      </trkpt>
      <trkpt lat="36.11993399880483" lon="120.37696648472779">
        <ele>46.8</ele>
        <time>2026-07-31T23:02:21Z</time>
      </trkpt>
      <trkpt lat="36.11995502486484" lon="120.37692949755828">
        <ele>46.8</ele>
        <time>2026-07-31T23:02:23Z</time>
      </trkpt>
      <trkpt lat="36.11996907021352" lon="120.37687151976914">
        <ele>46.8</ele>
        <time>2026-07-31T23:02:24Z</time>
      </trkpt>
      <trkpt lat="36.11994908912927" lon="120.3768545288253">
        <ele>46.8</ele>
        <time>2026-07-31T23:02:25Z</time>
      </trkpt>
      <trkpt lat="36.119932093079015" lon="120.37685453060116">
        <ele>46.8</ele>
        <time>2026-07-31T23:02:26Z</time>
      </trkpt>
      <trkpt lat="36.11998608053258" lon="120.37685452496022">
        <ele>46.8</ele>
        <time>2026-07-31T23:02:27Z</time>
      </trkpt>
      <trkpt lat="36.119888130189885" lon="120.37682254834634">
        <ele>46.8</ele>
        <time>2026-07-31T23:02:28Z</time>
      </trkpt>
      <trkpt lat="36.11999909263201" lon="120.37683653099289">
        <ele>46.8</ele>
        <time>2026-07-31T23:02:29Z</time>
      </trkpt>
      <trkpt lat="36.119986104057695" lon="120.37682653646301">
        <ele>46.8</ele>
        <time>2026-07-31T23:02:30Z</time>
      </trkpt>
      <trkpt lat="36.119974112731654" lon="120.37681954059767">
        <ele>46.8</ele>
        <time>2026-07-31T23:02:31Z</time>
      </trkpt>
      <trkpt lat="36.119946136063874" lon="120.37679955176627">
        <ele>46.8</ele>
        <time>2026-07-31T23:02:32Z</time>
      </trkpt>
      <trkpt lat="36.11992816130011" lon="120.37677456397599">
        <ele>46.8</ele>
        <time>2026-07-31T23:02:33Z</time>
      </trkpt>
      <trkpt lat="36.11989619740561" lon="120.37674058141104">
        <ele>46.8</ele>
        <time>2026-07-31T23:02:34Z</time>
      </trkpt>
      <trkpt lat="36.11986822839916" lon="120.37671159639616">
        <ele>46.8</ele>
        <time>2026-07-31T23:02:35Z</time>
      </trkpt>
      <trkpt lat="36.119851253484335" lon="120.3766866085985">
        <ele>46.8</ele>
        <time>2026-07-31T23:02:36Z</time>
      </trkpt>
      <trkpt lat="36.11982728275943" lon="120.37665862281597">
        <ele>46.8</ele>
        <time>2026-07-31T23:02:37Z</time>
      </trkpt>
      <trkpt lat="36.119802316536024" lon="120.3766256392734">
        <ele>46.8</ele>
        <time>2026-07-31T23:02:38Z</time>
      </trkpt>
      <trkpt lat="36.119779354135474" lon="120.3765876576792">
        <ele>46.8</ele>
        <time>2026-07-31T23:02:39Z</time>
      </trkpt>
      <trkpt lat="36.119744409899084" lon="120.3765316850349">
        <ele>46.8</ele>
        <time>2026-07-31T23:02:41Z</time>
      </trkpt>
      <trkpt lat="36.11973042678199" lon="120.376515693294">
        <ele>46.8</ele>
        <time>2026-07-31T23:02:42Z</time>
      </trkpt>
      <trkpt lat="36.11972243801697" lon="120.37650469880892">
        <ele>46.8</ele>
        <time>2026-07-31T23:02:43Z</time>
      </trkpt>
      <trkpt lat="36.11971045274484" lon="120.37649070602554">
        <ele>46.8</ele>
        <time>2026-07-31T23:02:44Z</time>
      </trkpt>
      <trkpt lat="36.119697474542626" lon="120.37646871677151">
        <ele>46.8</ele>
        <time>2026-07-31T23:02:45Z</time>
      </trkpt>
      <trkpt lat="36.119682497677616" lon="120.37644572817588">
        <ele>46.8</ele>
        <time>2026-07-31T23:02:46Z</time>
      </trkpt>
      <trkpt lat="36.11966451297433" lon="120.37643273562674">
        <ele>46.8</ele>
        <time>2026-07-31T23:02:47Z</time>
      </trkpt>
      <trkpt lat="36.11964952929197" lon="120.37641774363047">
        <ele>46.8</ele>
        <time>2026-07-31T23:02:48Z</time>
      </trkpt>
      <trkpt lat="36.119639543600066" lon="120.3764037506917">
        <ele>46.8</ele>
        <time>2026-07-31T23:02:49Z</time>
      </trkpt>
      <trkpt lat="36.119628554720514" lon="120.37639375614361">
        <ele>46.8</ele>
        <time>2026-07-31T23:02:50Z</time>
      </trkpt>
      <trkpt lat="36.11962356359386" lon="120.37638476054225">
        <ele>46.8</ele>
        <time>2026-07-31T23:02:51Z</time>
      </trkpt>
      <trkpt lat="36.1196165780797" lon="120.37636976774193">
        <ele>46.8</ele>
        <time>2026-07-31T23:02:52Z</time>
      </trkpt>
      <trkpt lat="36.119609595148454" lon="120.37635177624837">
        <ele>46.8</ele>
        <time>2026-07-31T23:02:53Z</time>
      </trkpt>
      <trkpt lat="36.119597611672745" lon="120.37633578442512">
        <ele>46.8</ele>
        <time>2026-07-31T23:02:54Z</time>
      </trkpt>
      <trkpt lat="36.11958762946087" lon="120.3763177932718">
        <ele>46.8</ele>
        <time>2026-07-31T23:02:55Z</time>
      </trkpt>
      <trkpt lat="36.11957464537734" lon="120.37630280114233">
        <ele>46.8</ele>
        <time>2026-07-31T23:02:56Z</time>
      </trkpt>
      <trkpt lat="36.11956165872038" lon="120.37629080771747">
        <ele>46.8</ele>
        <time>2026-07-31T23:02:57Z</time>
      </trkpt>
      <trkpt lat="36.119537692711795" lon="120.37625782460428">
        <ele>46.8</ele>
        <time>2026-07-31T23:02:59Z</time>
      </trkpt>
      <trkpt lat="36.11952970749998" lon="120.37624283199203">
        <ele>46.8</ele>
        <time>2026-07-31T23:03:00Z</time>
      </trkpt>
      <trkpt lat="36.11951372760617" lon="120.3762238419768">
        <ele>46.8</ele>
        <time>2026-07-31T23:03:01Z</time>
      </trkpt>
      <trkpt lat="36.119500748756245" lon="120.37620285254171">
        <ele>46.8</ele>
        <time>2026-07-31T23:03:02Z</time>
      </trkpt>
      <trkpt lat="36.11948777683989" lon="120.3761738666458">
        <ele>46.8</ele>
        <time>2026-07-31T23:03:03Z</time>
      </trkpt>
      <trkpt lat="36.11947981505277" lon="120.37613188600673">
        <ele>46.8</ele>
        <time>2026-07-31T23:03:04Z</time>
      </trkpt>
      <trkpt lat="36.11947585587336" lon="120.37608590680276">
        <ele>46.8</ele>
        <time>2026-07-31T23:03:05Z</time>
      </trkpt>
      <trkpt lat="36.119479893174244" lon="120.37604192596376">
        <ele>46.8</ele>
        <time>2026-07-31T23:03:06Z</time>
      </trkpt>
      <trkpt lat="36.11948793223117" lon="120.37599494613539">
        <ele>46.8</ele>
        <time>2026-07-31T23:03:07Z</time>
      </trkpt>
      <trkpt lat="36.119490955947825" lon="120.37596695838289">
        <ele>46.8</ele>
        <time>2026-07-31T23:03:08Z</time>
      </trkpt>
      <trkpt lat="36.119496978123024" lon="120.37593996990086">
        <ele>46.8</ele>
        <time>2026-07-31T23:03:09Z</time>
        <extensions>
          <gpxtpx:TrackPointExtension>
            <gpxtpx:hr>132</gpxtpx:hr>
          </gpxtpx:TrackPointExtension>
        </extensions>
      </trkpt>
      <trkpt lat="36.119506995024345" lon="120.37591797877553">
        <ele>46.8</ele>
        <time>2026-07-31T23:03:10Z</time>
        <extensions>
          <gpxtpx:TrackPointExtension>
            <gpxtpx:hr>132</gpxtpx:hr>
          </gpxtpx:TrackPointExtension>
        </extensions>
      </trkpt>
      <trkpt lat="36.11952301842653" lon="120.3758869911172">
        <ele>46.8</ele>
        <time>2026-07-31T23:03:11Z</time>
        <extensions>
          <gpxtpx:TrackPointExtension>
            <gpxtpx:hr>132</gpxtpx:hr>
          </gpxtpx:TrackPointExtension>
        </extensions>
      </trkpt>
      <trkpt lat="36.11953804121966" lon="120.37585700315124">
        <ele>46.8</ele>
        <time>2026-07-31T23:03:12Z</time>
        <extensions>
          <gpxtpx:TrackPointExtension>
            <gpxtpx:hr>132</gpxtpx:hr>
          </gpxtpx:TrackPointExtension>
        </extensions>
      </trkpt>
      <trkpt lat="36.119559071429464" lon="120.37581701915325">
        <ele>46.8</ele>
        <time>2026-07-31T23:03:13Z</time>
        <extensions>
          <gpxtpx:TrackPointExtension>
            <gpxtpx:hr>132</gpxtpx:hr>
          </gpxtpx:TrackPointExtension>
        </extensions>
      </trkpt>
      <trkpt lat="36.119577098877336" lon="120.3757810337087">
        <ele>46.8</ele>
        <time>2026-07-31T23:03:14Z</time>
        <extensions>
          <gpxtpx:TrackPointExtension>
            <gpxtpx:hr>132</gpxtpx:hr>
          </gpxtpx:TrackPointExtension>
        </extensions>
      </trkpt>
      <trkpt lat="36.11959612966281" lon="120.37574105005213">
        <ele>46.8</ele>
        <time>2026-07-31T23:03:15Z</time>
        <extensions>
          <gpxtpx:TrackPointExtension>
            <gpxtpx:hr>132</gpxtpx:hr>
          </gpxtpx:TrackPointExtension>
        </extensions>
      </trkpt>
      <trkpt lat="36.11962117676359" lon="120.37568107506351">
        <ele>46.8</ele>
        <time>2026-07-31T23:03:17Z</time>
        <extensions>
          <gpxtpx:TrackPointExtension>
            <gpxtpx:hr>132</gpxtpx:hr>
          </gpxtpx:TrackPointExtension>
        </extensions>
      </trkpt>
      <trkpt lat="36.119630195872986" lon="120.3756570852164">
        <ele>46.8</ele>
        <time>2026-07-31T23:03:18Z</time>
        <extensions>
          <gpxtpx:TrackPointExtension>
            <gpxtpx:hr>132</gpxtpx:hr>
          </gpxtpx:TrackPointExtension>
        </extensions>
      </trkpt>
      <trkpt lat="36.11963821169741" lon="120.37563709364404">
        <ele>46.8</ele>
        <time>2026-07-31T23:03:19Z</time>
        <extensions>
          <gpxtpx:TrackPointExtension>
            <gpxtpx:hr>132</gpxtpx:hr>
          </gpxtpx:TrackPointExtension>
        </extensions>
      </trkpt>
      <trkpt lat="36.119639230047675" lon="120.37561610328476">
        <ele>46.8</ele>
        <time>2026-07-31T23:03:20Z</time>
        <extensions>
          <gpxtpx:TrackPointExtension>
            <gpxtpx:hr>132</gpxtpx:hr>
          </gpxtpx:TrackPointExtension>
        </extensions>
      </trkpt>
      <trkpt lat="36.11963724645295" lon="120.3755981118619">
        <ele>46.8</ele>
        <time>2026-07-31T23:03:21Z</time>
        <extensions>
          <gpxtpx:TrackPointExtension>
            <gpxtpx:hr>132</gpxtpx:hr>
          </gpxtpx:TrackPointExtension>
        </extensions>
      </trkpt>
      <trkpt lat="36.11963426487558" lon="120.37557812148985">
        <ele>46.8</ele>
        <time>2026-07-31T23:03:22Z</time>
        <extensions>
          <gpxtpx:TrackPointExtension>
            <gpxtpx:hr>133</gpxtpx:hr>
          </gpxtpx:TrackPointExtension>
        </extensions>
      </trkpt>
      <trkpt lat="36.11963628215138" lon="120.3755581306129">
        <ele>46.8</ele>
        <time>2026-07-31T23:03:23Z</time>
        <extensions>
          <gpxtpx:TrackPointExtension>
            <gpxtpx:hr>133</gpxtpx:hr>
          </gpxtpx:TrackPointExtension>
        </extensions>
      </trkpt>
      <trkpt lat="36.11965229974253" lon="120.37553414016297">
        <ele>46.8</ele>
        <time>2026-07-31T23:03:24Z</time>
        <extensions>
          <gpxtpx:TrackPointExtension>
            <gpxtpx:hr>133</gpxtpx:hr>
          </gpxtpx:TrackPointExtension>
        </extensions>
      </trkpt>
      <trkpt lat="36.11966931534416" lon="120.37551214869545">
        <ele>46.8</ele>
        <time>2026-07-31T23:03:25Z</time>
        <extensions>
          <gpxtpx:TrackPointExtension>
            <gpxtpx:hr>133</gpxtpx:hr>
          </gpxtpx:TrackPointExtension>
        </extensions>
      </trkpt>
      <trkpt lat="36.11968932848686" lon="120.3754921559957">
        <ele>46.8</ele>
        <time>2026-07-31T23:03:26Z</time>
        <extensions>
          <gpxtpx:TrackPointExtension>
            <gpxtpx:hr>133</gpxtpx:hr>
          </gpxtpx:TrackPointExtension>
        </extensions>
      </trkpt>
      <trkpt lat="36.11970434102457" lon="120.37547416289414">
        <ele>46.8</ele>
        <time>2026-07-31T23:03:27Z</time>
        <extensions>
          <gpxtpx:TrackPointExtension>
            <gpxtpx:hr>115</gpxtpx:hr>
          </gpxtpx:TrackPointExtension>
        </extensions>
      </trkpt>
      <trkpt lat="36.11972934501424" lon="120.37546316546295">
        <ele>46.8</ele>
        <time>2026-07-31T23:03:28Z</time>
        <extensions>
          <gpxtpx:TrackPointExtension>
            <gpxtpx:hr>115</gpxtpx:hr>
          </gpxtpx:TrackPointExtension>
        </extensions>
      </trkpt>
      <trkpt lat="36.119748353967324" lon="120.37544817055061">
        <ele>46.8</ele>
        <time>2026-07-31T23:03:29Z</time>
        <extensions>
          <gpxtpx:TrackPointExtension>
            <gpxtpx:hr>115</gpxtpx:hr>
          </gpxtpx:TrackPointExtension>
        </extensions>
      </trkpt>
      <trkpt lat="36.11976936424787" lon="120.37543117638414">
        <ele>46.8</ele>
        <time>2026-07-31T23:03:30Z</time>
        <extensions>
          <gpxtpx:TrackPointExtension>
            <gpxtpx:hr>115</gpxtpx:hr>
          </gpxtpx:TrackPointExtension>
        </extensions>
      </trkpt>
      <trkpt lat="36.11979636957478" lon="120.37541817971072">
        <ele>46.8</ele>
        <time>2026-07-31T23:03:31Z</time>
        <extensions>
          <gpxtpx:TrackPointExtension>
            <gpxtpx:hr>115</gpxtpx:hr>
          </gpxtpx:TrackPointExtension>
        </extensions>
      </trkpt>
      <trkpt lat="36.119823374907696" lon="120.37540518304462">
        <ele>51.7</ele>
        <time>2026-07-31T23:03:32Z</time>
        <extensions>
          <gpxtpx:TrackPointExtension>
            <gpxtpx:hr>118</gpxtpx:hr>
          </gpxtpx:TrackPointExtension>
        </extensions>
      </trkpt>
      <trkpt lat="36.11984038078305" lon="120.37539418648197">
        <ele>51.7</ele>
        <time>2026-07-31T23:03:33Z</time>
        <extensions>
          <gpxtpx:TrackPointExtension>
            <gpxtpx:hr>118</gpxtpx:hr>
          </gpxtpx:TrackPointExtension>
        </extensions>
      </trkpt>
      <trkpt lat="36.11987838714719" lon="120.37537719057964">
        <ele>51.7</ele>
        <time>2026-07-31T23:03:35Z</time>
        <extensions>
          <gpxtpx:TrackPointExtension>
            <gpxtpx:hr>118</gpxtpx:hr>
          </gpxtpx:TrackPointExtension>
        </extensions>
      </trkpt>
      <trkpt lat="36.119896390118285" lon="120.37536919249999">
        <ele>51.7</ele>
        <time>2026-07-31T23:03:36Z</time>
        <extensions>
          <gpxtpx:TrackPointExtension>
            <gpxtpx:hr>118</gpxtpx:hr>
          </gpxtpx:TrackPointExtension>
        </extensions>
      </trkpt>
      <trkpt lat="36.119910393126446" lon="120.37536219436538">
        <ele>51.7</ele>
        <time>2026-07-31T23:03:37Z</time>
        <extensions>
          <gpxtpx:TrackPointExtension>
            <gpxtpx:hr>118</gpxtpx:hr>
          </gpxtpx:TrackPointExtension>
        </extensions>
      </trkpt>
      <trkpt lat="36.119926388514614" lon="120.37536319221863">
        <ele>51.7</ele>
        <time>2026-07-31T23:03:38Z</time>
        <extensions>
          <gpxtpx:TrackPointExtension>
            <gpxtpx:hr>118</gpxtpx:hr>
          </gpxtpx:TrackPointExtension>
        </extensions>
      </trkpt>
      <trkpt lat="36.11994838429772" lon="120.3753621903962">
        <ele>51.7</ele>
        <time>2026-07-31T23:03:39Z</time>
        <extensions>
          <gpxtpx:TrackPointExtension>
            <gpxtpx:hr>118</gpxtpx:hr>
          </gpxtpx:TrackPointExtension>
        </extensions>
      </trkpt>
      <trkpt lat="36.119975376235544" lon="120.37536418662502">
        <ele>51.7</ele>
        <time>2026-07-31T23:03:40Z</time>
        <extensions>
          <gpxtpx:TrackPointExtension>
            <gpxtpx:hr>118</gpxtpx:hr>
          </gpxtpx:TrackPointExtension>
        </extensions>
      </trkpt>
      <trkpt lat="36.12001235690793" lon="120.375376177058">
        <ele>51.7</ele>
        <time>2026-07-31T23:03:41Z</time>
        <extensions>
          <gpxtpx:TrackPointExtension>
            <gpxtpx:hr>118</gpxtpx:hr>
          </gpxtpx:TrackPointExtension>
        </extensions>
      </trkpt>
      <trkpt lat="36.12005033467238" lon="120.37539116596969">
        <ele>48.8</ele>
        <time>2026-07-31T23:03:42Z</time>
        <extensions>
          <gpxtpx:TrackPointExtension>
            <gpxtpx:hr>115</gpxtpx:hr>
          </gpxtpx:TrackPointExtension>
        </extensions>
      </trkpt>
      <trkpt lat="36.12008233170469" lon="120.37538616499916">
        <ele>48.8</ele>
        <time>2026-07-31T23:03:43Z</time>
        <extensions>
          <gpxtpx:TrackPointExtension>
            <gpxtpx:hr>115</gpxtpx:hr>
          </gpxtpx:TrackPointExtension>
        </extensions>
      </trkpt>
      <trkpt lat="36.12015233868616" lon="120.37536017003912">
        <ele>48.8</ele>
        <time>2026-07-31T23:03:45Z</time>
        <extensions>
          <gpxtpx:TrackPointExtension>
            <gpxtpx:hr>115</gpxtpx:hr>
          </gpxtpx:TrackPointExtension>
        </extensions>
      </trkpt>
      <trkpt lat="36.12018434914933" lon="120.37534017621782">
        <ele>48.8</ele>
        <time>2026-07-31T23:03:46Z</time>
        <extensions>
          <gpxtpx:TrackPointExtension>
            <gpxtpx:hr>115</gpxtpx:hr>
          </gpxtpx:TrackPointExtension>
        </extensions>
      </trkpt>
      <trkpt lat="36.12020535501584" lon="120.37532817974535">
        <ele>48.8</ele>
        <time>2026-07-31T23:03:47Z</time>
        <extensions>
          <gpxtpx:TrackPointExtension>
            <gpxtpx:hr>114</gpxtpx:hr>
          </gpxtpx:TrackPointExtension>
        </extensions>
      </trkpt>
      <trkpt lat="36.12022736872238" lon="120.3753071874742">
        <ele>48.8</ele>
        <time>2026-07-31T23:03:48Z</time>
        <extensions>
          <gpxtpx:TrackPointExtension>
            <gpxtpx:hr>114</gpxtpx:hr>
          </gpxtpx:TrackPointExtension>
        </extensions>
      </trkpt>
      <trkpt lat="36.1202493815476" lon="120.37528719474336">
        <ele>48.8</ele>
        <time>2026-07-31T23:03:49Z</time>
        <extensions>
          <gpxtpx:TrackPointExtension>
            <gpxtpx:hr>114</gpxtpx:hr>
          </gpxtpx:TrackPointExtension>
        </extensions>
      </trkpt>
      <trkpt lat="36.120267385441274" lon="120.37527819717405">
        <ele>48.8</ele>
        <time>2026-07-31T23:03:50Z</time>
        <extensions>
          <gpxtpx:TrackPointExtension>
            <gpxtpx:hr>114</gpxtpx:hr>
          </gpxtpx:TrackPointExtension>
        </extensions>
      </trkpt>
      <trkpt lat="36.120289395592664" lon="120.37526120302837">
        <ele>48.8</ele>
        <time>2026-07-31T23:03:51Z</time>
        <extensions>
          <gpxtpx:TrackPointExtension>
            <gpxtpx:hr>114</gpxtpx:hr>
          </gpxtpx:TrackPointExtension>
        </extensions>
      </trkpt>
      <trkpt lat="36.120317425042415" lon="120.37522121933486">
        <ele>48.7</ele>
        <time>2026-07-31T23:03:53Z</time>
        <extensions>
          <gpxtpx:TrackPointExtension>
            <gpxtpx:hr>115</gpxtpx:hr>
          </gpxtpx:TrackPointExtension>
        </extensions>
      </trkpt>
      <trkpt lat="36.120327438017696" lon="120.37520422648454">
        <ele>48.7</ele>
        <time>2026-07-31T23:03:54Z</time>
        <extensions>
          <gpxtpx:TrackPointExtension>
            <gpxtpx:hr>115</gpxtpx:hr>
          </gpxtpx:TrackPointExtension>
        </extensions>
      </trkpt>
      <trkpt lat="36.120339446935375" lon="120.3751912315057">
        <ele>48.7</ele>
        <time>2026-07-31T23:03:55Z</time>
        <extensions>
          <gpxtpx:TrackPointExtension>
            <gpxtpx:hr>115</gpxtpx:hr>
          </gpxtpx:TrackPointExtension>
        </extensions>
      </trkpt>
      <trkpt lat="36.120350461499505" lon="120.37517223954039">
        <ele>48.7</ele>
        <time>2026-07-31T23:03:56Z</time>
        <extensions>
          <gpxtpx:TrackPointExtension>
            <gpxtpx:hr>115</gpxtpx:hr>
          </gpxtpx:TrackPointExtension>
        </extensions>
      </trkpt>
      <trkpt lat="36.12035547837332" lon="120.37515224870204">
        <ele>48.7</ele>
        <time>2026-07-31T23:03:57Z</time>
        <extensions>
          <gpxtpx:TrackPointExtension>
            <gpxtpx:hr>117</gpxtpx:hr>
          </gpxtpx:TrackPointExtension>
        </extensions>
      </trkpt>
      <trkpt lat="36.12036249479682" lon="120.37513225767204">
        <ele>48.7</ele>
        <time>2026-07-31T23:03:58Z</time>
        <extensions>
          <gpxtpx:TrackPointExtension>
            <gpxtpx:hr>117</gpxtpx:hr>
          </gpxtpx:TrackPointExtension>
        </extensions>
      </trkpt>
      <trkpt lat="36.120371512577286" lon="120.37511026742321">
        <ele>48.7</ele>
        <time>2026-07-31T23:03:59Z</time>
        <extensions>
          <gpxtpx:TrackPointExtension>
            <gpxtpx:hr>117</gpxtpx:hr>
          </gpxtpx:TrackPointExtension>
        </extensions>
      </trkpt>
      <trkpt lat="36.12038153195191" lon="120.37508627806571">
        <ele>48.7</ele>
        <time>2026-07-31T23:04:00Z</time>
        <extensions>
          <gpxtpx:TrackPointExtension>
            <gpxtpx:hr>117</gpxtpx:hr>
          </gpxtpx:TrackPointExtension>
        </extensions>
      </trkpt>
      <trkpt lat="36.120386549793366" lon="120.37506528778997">
        <ele>48.7</ele>
        <time>2026-07-31T23:04:01Z</time>
        <extensions>
          <gpxtpx:TrackPointExtension>
            <gpxtpx:hr>117</gpxtpx:hr>
          </gpxtpx:TrackPointExtension>
        </extensions>
      </trkpt>
      <trkpt lat="36.12039456967194" lon="120.37504129868798">
        <ele>49.2</ele>
        <time>2026-07-31T23:04:02Z</time>
        <extensions>
          <gpxtpx:TrackPointExtension>
            <gpxtpx:hr>121</gpxtpx:hr>
          </gpxtpx:TrackPointExtension>
        </extensions>
      </trkpt>
      <trkpt lat="36.120401612491364" lon="120.3749923219901">
        <ele>49.2</ele>
        <time>2026-07-31T23:04:04Z</time>
        <extensions>
          <gpxtpx:TrackPointExtension>
            <gpxtpx:hr>121</gpxtpx:hr>
          </gpxtpx:TrackPointExtension>
        </extensions>
      </trkpt>
      <trkpt lat="36.12041863125043" lon="120.37496733251619">
        <ele>49.2</ele>
        <time>2026-07-31T23:04:05Z</time>
        <extensions>
          <gpxtpx:TrackPointExtension>
            <gpxtpx:hr>121</gpxtpx:hr>
          </gpxtpx:TrackPointExtension>
        </extensions>
      </trkpt>
      <trkpt lat="36.12042464894996" lon="120.37494634224377">
        <ele>49.2</ele>
        <time>2026-07-31T23:04:06Z</time>
        <extensions>
          <gpxtpx:TrackPointExtension>
            <gpxtpx:hr>121</gpxtpx:hr>
          </gpxtpx:TrackPointExtension>
        </extensions>
      </trkpt>
      <trkpt lat="36.120429666897856" lon="120.37492535209482">
        <ele>49.2</ele>
        <time>2026-07-31T23:04:07Z</time>
        <extensions>
          <gpxtpx:TrackPointExtension>
            <gpxtpx:hr>125</gpxtpx:hr>
          </gpxtpx:TrackPointExtension>
        </extensions>
      </trkpt>
      <trkpt lat="36.12044668662875" lon="120.37489936318859">
        <ele>49.2</ele>
        <time>2026-07-31T23:04:08Z</time>
        <extensions>
          <gpxtpx:TrackPointExtension>
            <gpxtpx:hr>125</gpxtpx:hr>
          </gpxtpx:TrackPointExtension>
        </extensions>
      </trkpt>
      <trkpt lat="36.1204636999991" lon="120.37488037083594">
        <ele>49.2</ele>
        <time>2026-07-31T23:04:09Z</time>
        <extensions>
          <gpxtpx:TrackPointExtension>
            <gpxtpx:hr>125</gpxtpx:hr>
          </gpxtpx:TrackPointExtension>
        </extensions>
      </trkpt>
      <trkpt lat="36.12049073480039" lon="120.37483539039536">
        <ele>49.2</ele>
        <time>2026-07-31T23:04:11Z</time>
        <extensions>
          <gpxtpx:TrackPointExtension>
            <gpxtpx:hr>125</gpxtpx:hr>
          </gpxtpx:TrackPointExtension>
        </extensions>
      </trkpt>
      <trkpt lat="36.120513769689246" lon="120.3747914099595">
        <ele>48.8</ele>
        <time>2026-07-31T23:04:13Z</time>
        <extensions>
          <gpxtpx:TrackPointExtension>
            <gpxtpx:hr>127</gpxtpx:hr>
          </gpxtpx:TrackPointExtension>
        </extensions>
      </trkpt>
      <trkpt lat="36.120526790475544" lon="120.37476542162096">
        <ele>48.8</ele>
        <time>2026-07-31T23:04:14Z</time>
        <extensions>
          <gpxtpx:TrackPointExtension>
            <gpxtpx:hr>127</gpxtpx:hr>
          </gpxtpx:TrackPointExtension>
        </extensions>
      </trkpt>
      <trkpt lat="36.12054081105378" lon="120.37473943320703">
        <ele>48.8</ele>
        <time>2026-07-31T23:04:15Z</time>
        <extensions>
          <gpxtpx:TrackPointExtension>
            <gpxtpx:hr>127</gpxtpx:hr>
          </gpxtpx:TrackPointExtension>
        </extensions>
      </trkpt>
      <trkpt lat="36.120552831203234" lon="120.37471444452754">
        <ele>48.8</ele>
        <time>2026-07-31T23:04:16Z</time>
        <extensions>
          <gpxtpx:TrackPointExtension>
            <gpxtpx:hr>127</gpxtpx:hr>
          </gpxtpx:TrackPointExtension>
        </extensions>
      </trkpt>
      <trkpt lat="36.120561853910445" lon="120.37468745719744">
        <ele>48.8</ele>
        <time>2026-07-31T23:04:17Z</time>
        <extensions>
          <gpxtpx:TrackPointExtension>
            <gpxtpx:hr>130</gpxtpx:hr>
          </gpxtpx:TrackPointExtension>
        </extensions>
      </trkpt>
      <trkpt lat="36.12056987687637" lon="120.37466047000308">
        <ele>48.8</ele>
        <time>2026-07-31T23:04:18Z</time>
        <extensions>
          <gpxtpx:TrackPointExtension>
            <gpxtpx:hr>130</gpxtpx:hr>
          </gpxtpx:TrackPointExtension>
        </extensions>
      </trkpt>
      <trkpt lat="36.12057590033345" lon="120.37463348304892">
        <ele>48.8</ele>
        <time>2026-07-31T23:04:19Z</time>
        <extensions>
          <gpxtpx:TrackPointExtension>
            <gpxtpx:hr>130</gpxtpx:hr>
          </gpxtpx:TrackPointExtension>
        </extensions>
      </trkpt>
      <trkpt lat="36.12057992243797" lon="120.37460849531874">
        <ele>48.8</ele>
        <time>2026-07-31T23:04:20Z</time>
        <extensions>
          <gpxtpx:TrackPointExtension>
            <gpxtpx:hr>130</gpxtpx:hr>
          </gpxtpx:TrackPointExtension>
        </extensions>
      </trkpt>
      <trkpt lat="36.12058294202944" lon="120.37458650619266">
        <ele>48.8</ele>
        <time>2026-07-31T23:04:21Z</time>
        <extensions>
          <gpxtpx:TrackPointExtension>
            <gpxtpx:hr>130</gpxtpx:hr>
          </gpxtpx:TrackPointExtension>
        </extensions>
      </trkpt>
      <trkpt lat="36.12058595886829" lon="120.37456751555776">
        <ele>48.2</ele>
        <time>2026-07-31T23:04:22Z</time>
        <extensions>
          <gpxtpx:TrackPointExtension>
            <gpxtpx:hr>131</gpxtpx:hr>
          </gpxtpx:TrackPointExtension>
        </extensions>
      </trkpt>
      <trkpt lat="36.12061599162985" lon="120.37452453438522">
        <ele>48.2</ele>
        <time>2026-07-31T23:04:24Z</time>
        <extensions>
          <gpxtpx:TrackPointExtension>
            <gpxtpx:hr>131</gpxtpx:hr>
          </gpxtpx:TrackPointExtension>
        </extensions>
      </trkpt>
      <trkpt lat="36.1206379920655" lon="120.37451853515797">
        <ele>48.2</ele>
        <time>2026-07-31T23:04:25Z</time>
        <extensions>
          <gpxtpx:TrackPointExtension>
            <gpxtpx:hr>131</gpxtpx:hr>
          </gpxtpx:TrackPointExtension>
        </extensions>
      </trkpt>
      <trkpt lat="36.12065598973139" lon="120.37451653430178">
        <ele>48.2</ele>
        <time>2026-07-31T23:04:26Z</time>
        <extensions>
          <gpxtpx:TrackPointExtension>
            <gpxtpx:hr>131</gpxtpx:hr>
          </gpxtpx:TrackPointExtension>
        </extensions>
      </trkpt>
      <trkpt lat="36.120671986011956" lon="120.37451653263061">
        <ele>48.2</ele>
        <time>2026-07-31T23:04:27Z</time>
        <extensions>
          <gpxtpx:TrackPointExtension>
            <gpxtpx:hr>133</gpxtpx:hr>
          </gpxtpx:TrackPointExtension>
        </extensions>
      </trkpt>
      <trkpt lat="36.1210869682895" lon="120.37443153295753">
        <ele>48.4</ele>
        <time>2026-07-31T23:06:03Z</time>
        <extensions>
          <gpxtpx:TrackPointExtension>
            <gpxtpx:hr>141</gpxtpx:hr>
          </gpxtpx:TrackPointExtension>
        </extensions>
      </trkpt>
      <trkpt lat="36.1210869682895" lon="120.37443153295753">
        <ele>48.4</ele>
        <time>2026-07-31T23:06:04Z</time>
        <extensions>
          <gpxtpx:TrackPointExtension>
            <gpxtpx:hr>141</gpxtpx:hr>
          </gpxtpx:TrackPointExtension>
        </extensions>
      </trkpt>
      <trkpt lat="36.12127094499894" lon="120.37441052457626">
        <ele>48.4</ele>
        <time>2026-07-31T23:06:05Z</time>
        <extensions>
          <gpxtpx:TrackPointExtension>
            <gpxtpx:hr>141</gpxtpx:hr>
          </gpxtpx:TrackPointExtension>
        </extensions>
      </trkpt>
      <trkpt lat="36.121296961257" lon="120.37438653426943">
        <ele>48.4</ele>
        <time>2026-07-31T23:06:06Z</time>
        <extensions>
          <gpxtpx:TrackPointExtension>
            <gpxtpx:hr>141</gpxtpx:hr>
          </gpxtpx:TrackPointExtension>
        </extensions>
      </trkpt>
      <trkpt lat="36.12118791326426" lon="120.37446550490156">
        <ele>48.4</ele>
        <time>2026-07-31T23:06:07Z</time>
        <extensions>
          <gpxtpx:TrackPointExtension>
            <gpxtpx:hr>141</gpxtpx:hr>
          </gpxtpx:TrackPointExtension>
        </extensions>
      </trkpt>
      <trkpt lat="36.12114687927118" lon="120.37451248506531">
        <ele>48.4</ele>
        <time>2026-07-31T23:06:08Z</time>
        <extensions>
          <gpxtpx:TrackPointExtension>
            <gpxtpx:hr>141</gpxtpx:hr>
          </gpxtpx:TrackPointExtension>
        </extensions>
      </trkpt>
      <trkpt lat="36.121130859871236" lon="120.37453747394596">
        <ele>48.4</ele>
        <time>2026-07-31T23:06:09Z</time>
        <extensions>
          <gpxtpx:TrackPointExtension>
            <gpxtpx:hr>141</gpxtpx:hr>
          </gpxtpx:TrackPointExtension>
        </extensions>
      </trkpt>
      <trkpt lat="36.121140817830685" lon="120.37458045096429">
        <ele>48.4</ele>
        <time>2026-07-31T23:06:10Z</time>
        <extensions>
          <gpxtpx:TrackPointExtension>
            <gpxtpx:hr>141</gpxtpx:hr>
          </gpxtpx:TrackPointExtension>
        </extensions>
      </trkpt>
      <trkpt lat="36.119610619813194" lon="120.37410185970224">
        <ele>48.4</ele>
        <time>2026-07-31T23:06:11Z</time>
        <extensions>
          <gpxtpx:TrackPointExtension>
            <gpxtpx:hr>141</gpxtpx:hr>
          </gpxtpx:TrackPointExtension>
        </extensions>
      </trkpt>
      <trkpt lat="36.1196343254822" lon="120.37441069555584">
        <ele>48.4</ele>
        <time>2026-07-31T23:06:12Z</time>
        <extensions>
          <gpxtpx:TrackPointExtension>
            <gpxtpx:hr>141</gpxtpx:hr>
          </gpxtpx:TrackPointExtension>
        </extensions>
      </trkpt>
      <trkpt lat="36.12107573900461" lon="120.37468240603367">
        <ele>48.4</ele>
        <time>2026-07-31T23:06:13Z</time>
        <extensions>
          <gpxtpx:TrackPointExtension>
            <gpxtpx:hr>141</gpxtpx:hr>
          </gpxtpx:TrackPointExtension>
        </extensions>
      </trkpt>
      <trkpt lat="36.12104672737223" lon="120.37470239897395">
        <ele>48.4</ele>
        <time>2026-07-31T23:06:14Z</time>
        <extensions>
          <gpxtpx:TrackPointExtension>
            <gpxtpx:hr>141</gpxtpx:hr>
          </gpxtpx:TrackPointExtension>
        </extensions>
      </trkpt>
      <trkpt lat="36.121030696218234" lon="120.37474038152375">
        <ele>48.4</ele>
        <time>2026-07-31T23:06:15Z</time>
      </trkpt>
      <trkpt lat="36.121027657515405" lon="120.37478336027449">
        <ele>48.4</ele>
        <time>2026-07-31T23:06:16Z</time>
      </trkpt>
      <trkpt lat="36.121025607681894" lon="120.37483833301916">
        <ele>48.4</ele>
        <time>2026-07-31T23:06:17Z</time>
      </trkpt>
      <trkpt lat="36.121013560282954" lon="120.37489330693847">
        <ele>48.4</ele>
        <time>2026-07-31T23:06:18Z</time>
      </trkpt>
      <trkpt lat="36.12101151521632" lon="120.37494328241118">
        <ele>48.4</ele>
        <time>2026-07-31T23:06:19Z</time>
      </trkpt>
      <trkpt lat="36.12100948477148" lon="120.37497726586098">
        <ele>48.4</ele>
        <time>2026-07-31T23:06:20Z</time>
      </trkpt>
      <trkpt lat="36.1210104700076" lon="120.37499325788713">
        <ele>48.4</ele>
        <time>2026-07-31T23:06:21Z</time>
      </trkpt>
      <trkpt lat="36.121016457719996" lon="120.3750052513656">
        <ele>48.4</ele>
        <time>2026-07-31T23:06:22Z</time>
      </trkpt>
      <trkpt lat="36.12101446181529" lon="120.37500125353874">
        <ele>48.4</ele>
        <time>2026-07-31T23:06:23Z</time>
      </trkpt>
      <trkpt lat="36.121007452554025" lon="120.37501324837925">
        <ele>48.4</ele>
        <time>2026-07-31T23:06:24Z</time>
      </trkpt>
      <trkpt lat="36.12099843741658" lon="120.37503224000514">
        <ele>48.4</ele>
        <time>2026-07-31T23:06:25Z</time>
      </trkpt>
      <trkpt lat="36.120984423454814" lon="120.37505123216886">
        <ele>48.4</ele>
        <time>2026-07-31T23:06:26Z</time>
      </trkpt>
      <trkpt lat="36.120972406325826" lon="120.37507322267494">
        <ele>48.4</ele>
        <time>2026-07-31T23:06:27Z</time>
      </trkpt>
      <trkpt lat="36.120962385132714" lon="120.37509921104497">
        <ele>48.4</ele>
        <time>2026-07-31T23:06:28Z</time>
      </trkpt>
      <trkpt lat="36.12095436801519" lon="120.37512020166481">
        <ele>48.4</ele>
        <time>2026-07-31T23:06:29Z</time>
      </trkpt>
      <trkpt lat="36.12094535295136" lon="120.37513919337846">
        <ele>48.4</ele>
        <time>2026-07-31T23:06:30Z</time>
      </trkpt>
      <trkpt lat="36.1209353372312" lon="120.37515918472779">
        <ele>48.4</ele>
        <time>2026-07-31T23:06:31Z</time>
      </trkpt>
      <trkpt lat="36.1209153175433" lon="120.37518617375576">
        <ele>48.4</ele>
        <time>2026-07-31T23:06:32Z</time>
      </trkpt>
      <trkpt lat="36.120885298407046" lon="120.3752151628959">
        <ele>48.4</ele>
        <time>2026-07-31T23:06:33Z</time>
      </trkpt>
      <trkpt lat="36.12086228126923" lon="120.37524015326419">
        <ele>48.4</ele>
        <time>2026-07-31T23:06:34Z</time>
      </trkpt>
      <trkpt lat="36.12084525737137" lon="120.3752711401551">
        <ele>48.4</ele>
        <time>2026-07-31T23:06:35Z</time>
      </trkpt>
      <trkpt lat="36.120846228426764" lon="120.3753031247293">
        <ele>48.4</ele>
        <time>2026-07-31T23:06:36Z</time>
      </trkpt>
      <trkpt lat="36.12085020240421" lon="120.37533111094166">
        <ele>48.4</ele>
        <time>2026-07-31T23:06:37Z</time>
      </trkpt>
      <trkpt lat="36.12084618363864" lon="120.37535310087843">
        <ele>48.4</ele>
        <time>2026-07-31T23:06:38Z</time>
      </trkpt>
      <trkpt lat="36.12084716551635" lon="120.37537309126395">
        <ele>48.4</ele>
        <time>2026-07-31T23:06:39Z</time>
      </trkpt>
      <trkpt lat="36.12085413886762" lon="120.37540107724784">
        <ele>48.4</ele>
        <time>2026-07-31T23:06:40Z</time>
      </trkpt>
      <trkpt lat="36.120860113372025" lon="120.37542806384285">
        <ele>48.4</ele>
        <time>2026-07-31T23:06:41Z</time>
      </trkpt>
      <trkpt lat="36.120868092785464" lon="120.3754490530904">
        <ele>48.4</ele>
        <time>2026-07-31T23:06:42Z</time>
      </trkpt>
      <trkpt lat="36.12087807264056" lon="120.37546904261905">
        <ele>48.4</ele>
        <time>2026-07-31T23:06:43Z</time>
      </trkpt>
      <trkpt lat="36.12088904871839" lon="120.37549303018079">
        <ele>48.4</ele>
        <time>2026-07-31T23:06:44Z</time>
      </trkpt>
      <trkpt lat="36.1209010281405" lon="120.37551301953872">
        <ele>48.4</ele>
        <time>2026-07-31T23:06:45Z</time>
      </trkpt>
      <trkpt lat="36.12091600776797" lon="120.37553200906878">
        <ele>48.4</ele>
        <time>2026-07-31T23:06:46Z</time>
      </trkpt>
      <trkpt lat="36.12093399647724" lon="120.37554000344457">
        <ele>48.4</ele>
        <time>2026-07-31T23:06:47Z</time>
      </trkpt>
      <trkpt lat="36.120960996416486" lon="120.37553300390006">
        <ele>48.4</ele>
        <time>2026-07-31T23:06:48Z</time>
      </trkpt>
      <trkpt lat="36.1209779835825" lon="120.37554299744517">
        <ele>48.4</ele>
        <time>2026-07-31T23:06:49Z</time>
      </trkpt>
      <trkpt lat="36.12099297210474" lon="120.37555199167083">
        <ele>48.4</ele>
        <time>2026-07-31T23:06:50Z</time>
      </trkpt>
      <trkpt lat="36.12101196324918" lon="120.37555698735017">
        <ele>48.4</ele>
        <time>2026-07-31T23:06:51Z</time>
      </trkpt>
      <trkpt lat="36.12102796396628" lon="120.3755519880148">
        <ele>48.4</ele>
        <time>2026-07-31T23:06:52Z</time>
      </trkpt>
      <trkpt lat="36.12106994443839" lon="120.37556297848988">
        <ele>48.4</ele>
        <time>2026-07-31T23:06:54Z</time>
      </trkpt>
      <trkpt lat="36.12108395360724" lon="120.37554898356727">
        <ele>48.4</ele>
        <time>2026-07-31T23:06:55Z</time>
      </trkpt>
      <trkpt lat="36.12109895722197" lon="120.37554098574127">
        <ele>48.4</ele>
        <time>2026-07-31T23:06:56Z</time>
      </trkpt>
      <trkpt lat="36.12111295130249" lon="120.3755439828757">
        <ele>48.4</ele>
        <time>2026-07-31T23:06:57Z</time>
      </trkpt>
      <trkpt lat="36.12112296674221" lon="120.37552399119284">
        <ele>48.4</ele>
        <time>2026-07-31T23:06:58Z</time>
      </trkpt>
      <trkpt lat="36.121127985138045" lon="120.37550200098849">
        <ele>48.4</ele>
        <time>2026-07-31T23:06:59Z</time>
      </trkpt>
      <trkpt lat="36.12112500452169" lon="120.3754810111704">
        <ele>48.4</ele>
        <time>2026-07-31T23:07:00Z</time>
      </trkpt>
      <trkpt lat="36.121121023263015" lon="120.37546102100464">
        <ele>48.4</ele>
        <time>2026-07-31T23:07:01Z</time>
      </trkpt>
      <trkpt lat="36.12111404004177" lon="120.37544402975344">
        <ele>48.4</ele>
        <time>2026-07-31T23:07:02Z</time>
      </trkpt>
      <trkpt lat="36.12110804678694" lon="120.3754380332129">
        <ele>48.4</ele>
        <time>2026-07-31T23:07:03Z</time>
      </trkpt>
      <trkpt lat="36.12109705826433" lon="120.37542803908661">
        <ele>48.4</ele>
        <time>2026-07-31T23:07:04Z</time>
      </trkpt>
      <trkpt lat="36.1210850708704" lon="120.37541704554226">
        <ele>48.4</ele>
        <time>2026-07-31T23:07:05Z</time>
      </trkpt>
      <trkpt lat="36.12106808196493" lon="120.37540905110473">
        <ele>48.4</ele>
        <time>2026-07-31T23:07:06Z</time>
      </trkpt>
      <trkpt lat="36.12105309170357" lon="120.3754020559872">
        <ele>48.4</ele>
        <time>2026-07-31T23:07:07Z</time>
      </trkpt>
      <trkpt lat="36.12104310385489" lon="120.37539106224632">
        <ele>48.4</ele>
        <time>2026-07-31T23:07:08Z</time>
      </trkpt>
      <trkpt lat="36.12102411542192" lon="120.37538306802671">
        <ele>48.4</ele>
        <time>2026-07-31T23:07:09Z</time>
      </trkpt>
      <trkpt lat="36.121018124862424" lon="120.37537407292692">
        <ele>48.4</ele>
        <time>2026-07-31T23:07:10Z</time>
      </trkpt>
      <trkpt lat="36.120999143590524" lon="120.37535808251754">
        <ele>48.4</ele>
        <time>2026-07-31T23:07:12Z</time>
      </trkpt>
      <trkpt lat="36.12099916149123" lon="120.3753380920406">
        <ele>48.4</ele>
        <time>2026-07-31T23:07:13Z</time>
      </trkpt>
      <trkpt lat="36.12099717807936" lon="120.37532010083505">
        <ele>48.4</ele>
        <time>2026-07-31T23:07:14Z</time>
      </trkpt>
      <trkpt lat="36.12100618674189" lon="120.37530810562644">
        <ele>48.4</ele>
        <time>2026-07-31T23:07:15Z</time>
      </trkpt>
      <trkpt lat="36.12101319856563" lon="120.37529311206839">
        <ele>48.4</ele>
        <time>2026-07-31T23:07:16Z</time>
      </trkpt>
      <trkpt lat="36.12102121106262" lon="120.37527711889483">
        <ele>48.4</ele>
        <time>2026-07-31T23:07:17Z</time>
      </trkpt>
      <trkpt lat="36.12102822380144" lon="120.3752611258368">
        <ele>48.4</ele>
        <time>2026-07-31T23:07:18Z</time>
      </trkpt>
      <trkpt lat="36.121035238347176" lon="120.37524313375116">
        <ele>48.4</ele>
        <time>2026-07-31T23:07:19Z</time>
      </trkpt>
      <trkpt lat="36.12098829246274" lon="120.37519516178385">
        <ele>48.4</ele>
        <time>2026-07-31T23:07:20Z</time>
      </trkpt>
      <trkpt lat="36.120993308417994" lon="120.37517617044207">
        <ele>48.4</ele>
        <time>2026-07-31T23:07:21Z</time>
      </trkpt>
      <trkpt lat="36.12100434194067" lon="120.3751361886714">
        <ele>48.4</ele>
        <time>2026-07-31T23:07:22Z</time>
      </trkpt>
      <trkpt lat="36.121010370355584" lon="120.37510320408383">
        <ele>48.4</ele>
        <time>2026-07-31T23:07:23Z</time>
      </trkpt>
      <trkpt lat="36.12102140398414" lon="120.37506322243927">
        <ele>48.4</ele>
        <time>2026-07-31T23:07:24Z</time>
      </trkpt>
      <trkpt lat="36.121024435903855" lon="120.37502723973893">
        <ele>48.4</ele>
        <time>2026-07-31T23:07:25Z</time>
      </trkpt>
      <trkpt lat="36.12102645993259" lon="120.37500025277647">
        <ele>48.4</ele>
        <time>2026-07-31T23:07:26Z</time>
      </trkpt>
      <trkpt lat="36.12101649313946" lon="120.37496627054642">
        <ele>48.4</ele>
        <time>2026-07-31T23:07:27Z</time>
      </trkpt>
      <trkpt lat="36.12101251589353" lon="120.3749422828004">
        <ele>48.4</ele>
        <time>2026-07-31T23:07:28Z</time>
      </trkpt>
      <trkpt lat="36.12099552075626" lon="120.37494128506981">
        <ele>48.4</ele>
        <time>2026-07-31T23:07:30Z</time>
      </trkpt>
      <trkpt lat="36.12099651142752" lon="120.37495128003017">
        <ele>48.4</ele>
        <time>2026-07-31T23:07:31Z</time>
      </trkpt>
      <trkpt lat="36.121001497536284" lon="120.3749652726059">
        <ele>48.4</ele>
        <time>2026-07-31T23:07:32Z</time>
      </trkpt>
      <trkpt lat="36.121001481181345" lon="120.37498326374428">
        <ele>48.4</ele>
        <time>2026-07-31T23:07:33Z</time>
      </trkpt>
      <trkpt lat="36.120999464395574" lon="120.37500225461442">
        <ele>48.4</ele>
        <time>2026-07-31T23:07:34Z</time>
      </trkpt>
      <trkpt lat="36.12099645057628" lon="120.37501824707562">
        <ele>48.4</ele>
        <time>2026-07-31T23:07:35Z</time>
      </trkpt>
      <trkpt lat="36.12099543267576" lon="120.37503823738041">
        <ele>48.4</ele>
        <time>2026-07-31T23:07:36Z</time>
      </trkpt>
      <trkpt lat="36.12099141458176" lon="120.37505922752713">
        <ele>48.4</ele>
        <time>2026-07-31T23:07:37Z</time>
      </trkpt>
      <trkpt lat="36.12098439086882" lon="120.37508721459312">
        <ele>48.4</ele>
        <time>2026-07-31T23:07:38Z</time>
      </trkpt>
      <trkpt lat="36.120978372373415" lon="120.37510920450666">
        <ele>48.4</ele>
        <time>2026-07-31T23:07:39Z</time>
      </trkpt>
      <trkpt lat="36.12096935639903" lon="120.37512919572563">
        <ele>48.4</ele>
        <time>2026-07-31T23:07:40Z</time>
      </trkpt>
      <trkpt lat="36.120964333194095" lon="120.37515618315179">
        <ele>48.4</ele>
        <time>2026-07-31T23:07:41Z</time>
      </trkpt>
      <trkpt lat="36.1209633054817" lon="120.37518716825879">
        <ele>48.4</ele>
        <time>2026-07-31T23:07:42Z</time>
      </trkpt>
      <trkpt lat="36.120948281059434" lon="120.37521815486973">
        <ele>48.4</ele>
        <time>2026-07-31T23:07:43Z</time>
      </trkpt>
      <trkpt lat="36.12094125391331" lon="120.37525014020615">
        <ele>48.4</ele>
        <time>2026-07-31T23:07:44Z</time>
      </trkpt>
      <trkpt lat="36.12094925025606" lon="120.3752521384098">
        <ele>48.4</ele>
        <time>2026-07-31T23:07:45Z</time>
      </trkpt>
      <trkpt lat="36.12095325831306" lon="120.37524214279722">
        <ele>48.4</ele>
        <time>2026-07-31T23:07:46Z</time>
      </trkpt>
      <trkpt lat="36.120966300280166" lon="120.37519216553038">
        <ele>48.4</ele>
        <time>2026-07-31T23:07:47Z</time>
      </trkpt>
    </trkseg>
  </trk>
</gpx>